estado,municipio,cp,asentamiento,tipo
"Ciudad de México","Álvaro Obregón",01000,"San Ángel",Colonia
"Ciudad de México","Álvaro Obregón",01010,"Los Alpes",Colonia
"Ciudad de México","Álvaro Obregón",01020,"Guadalupe Inn",Colonia
"Ciudad de México","Álvaro Obregón",01029,INFONAVIT,"Gran usuario"
"Ciudad de México","Álvaro Obregón",01030,Axotla,Pueblo
"Ciudad de México","Álvaro Obregón",01030,Florida,Colonia
"Ciudad de México","Álvaro Obregón",01040,Campestre,Colonia
"Ciudad de México","Álvaro Obregón",01048,"Las Águilas","Unidad habitacional"
"Ciudad de México","Álvaro Obregón",01049,Tlacopac,Pueblo
"Ciudad de México","Álvaro Obregón",01050,"Ex-Hacienda de Guadalupe Chimalistac",Colonia
"Ciudad de México","Álvaro Obregón",01060,Altavista,Colonia
"Ciudad de México","Álvaro Obregón",01060,"San Ángel Inn",Colonia
"Ciudad de México","Álvaro Obregón",01070,Chimalistac,Colonia
"Ciudad de México","Álvaro Obregón",01080,"Progreso Tizapan",Colonia
"Ciudad de México","Álvaro Obregón",01089,"Ermita Tizapan",Colonia
"Ciudad de México","Álvaro Obregón",01090,"La Otra Banda",Barrio
"Ciudad de México","Álvaro Obregón",01090,Loreto,Barrio
"Ciudad de México","Álvaro Obregón",01090,Tizapan,Pueblo
"Ciudad de México","Álvaro Obregón",01100,"Lomas de Santo Domingo","Unidad habitacional"
"Ciudad de México","Álvaro Obregón",01100,Pólvora,Colonia
"Ciudad de México","Álvaro Obregón",01109,"La Conchita",Colonia
"Ciudad de México","Álvaro Obregón",01110,"Ampliación El Capulín",Colonia
"Ciudad de México","Álvaro Obregón",01110,"Belém de las Flores",Colonia
"Ciudad de México","Álvaro Obregón",01110,"El Capulín",Colonia
"Ciudad de México","Álvaro Obregón",01110,"Liberales de 1857",Colonia
"Ciudad de México","Álvaro Obregón",01120,Acueducto,Colonia
"Ciudad de México","Álvaro Obregón",01120,Cove,Colonia
"Ciudad de México","Álvaro Obregón",01120,Hidalgo,Colonia
"Ciudad de México","Álvaro Obregón",01120,"Las Américas",Colonia
"Ciudad de México","Álvaro Obregón",01120,"Sears Roebuck","Unidad habitacional"
"Ciudad de México","Álvaro Obregón",01125,"Ampliación Acueducto",Colonia
"Ciudad de México","Álvaro Obregón",01130,"Molino de Santo Domingo",Colonia
"Ciudad de México","Álvaro Obregón",01130,"Molino de Santo Domingo","Unidad habitacional"
"Ciudad de México","Álvaro Obregón",01130,Paraíso,Colonia
"Ciudad de México","Álvaro Obregón",01130,"Real del Monte",Colonia
"Ciudad de México","Álvaro Obregón",01139,"Reacomodo Pino Suárez",Colonia
"Ciudad de México","Álvaro Obregón",01140,Bellavista,Colonia
"Ciudad de México","Álvaro Obregón",01140,"José Maria Pino Suárez",Colonia
"Ciudad de México","Álvaro Obregón",01150,"Cristo Rey",Colonia
"Ciudad de México","Álvaro Obregón",01150,Tolteca,Colonia
"Ciudad de México","Álvaro Obregón",01159,"Delegación Política Álvaro Obregón","Gran usuario"
"Ciudad de México","Álvaro Obregón",01160,"1a Victoria",Colonia
"Ciudad de México","Álvaro Obregón",01160,Bosque,Colonia
"Ciudad de México","Álvaro Obregón",01160,"Isidro Fabela",Colonia
"Ciudad de México","Álvaro Obregón",01160,"Maria G. de García Ruiz",Colonia
"Ciudad de México","Álvaro Obregón",01170,"Abraham M. González",Colonia
"Ciudad de México","Álvaro Obregón",01170,"Santa Fe IMSS","Unidad habitacional"
"Ciudad de México","Álvaro Obregón",01180,"8 de Agosto",Colonia
"Ciudad de México","Álvaro Obregón",01180,Carola,Colonia
"Ciudad de México","Álvaro Obregón",01180,"San Pedro de los Pinos",Colonia
"Ciudad de México","Álvaro Obregón",01184,"Nelli Campo Bello","Unidad habitacional"
"Ciudad de México","Álvaro Obregón",01200,"Arturo Martínez",Colonia
"Ciudad de México","Álvaro Obregón",01210,"Santa Fe",Pueblo
"Ciudad de México","Álvaro Obregón",01219,"Lomas de Santa Fe",Colonia
"Ciudad de México","Álvaro Obregón",01220,Bonanza,Colonia
"Ciudad de México","Álvaro Obregón",01220,Cuevitas,Colonia
"Ciudad de México","Álvaro Obregón",01220,"El Cuernito",Colonia
"Ciudad de México","Álvaro Obregón",01220,"La Estrella",Colonia
"Ciudad de México","Álvaro Obregón",01220,"Mártires de Tacubaya",Colonia
"Ciudad de México","Álvaro Obregón",01220,"Zenón Delgado",Colonia
"Ciudad de México","Álvaro Obregón",01230,"Campo de Tiro los Gamitos",Colonia
"Ciudad de México","Álvaro Obregón",01230,"El Piru 2a Ampliación",Colonia
"Ciudad de México","Álvaro Obregón",01230,"El Piru Santa Fe",Colonia
"Ciudad de México","Álvaro Obregón",01230,"Los Gamitos",Colonia
"Ciudad de México","Álvaro Obregón",01230,Tlapechico,Colonia
"Ciudad de México","Álvaro Obregón",01239,"La Huerta",Colonia
"Ciudad de México","Álvaro Obregón",01240,"Pueblo Nuevo",Colonia
"Ciudad de México","Álvaro Obregón",01250,"El Árbol",Colonia
"Ciudad de México","Álvaro Obregón",01250,Ladera,Colonia
"Ciudad de México","Álvaro Obregón",01250,"Lomas de Nuevo México",Colonia
"Ciudad de México","Álvaro Obregón",01250,"Margarita Maza de Juárez",Colonia
"Ciudad de México","Álvaro Obregón",01250,Tecolalco,Colonia
"Ciudad de México","Álvaro Obregón",01259,"Ampliación La Cebada",Colonia
"Ciudad de México","Álvaro Obregón",01259,"La Mexicana 2a Ampliación",Colonia
"Ciudad de México","Álvaro Obregón",01260,"Ampliación La Mexicana",Colonia
"Ciudad de México","Álvaro Obregón",01260,"Calzada Jalalpa",Colonia
"Ciudad de México","Álvaro Obregón",01260,"La Mexicana",Colonia
"Ciudad de México","Álvaro Obregón",01260,"La Palmita",Colonia
"Ciudad de México","Álvaro Obregón",01260,"Liberación Proletaria",Colonia
"Ciudad de México","Álvaro Obregón",01269,"1a Sección Cañada",Colonia
"Ciudad de México","Álvaro Obregón",01269,"2a Sección Cañada",Colonia
"Ciudad de México","Álvaro Obregón",01270,"El Tejocote",Colonia
"Ciudad de México","Álvaro Obregón",01270,Golondrinas,Colonia
"Ciudad de México","Álvaro Obregón",01270,"Golondrinas 1a Sección",Colonia
"Ciudad de México","Álvaro Obregón",01270,"Golondrinas 2a Sección",Colonia
"Ciudad de México","Álvaro Obregón",01270,"La Presa",Colonia
"Ciudad de México","Álvaro Obregón",01270,"Lomas de Capula",Colonia
"Ciudad de México","Álvaro Obregón",01275,"Villa Solidaridad",Colonia
"Ciudad de México","Álvaro Obregón",01276,"El Pirul",Colonia
"Ciudad de México","Álvaro Obregón",01278,"Desarrollo Urbano",Colonia
"Ciudad de México","Álvaro Obregón",01279,"Lomas de Becerra",Colonia
"Ciudad de México","Álvaro Obregón",01280,Arvide,Colonia
"Ciudad de México","Álvaro Obregón",01280,"El Pocito",Colonia
"Ciudad de México","Álvaro Obregón",01280,"Francisco Villa",Colonia
"Ciudad de México","Álvaro Obregón",01280,"La Joya",Colonia
"Ciudad de México","Álvaro Obregón",01280,"Lomas de Becerra","Unidad habitacional"
"Ciudad de México","Álvaro Obregón",01285,"El Rodeo",Colonia
"Ciudad de México","Álvaro Obregón",01289,"Reacomodo El Cuernito",Colonia
"Ciudad de México","Álvaro Obregón",01290,"Piloto Adolfo López Mateos",Colonia
"Ciudad de México","Álvaro Obregón",01290,Presidentes,Colonia
"Ciudad de México","Álvaro Obregón",01296,"Ampliación Jalalpa",Colonia
"Ciudad de México","Álvaro Obregón",01296,"Jalalpa Tepito",Colonia
"Ciudad de México","Álvaro Obregón",01296,"Jalalpa Tepito 2a Ampliación",Colonia
"Ciudad de México","Álvaro Obregón",01298,"Ampliación Piloto Adolfo López Mateos",Colonia
"Ciudad de México","Álvaro Obregón",01299,"1a Ampliación Presidentes",Colonia
"Ciudad de México","Álvaro Obregón",01299,"2a Ampliación Presidentes",Colonia
"Ciudad de México","Álvaro Obregón",01310,"San Gabriel",Colonia
"Ciudad de México","Álvaro Obregón",01320,"Carlos A. Madrazo",Colonia
"Ciudad de México","Álvaro Obregón",01330,"Paseo de las Lomas",Colonia
"Ciudad de México","Álvaro Obregón",01340,"Bejero del Pueblo Santa Fe",Colonia
"Ciudad de México","Álvaro Obregón",01376,"Santa Fe",Colonia
"Ciudad de México","Álvaro Obregón",01376,"Santa Fe Centro Ciudad",Colonia
"Ciudad de México","Álvaro Obregón",01376,"Santa Fe La Loma",Colonia
"Ciudad de México","Álvaro Obregón",01376,"Santa Fe Peña Blanca",Colonia
"Ciudad de México","Álvaro Obregón",01377,"Jalalpa El Grande",Colonia
"Ciudad de México","Álvaro Obregón",01379,"Antonio Carrillo Flores","Unidad habitacional"
"Ciudad de México","Álvaro Obregón",01389,"Santa Fe Tlayapaca",Colonia
"Ciudad de México","Álvaro Obregón",01400,"Olivar del Conde 1a Sección",Colonia
"Ciudad de México","Álvaro Obregón",01400,Preconcreto,Colonia
"Ciudad de México","Álvaro Obregón",01407,Galeana,Colonia
"Ciudad de México","Álvaro Obregón",01408,"Olivar del Conde 2a Sección",Colonia
"Ciudad de México","Álvaro Obregón",01410,"Barrio Norte",Colonia
"Ciudad de México","Álvaro Obregón",01410,Palmas,Colonia
"Ciudad de México","Álvaro Obregón",01419,"Minas Cristo Rey",Colonia
"Ciudad de México","Álvaro Obregón",01420,Sacramento,Colonia
"Ciudad de México","Álvaro Obregón",01420,"Santa María Nonoalco",Barrio
"Ciudad de México","Álvaro Obregón",01430,"Colina del Sur",Colonia
"Ciudad de México","Álvaro Obregón",01440,Abeto,Condominio
"Ciudad de México","Álvaro Obregón",01450,"Batallón de San Patricio","Unidad habitacional"
"Ciudad de México","Álvaro Obregón",01450,"Cañada del Olivar","Unidad habitacional"
"Ciudad de México","Álvaro Obregón",01450,"Hogar y Redención",Colonia
"Ciudad de México","Álvaro Obregón",01450,"Unidad Popular Emiliano Zapata","Unidad habitacional"
"Ciudad de México","Álvaro Obregón",01460,"Alfonso XIII",Colonia
"Ciudad de México","Álvaro Obregón",01470,Alfalfar,Barrio
"Ciudad de México","Álvaro Obregón",01470,"Molino de Rosas",Colonia
"Ciudad de México","Álvaro Obregón",01480,"Lomas de Plateros",Colonia
"Ciudad de México","Álvaro Obregón",01490,"La Cascada",Colonia
"Ciudad de México","Álvaro Obregón",01490,"Torres de Mixcoac","Unidad habitacional"
"Ciudad de México","Álvaro Obregón",01500,"Miguel Gaona Armenta",Colonia
"Ciudad de México","Álvaro Obregón",01500,"Santa Lucía",Pueblo
"Ciudad de México","Álvaro Obregón",01509,"Santa Lucía Chantepec",Pueblo
"Ciudad de México","Álvaro Obregón",01510,Garcimarrero,Colonia
"Ciudad de México","Álvaro Obregón",01510,"La Araña",Colonia
"Ciudad de México","Álvaro Obregón",01510,"Los Cedros",Colonia
"Ciudad de México","Álvaro Obregón",01520,"Ampliación Estado de Hidalgo",Colonia
"Ciudad de México","Álvaro Obregón",01520,"Ampliación Los Pirules",Colonia
"Ciudad de México","Álvaro Obregón",01520,"El Politoco",Colonia
"Ciudad de México","Álvaro Obregón",01520,"Estado de Hidalgo",Colonia
"Ciudad de México","Álvaro Obregón",01520,"Piru Santa Lucía",Colonia
"Ciudad de México","Álvaro Obregón",01530,"Corpus Christy",Colonia
"Ciudad de México","Álvaro Obregón",01537,Universal,"Unidad habitacional"
"Ciudad de México","Álvaro Obregón",01538,Tepopotla,Colonia
"Ciudad de México","Álvaro Obregón",01539,Acuilotla,Colonia
"Ciudad de México","Álvaro Obregón",01539,"Cooperativa Unión Olivos",Colonia
"Ciudad de México","Álvaro Obregón",01540,"Balcones de Cehuayo",Colonia
"Ciudad de México","Álvaro Obregón",01540,Cehuaya,Colonia
"Ciudad de México","Álvaro Obregón",01540,"Llano Redondo",Colonia
"Ciudad de México","Álvaro Obregón",01540,Providencia,Fraccionamiento
"Ciudad de México","Álvaro Obregón",01540,"Punta de Cehuaya",Colonia
"Ciudad de México","Álvaro Obregón",01548,"Villa Progresista",Colonia
"Ciudad de México","Álvaro Obregón",01549,"Dos Ríos del Pueblo Santa Lucía",Colonia
"Ciudad de México","Álvaro Obregón",01550,"Ampliación Tepeaca",Colonia
"Ciudad de México","Álvaro Obregón",01550,"Rinconada Las Cuevitas",Colonia
"Ciudad de México","Álvaro Obregón",01550,Tepeaca,Colonia
"Ciudad de México","Álvaro Obregón",01560,"Ave Real",Colonia
"Ciudad de México","Álvaro Obregón",01560,Canutillo,Colonia
"Ciudad de México","Álvaro Obregón",01560,"Canutillo 2a Sección",Colonia
"Ciudad de México","Álvaro Obregón",01560,"Canutillo 3a Sección",Colonia
"Ciudad de México","Álvaro Obregón",01566,Hueytlale,Colonia
"Ciudad de México","Álvaro Obregón",01567,Tepeaca,"Unidad habitacional"
"Ciudad de México","Álvaro Obregón",01569,"Reacomodo Valentín Gómez Farías",Colonia
"Ciudad de México","Álvaro Obregón",01580,"Bosques de Tarango",Fraccionamiento
"Ciudad de México","Álvaro Obregón",01580,"Rancho Casa Blanca",Fraccionamiento
"Ciudad de México","Álvaro Obregón",01585,"Las Haciendas",Fraccionamiento
"Ciudad de México","Álvaro Obregón",01586,"Real de Tarango",Fraccionamiento
"Ciudad de México","Álvaro Obregón",01587,"Misiones de Tarango",Fraccionamiento
"Ciudad de México","Álvaro Obregón",01588,Tarango,Colonia
"Ciudad de México","Álvaro Obregón",01589,"Lomas de Tarango Reacomodo",Fraccionamiento
"Ciudad de México","Álvaro Obregón",01590,"El Rincón",Colonia
"Ciudad de México","Álvaro Obregón",01600,"Merced Gómez",Colonia
"Ciudad de México","Álvaro Obregón",01600,"Sociedad Cooperativa Unión Poder Popular",Fraccionamiento
"Ciudad de México","Álvaro Obregón",01610,"Colinas de Tarango",Colonia
"Ciudad de México","Álvaro Obregón",01610,"Profesor J. Arturo López Martínez",Colonia
"Ciudad de México","Álvaro Obregón",01618,"Arcos Centenario",Colonia
"Ciudad de México","Álvaro Obregón",01618,"Ex-Hacienda de Tarango",Colonia
"Ciudad de México","Álvaro Obregón",01619,"La Martinica",Colonia
"Ciudad de México","Álvaro Obregón",01619,"Rinconada de Tarango",Colonia
"Ciudad de México","Álvaro Obregón",01620,"Lomas de Tarango",Colonia
"Ciudad de México","Álvaro Obregón",01630,"Belém de las Flores","Unidad habitacional"
"Ciudad de México","Álvaro Obregón",01630,"Lomas de Puerta Grande",Colonia
"Ciudad de México","Álvaro Obregón",01630,"Los Juristas",Colonia
"Ciudad de México","Álvaro Obregón",01630,"Puerta Grande",Colonia
"Ciudad de México","Álvaro Obregón",01640,"Herón Proal",Colonia
"Ciudad de México","Álvaro Obregón",01645,"Ponciano Arriaga",Colonia
"Ciudad de México","Álvaro Obregón",01650,"2o Reacomodo Tlacuitlapa",Colonia
"Ciudad de México","Álvaro Obregón",01650,"Ampliación Tlacuitlapa",Colonia
"Ciudad de México","Álvaro Obregón",01650,"El Ruedo",Colonia
"Ciudad de México","Álvaro Obregón",01650,"La Milagrosa",Colonia
"Ciudad de México","Álvaro Obregón",01650,"Palmas Axotitla",Colonia
"Ciudad de México","Álvaro Obregón",01650,"Santa Lucía Chantepec",Colonia
"Ciudad de México","Álvaro Obregón",01650,Tlacuitlapa,Colonia
"Ciudad de México","Álvaro Obregón",01700,"2a Del Moral del Pueblo de Tetelpan",Colonia
"Ciudad de México","Álvaro Obregón",01700,"La Joyita del Pueblo Tetelpan",Colonia
"Ciudad de México","Álvaro Obregón",01700,"Ocotillos del Pueblo Tetelpan",Colonia
"Ciudad de México","Álvaro Obregón",01700,"San Agustín del Pueblo Tetelpan",Colonia
"Ciudad de México","Álvaro Obregón",01700,"Tecalcapa del Pueblo Tetelpan",Colonia
"Ciudad de México","Álvaro Obregón",01700,Tetelpan,Pueblo
"Ciudad de México","Álvaro Obregón",01708,"El Encino del Pueblo Tetelpan",Colonia
"Ciudad de México","Álvaro Obregón",01708,"El Mirador del Pueblo Tetelpan",Colonia
"Ciudad de México","Álvaro Obregón",01710,"Ampliación Alpes",Colonia
"Ciudad de México","Álvaro Obregón",01710,"Las Águilas",Colonia
"Ciudad de México","Álvaro Obregón",01720,"Lomas de Guadalupe",Colonia
"Ciudad de México","Álvaro Obregón",01729,Alcantarilla,Colonia
"Ciudad de México","Álvaro Obregón",01730,"Lomas de las Águilas",Colonia
"Ciudad de México","Álvaro Obregón",01730,"Puente Colorado",Colonia
"Ciudad de México","Álvaro Obregón",01740,"La Peñita del Pueblo Tetelpan",Colonia
"Ciudad de México","Álvaro Obregón",01740,"San Clemente Norte",Colonia
"Ciudad de México","Álvaro Obregón",01740,"San Clemente Sur",Colonia
"Ciudad de México","Álvaro Obregón",01750,"Las Águilas 1a Sección",Colonia
"Ciudad de México","Álvaro Obregón",01750,"Las Águilas 2o Parque",Colonia
"Ciudad de México","Álvaro Obregón",01750,"Las Águilas 3er Parque",Colonia
"Ciudad de México","Álvaro Obregón",01759,"Ampliación Las Águilas",Colonia
"Ciudad de México","Álvaro Obregón",01760,Atlamaya,Colonia
"Ciudad de México","Álvaro Obregón",01760,"Flor de María",Colonia
"Ciudad de México","Álvaro Obregón",01760,"La Herradura del Pueblo Tetelpan",Colonia
"Ciudad de México","Álvaro Obregón",01770,"La Angostura",Colonia
"Ciudad de México","Álvaro Obregón",01770,"San José del Olivar",Colonia
"Ciudad de México","Álvaro Obregón",01780,"Olivar de los Padres",Colonia
"Ciudad de México","Álvaro Obregón",01780,"Tizampampano del Pueblo Tetelpan",Colonia
"Ciudad de México","Álvaro Obregón",01788,"El Olivarito","Conjunto habitaciona"
"Ciudad de México","Álvaro Obregón",01789,"Miguel Hidalgo",Colonia
"Ciudad de México","Álvaro Obregón",01790,"Lomas de los Ángeles del Pueblo Tetelpan",Colonia
"Ciudad de México","Álvaro Obregón",01790,"Lomas de San Ángel Inn",Colonia
"Ciudad de México","Álvaro Obregón",01800,"San Bartolo Ameyalco",Pueblo
"Ciudad de México","Álvaro Obregón",01807,"Rancho San Francisco Pueblo San Bartolo Ameyalco",Colonia
"Ciudad de México","Álvaro Obregón",01810,"Villa Verdún",Colonia
"Ciudad de México","Álvaro Obregón",01820,"Ejido San Mateo",Colonia
"Ciudad de México","Álvaro Obregón",01820,"Lomas Axomiatla",Colonia
"Ciudad de México","Álvaro Obregón",01830,"Santa Rosa Xochiac",Pueblo
"Ciudad de México","Álvaro Obregón",01840,"Torres de Potrero",Colonia
"Ciudad de México","Álvaro Obregón",01849,"Rancho del Carmen del Pueblo San Bartolo Ameyalco",Colonia
"Ciudad de México","Álvaro Obregón",01849,"Rincón de la Bolsa",Colonia
"Ciudad de México","Álvaro Obregón",01856,"Paraje del Caballito",Campamento
"Ciudad de México","Álvaro Obregón",01857,"Lomas de Chamontoya",Colonia
"Ciudad de México","Álvaro Obregón",01859,Tlacoyaque,Colonia
"Ciudad de México","Álvaro Obregón",01860,"Lomas de La Era",Colonia
"Ciudad de México","Álvaro Obregón",01863,"Lomas del Capulín",Campamento
"Ciudad de México","Álvaro Obregón",01870,"Lomas de los Cedros",Colonia
"Ciudad de México","Álvaro Obregón",01900,"Jardines del Pedregal",Colonia
"Ciudad de México","Álvaro Obregón",01904,"San Jerónimo Aculco",Colonia
"Ciudad de México","Álvaro Obregón",01940,"Rancho Anzaldo y Contreras",Fraccionamiento
"Ciudad de México","Álvaro Obregón",01990,Pedregal,Fraccionamiento
"Ciudad de México",Azcapotzalco,02000,"Centro de Azcapotzalco",Colonia
"Ciudad de México",Azcapotzalco,02008,"Delegación Política Azcapotzalco","Gran usuario"
"Ciudad de México",Azcapotzalco,02010,"Los Reyes",Barrio
"Ciudad de México",Azcapotzalco,02010,"Nuevo Barrio San Rafael",Barrio
"Ciudad de México",Azcapotzalco,02010,"San Rafael",Colonia
"Ciudad de México",Azcapotzalco,02020,"San Marcos",Barrio
"Ciudad de México",Azcapotzalco,02020,"Santo Tomás",Colonia
"Ciudad de México",Azcapotzalco,02040,"Del Maestro",Colonia
"Ciudad de México",Azcapotzalco,02040,"San Sebastián",Colonia
"Ciudad de México",Azcapotzalco,02050,Libertad,Colonia
"Ciudad de México",Azcapotzalco,02050,"Santa María Malinalco",Pueblo
"Ciudad de México",Azcapotzalco,02050,Wake,"Unidad habitacional"
"Ciudad de México",Azcapotzalco,02060,"Sindicato Mexicano de Electricistas",Colonia
"Ciudad de México",Azcapotzalco,02060,"Un Hogar Para Cada Trabajador",Colonia
"Ciudad de México",Azcapotzalco,02070,Azcapotzalco,"Unidad habitacional"
"Ciudad de México",Azcapotzalco,02070,"Del Recreo",Colonia
"Ciudad de México",Azcapotzalco,02070,Nextengo,Barrio
"Ciudad de México",Azcapotzalco,02070,Nextengo,"Unidad habitacional"
"Ciudad de México",Azcapotzalco,02070,Palestina,"Unidad habitacional"
"Ciudad de México",Azcapotzalco,02080,Clavería,Colonia
"Ciudad de México",Azcapotzalco,02080,"Sector Naval",Colonia
"Ciudad de México",Azcapotzalco,02090,"San Álvaro",Colonia
"Ciudad de México",Azcapotzalco,02099,"Ángel Zimbrón",Colonia
"Ciudad de México",Azcapotzalco,02100,"El Rosario",Colonia
"Ciudad de México",Azcapotzalco,02100,"Los Oyameles","Unidad habitacional"
"Ciudad de México",Azcapotzalco,02109,"CROC 6 Olimpia","Unidad habitacional"
"Ciudad de México",Azcapotzalco,02109,"Manuel Rivera Anaya CROC 1","Unidad habitacional"
"Ciudad de México",Azcapotzalco,02110,"Ecológica Novedades Impacto","Unidad habitacional"
"Ciudad de México",Azcapotzalco,02110,"San Pablo Xalpa","Unidad habitacional"
"Ciudad de México",Azcapotzalco,02120,"San Martín Xochinahuac",Pueblo
"Ciudad de México",Azcapotzalco,02125,"San Martín Xochinahuac","Unidad habitacional"
"Ciudad de México",Azcapotzalco,02128,"Nueva El Rosario",Colonia
"Ciudad de México",Azcapotzalco,02129,"Nueva España",Colonia
"Ciudad de México",Azcapotzalco,02130,"Tierra Nueva",Colonia
"Ciudad de México",Azcapotzalco,02140,"Santa Inés",Colonia
"Ciudad de México",Azcapotzalco,02150,"Azcapotzalco Pasteros","Unidad habitacional"
"Ciudad de México",Azcapotzalco,02150,Pasteros,Colonia
"Ciudad de México",Azcapotzalco,02160,"Santo Domingo",Pueblo
"Ciudad de México",Azcapotzalco,02169,"Villas de Azcapotzalco","Unidad habitacional"
"Ciudad de México",Azcapotzalco,02200,"Reynosa Tamaulipas",Colonia
"Ciudad de México",Azcapotzalco,02230,"Santa Bárbara",Pueblo
"Ciudad de México",Azcapotzalco,02240,"San Andrés",Barrio
"Ciudad de México",Azcapotzalco,02240,"San Andrés",Pueblo
"Ciudad de México",Azcapotzalco,02240,"San Andrés Fase II","Unidad habitacional"
"Ciudad de México",Azcapotzalco,02240,Ticoman,"Unidad habitacional"
"Ciudad de México",Azcapotzalco,02250,"Santa Catarina",Pueblo
"Ciudad de México",Azcapotzalco,02260,Pitolaca,"Unidad habitacional"
"Ciudad de México",Azcapotzalco,02300,"Industrial Vallejo",Colonia
"Ciudad de México",Azcapotzalco,02310,Ferrería,Colonia
"Ciudad de México",Azcapotzalco,02320,"San Andrés de las Salinas",Pueblo
"Ciudad de México",Azcapotzalco,02330,"Huautla de las Salinas",Barrio
"Ciudad de México",Azcapotzalco,02340,"Santa Cruz de las Salinas",Colonia
"Ciudad de México",Azcapotzalco,02350,"Jardines de Ceylán","Unidad habitacional"
"Ciudad de México",Azcapotzalco,02360,"Las Salinas",Colonia
"Ciudad de México",Azcapotzalco,02400,"Rinconada el Olivar","Unidad habitacional"
"Ciudad de México",Azcapotzalco,02400,"San Juan Tlihuaca",Pueblo
"Ciudad de México",Azcapotzalco,02400,"San Juan Tlihuaca","Unidad habitacional"
"Ciudad de México",Azcapotzalco,02409,"Rosendo Salazar","Unidad habitacional"
"Ciudad de México",Azcapotzalco,02410,"Prados del Rosario",Colonia
"Ciudad de México",Azcapotzalco,02419,"Trabajadores de PEMEX","Unidad habitacional"
"Ciudad de México",Azcapotzalco,02420,"Ex-Hacienda El Rosario",Colonia
"Ciudad de México",Azcapotzalco,02420,"Francisco Villa","Unidad habitacional"
"Ciudad de México",Azcapotzalco,02430,"Presidente Madero","Unidad habitacional"
"Ciudad de México",Azcapotzalco,02440,Providencia,Colonia
"Ciudad de México",Azcapotzalco,02450,"Las Trancas","Unidad habitacional"
"Ciudad de México",Azcapotzalco,02450,"Miguel Hidalgo","Unidad habitacional"
"Ciudad de México",Azcapotzalco,02459,Tezozomoc,Colonia
"Ciudad de México",Azcapotzalco,02460,Axolahua,"Unidad habitacional"
"Ciudad de México",Azcapotzalco,02460,"La Preciosa",Colonia
"Ciudad de México",Azcapotzalco,02470,"Ampliación Petrolera",Colonia
"Ciudad de México",Azcapotzalco,02479,"Lázaro Cárdenas","Unidad habitacional"
"Ciudad de México",Azcapotzalco,02480,Petrolera,Colonia
"Ciudad de México",Azcapotzalco,02490,Kervin,"Unidad habitacional"
"Ciudad de México",Azcapotzalco,02490,"San Mateo",Barrio
"Ciudad de México",Azcapotzalco,02500,"Unidad Cuitlahuac",Colonia
"Ciudad de México",Azcapotzalco,02510,"El Jagüey","Unidad habitacional"
"Ciudad de México",Azcapotzalco,02510,Pantaco,"Unidad habitacional"
"Ciudad de México",Azcapotzalco,02519,"El Jagüey",Colonia
"Ciudad de México",Azcapotzalco,02520,"Estación Pantaco",Equipamiento
"Ciudad de México",Azcapotzalco,02525,"Granjas Pantaco Campamento Ferrocarrilero","Unidad habitacional"
"Ciudad de México",Azcapotzalco,02530,"Jardín Azpeitia",Colonia
"Ciudad de México",Azcapotzalco,02540,"Hogares Ferrocarrileros","Unidad habitacional"
"Ciudad de México",Azcapotzalco,02600,Pro-Hogar,Colonia
"Ciudad de México",Azcapotzalco,02630,Coltongo,Barrio
"Ciudad de México",Azcapotzalco,02630,Coltongo,Colonia
"Ciudad de México",Azcapotzalco,02640,"Monte Alto",Colonia
"Ciudad de México",Azcapotzalco,02650,"Trabajadores de Hierro",Colonia
"Ciudad de México",Azcapotzalco,02660,Euzkadi,Colonia
"Ciudad de México",Azcapotzalco,02670,Cosmopolita,Colonia
"Ciudad de México",Azcapotzalco,02680,"Potrero del Llano",Colonia
"Ciudad de México",Azcapotzalco,02700,"San Miguel Amantla",Pueblo
"Ciudad de México",Azcapotzalco,02710,"San Isidro","Unidad habitacional"
"Ciudad de México",Azcapotzalco,02710,"San Pedro Xalpa",Pueblo
"Ciudad de México",Azcapotzalco,02718,"Las Armas","Unidad habitacional"
"Ciudad de México",Azcapotzalco,02719,"Ampliación San Pedro Xalpa",Colonia
"Ciudad de México",Azcapotzalco,02720,"San Antonio",Colonia
"Ciudad de México",Azcapotzalco,02720,"San Bartolo Cahualtongo",Pueblo
"Ciudad de México",Azcapotzalco,02729,"Campo Encantado","Unidad habitacional"
"Ciudad de México",Azcapotzalco,02730,"San Francisco Tetecala",Pueblo
"Ciudad de México",Azcapotzalco,02739,"Miguel Lerdo de Tejada","Unidad habitacional"
"Ciudad de México",Azcapotzalco,02750,"La Escuadra","Unidad habitacional"
"Ciudad de México",Azcapotzalco,02750,"La Providencia",Fraccionamiento
"Ciudad de México",Azcapotzalco,02750,"Santiago Ahuizotla",Pueblo
"Ciudad de México",Azcapotzalco,02760,"Industrial San Antonio",Colonia
"Ciudad de México",Azcapotzalco,02760,"Santa Lucía",Barrio
"Ciudad de México",Azcapotzalco,02770,"Santa Cruz Acayucan",Pueblo
"Ciudad de México",Azcapotzalco,02780,Plenitud,Colonia
"Ciudad de México",Azcapotzalco,02790,"Santa Apolonia",Barrio
"Ciudad de México",Azcapotzalco,02800,"Nueva Santa María",Colonia
"Ciudad de México",Azcapotzalco,02810,"Ignacio Allende",Colonia
"Ciudad de México",Azcapotzalco,02810,"Victoria de las Democracias",Colonia
"Ciudad de México",Azcapotzalco,02830,"San Bernabé",Barrio
"Ciudad de México",Azcapotzalco,02830,Toronja,"Unidad habitacional"
"Ciudad de México",Azcapotzalco,02840,"Cobre de México","Unidad habitacional"
"Ciudad de México",Azcapotzalco,02840,"Obrero Popular",Colonia
"Ciudad de México",Azcapotzalco,02850,Tlatilco,"Unidad habitacional"
"Ciudad de México",Azcapotzalco,02860,Tlatilco,Colonia
"Ciudad de México",Azcapotzalco,02870,"San Salvador Xochimanca",Colonia
"Ciudad de México",Azcapotzalco,02900,Aguilera,Colonia
"Ciudad de México",Azcapotzalco,02910,Aldana,Colonia
"Ciudad de México",Azcapotzalco,02920,"Ampliación Cosmopolita",Colonia
"Ciudad de México",Azcapotzalco,02930,Liberación,Colonia
"Ciudad de México",Azcapotzalco,02940,Porvenir,Colonia
"Ciudad de México",Azcapotzalco,02950,"Del Gas",Colonia
"Ciudad de México",Azcapotzalco,02960,"San Francisco Xocotitla",Pueblo
"Ciudad de México",Azcapotzalco,02970,"Ampliación Del Gas",Colonia
"Ciudad de México",Azcapotzalco,02980,Arenal,Colonia
"Ciudad de México",Azcapotzalco,02980,"Patrimonio Familiar",Colonia
"Ciudad de México",Azcapotzalco,02990,"La Raza",Colonia
"Ciudad de México","Benito Juárez",03000,"Piedad Narvarte",Colonia
"Ciudad de México","Benito Juárez",03010,"Atenor Salas",Colonia
"Ciudad de México","Benito Juárez",03020,Esperanza,"Unidad habitacional"
"Ciudad de México","Benito Juárez",03020,"Narvarte Poniente",Colonia
"Ciudad de México","Benito Juárez",03023,"Narvarte Oriente",Colonia
"Ciudad de México","Benito Juárez",03023,"Unidad Narvarte IMSS","Conjunto habitaciona"
"Ciudad de México","Benito Juárez",03028,"Secretaria de Comunicaciones y Transportes","Gran usuario"
"Ciudad de México","Benito Juárez",03100,"Del Valle Centro",Colonia
"Ciudad de México","Benito Juárez",03100,"Insurgentes San Borja",Colonia
"Ciudad de México","Benito Juárez",03103,"Del Valle Norte",Colonia
"Ciudad de México","Benito Juárez",03104,"Del Valle Sur",Colonia
"Ciudad de México","Benito Juárez",03109,"Partido Acción Nacional","Gran usuario"
"Ciudad de México","Benito Juárez",03199,"Cámara Nacional de la Industria del Hierro y Acero","Gran usuario"
"Ciudad de México","Benito Juárez",03200,Tlacoquemécatl,Colonia
"Ciudad de México","Benito Juárez",03220,"Centro Urbano Presidente Miguel Alemán","Unidad habitacional"
"Ciudad de México","Benito Juárez",03229,"Centro Hospitalario 20 de Noviembre","Gran usuario"
"Ciudad de México","Benito Juárez",03230,Actipan,Colonia
"Ciudad de México","Benito Juárez",03240,Acacias,Colonia
"Ciudad de México","Benito Juárez",03300,"Portales Sur",Colonia
"Ciudad de México","Benito Juárez",03303,"Portales Norte",Colonia
"Ciudad de México","Benito Juárez",03310,"Santa Cruz Atoyac",Colonia
"Ciudad de México","Benito Juárez",03313,"Modulo Social las Flores","Unidad habitacional"
"Ciudad de México","Benito Juárez",03319,"Delegación Política Benito Juárez","Gran usuario"
"Ciudad de México","Benito Juárez",03320,"Residencial Emperadores",Colonia
"Ciudad de México","Benito Juárez",03330,Xoco,Colonia
"Ciudad de México","Benito Juárez",03340,"General Pedro María Anaya",Colonia
"Ciudad de México","Benito Juárez",03400,Álamos,Colonia
"Ciudad de México","Benito Juárez",03410,Postal,Colonia
"Ciudad de México","Benito Juárez",03420,"Miguel Alemán",Colonia
"Ciudad de México","Benito Juárez",03430,"Josefa Ortiz de Domínguez",Colonia
"Ciudad de México","Benito Juárez",03440,"Niños Héroes",Colonia
"Ciudad de México","Benito Juárez",03500,Nativitas,Colonia
"Ciudad de México","Benito Juárez",03510,Moderna,Colonia
"Ciudad de México","Benito Juárez",03520,Iztaccihuatl,Colonia
"Ciudad de México","Benito Juárez",03530,"Villa de Cortes",Colonia
"Ciudad de México","Benito Juárez",03540,"Del Carmen",Colonia
"Ciudad de México","Benito Juárez",03550,Zacahuitzco,Colonia
"Ciudad de México","Benito Juárez",03560,Albert,Colonia
"Ciudad de México","Benito Juárez",03570,"Portales Oriente",Colonia
"Ciudad de México","Benito Juárez",03580,Miravalle,Colonia
"Ciudad de México","Benito Juárez",03590,Ermita,Colonia
"Ciudad de México","Benito Juárez",03600,"Vértiz Narvarte",Colonia
"Ciudad de México","Benito Juárez",03610,"Américas Unidas",Colonia
"Ciudad de México","Benito Juárez",03620,Periodista,Colonia
"Ciudad de México","Benito Juárez",03630,Independencia,Colonia
"Ciudad de México","Benito Juárez",03640,"Del Lago",Colonia
"Ciudad de México","Benito Juárez",03650,"Letrán Valle",Colonia
"Ciudad de México","Benito Juárez",03660,"San Simón Ticumac",Colonia
"Ciudad de México","Benito Juárez",03700,"Santa María Nonoalco",Colonia
"Ciudad de México","Benito Juárez",03710,"Ciudad de los Deportes",Colonia
"Ciudad de México","Benito Juárez",03720,Nochebuena,Colonia
"Ciudad de México","Benito Juárez",03730,"San Juan",Colonia
"Ciudad de México","Benito Juárez",03740,"Extremadura Insurgentes",Colonia
"Ciudad de México","Benito Juárez",03800,"San Pedro de los Pinos",Colonia
"Ciudad de México","Benito Juárez",03810,Nápoles,Colonia
"Ciudad de México","Benito Juárez",03820,"8 de Agosto",Colonia
"Ciudad de México","Benito Juárez",03840,"Ampliación Napoles",Colonia
"Ciudad de México","Benito Juárez",03849,"Cámara Nacional de la Industria de Transformación","Gran usuario"
"Ciudad de México","Benito Juárez",03900,"San José Insurgentes",Colonia
"Ciudad de México","Benito Juárez",03910,Mixcoac,Colonia
"Ciudad de México","Benito Juárez",03920,"Insurgentes Mixcoac",Colonia
"Ciudad de México","Benito Juárez",03930,"Merced Gómez",Colonia
"Ciudad de México","Benito Juárez",03940,"Crédito Constructor",Colonia
"Ciudad de México",Coyoacán,04000,"Villa Coyoacán",Colonia
"Ciudad de México",Coyoacán,04009,"Delegación Política Coyoacán","Gran usuario"
"Ciudad de México",Coyoacán,04010,"Barrio Santa Catarina",Barrio
"Ciudad de México",Coyoacán,04020,"Barrio La Concepción",Barrio
"Ciudad de México",Coyoacán,04030,"Barrio San Lucas",Barrio
"Ciudad de México",Coyoacán,04040,"Parque San Andrés",Colonia
"Ciudad de México",Coyoacán,04100,"Del Carmen",Colonia
"Ciudad de México",Coyoacán,04110,"Viveros de Coyoacán","Unidad habitacional"
"Ciudad de México",Coyoacán,04120,"San Diego Churubusco",Colonia
"Ciudad de México",Coyoacán,04120,"San Mateo",Colonia
"Ciudad de México",Coyoacán,04129,"Cámara Nacional de la Industria Editorial","Gran usuario"
"Ciudad de México",Coyoacán,04200,"Campestre Churubusco",Colonia
"Ciudad de México",Coyoacán,04210,"Churubusco Country Club",Colonia
"Ciudad de México",Coyoacán,04230,"Prado Churubusco",Colonia
"Ciudad de México",Coyoacán,04239,"Ermita Churubusco","Unidad habitacional"
"Ciudad de México",Coyoacán,04240,Hermosillo,Colonia
"Ciudad de México",Coyoacán,04250,"Paseos de Taxqueña",Colonia
"Ciudad de México",Coyoacán,04259,"20 de Agosto","Unidad habitacional"
"Ciudad de México",Coyoacán,04260,"San Francisco Culhuacán Barrio de La Magdalena",Barrio
"Ciudad de México",Coyoacán,04260,"San Francisco Culhuacán Barrio de San Francisco",Barrio
"Ciudad de México",Coyoacán,04260,"San Francisco Culhuacán Barrio de San Juan",Barrio
"Ciudad de México",Coyoacán,04260,"San Francisco Culhuacán Barrio de Santa Ana",Barrio
"Ciudad de México",Coyoacán,04270,"Santa Martha del Sur Quetzalcoatl","Unidad habitacional"
"Ciudad de México",Coyoacán,04280,Taxqueña,"Unidad habitacional"
"Ciudad de México",Coyoacán,04300,Ajusco,Colonia
"Ciudad de México",Coyoacán,04307,"Ajusco Montserrat","Unidad habitacional"
"Ciudad de México",Coyoacán,04309,"Pedregal de Monserrat",Fraccionamiento
"Ciudad de México",Coyoacán,04310,"Monte de Piedad","Unidad habitacional"
"Ciudad de México",Coyoacán,04310,"Romero de Terreros",Colonia
"Ciudad de México",Coyoacán,04317,ISSSTE,"Unidad habitacional"
"Ciudad de México",Coyoacán,04318,"Barrio Oxtopulco Universidad",Barrio
"Ciudad de México",Coyoacán,04319,"Fortín de Chimalistac",Fraccionamiento
"Ciudad de México",Coyoacán,04319,"Torres de Chimalistac","Conjunto habitaciona"
"Ciudad de México",Coyoacán,04320,"Cuadrante de San Francisco",Colonia
"Ciudad de México",Coyoacán,04320,"Pedregal de San Francisco",Colonia
"Ciudad de México",Coyoacán,04320,"Romero de Terreros",Fraccionamiento
"Ciudad de México",Coyoacán,04326,"Villa de San Francisco",Fraccionamiento
"Ciudad de México",Coyoacán,04327,"Rincón de Guanajuato","Unidad habitacional"
"Ciudad de México",Coyoacán,04330,"Barrio del Niño Jesús",Barrio
"Ciudad de México",Coyoacán,04330,"El Rosedal",Colonia
"Ciudad de México",Coyoacán,04330,Pacifico,"Unidad habitacional"
"Ciudad de México",Coyoacán,04330,"Pedregal de Coyoacán","Unidad habitacional"
"Ciudad de México",Coyoacán,04330,"Pueblo de los Reyes",Pueblo
"Ciudad de México",Coyoacán,04330,"Rinconada de los Reyes","Unidad habitacional"
"Ciudad de México",Coyoacán,04330,Rosedal,"Unidad habitacional"
"Ciudad de México",Coyoacán,04336,Zapata,"Unidad habitacional"
"Ciudad de México",Coyoacán,04337,Montserrat,"Unidad habitacional"
"Ciudad de México",Coyoacán,04338,Mariana,"Conjunto habitaciona"
"Ciudad de México",Coyoacán,04340,"Copilco El Bajo",Colonia
"Ciudad de México",Coyoacán,04340,"Copilco Universidad ISSSTE","Unidad habitacional"
"Ciudad de México",Coyoacán,04340,"Insurgentes San Ángel","Conjunto habitaciona"
"Ciudad de México",Coyoacán,04350,Acasulco,"Unidad habitacional"
"Ciudad de México",Coyoacán,04350,"Altillo Universidad","Unidad habitacional"
"Ciudad de México",Coyoacán,04350,Copilco,"Unidad habitacional"
"Ciudad de México",Coyoacán,04350,"Integración Latinoamericana","Unidad habitacional"
"Ciudad de México",Coyoacán,04350,"Villas Copilco","Conjunto habitaciona"
"Ciudad de México",Coyoacán,04359,"Empleados Federales",Condominio
"Ciudad de México",Coyoacán,04360,"Copilco El Alto",Colonia
"Ciudad de México",Coyoacán,04360,"Copilco Universidad",Colonia
"Ciudad de México",Coyoacán,04368,"Residencial la Cantera","Unidad habitacional"
"Ciudad de México",Coyoacán,04369,"Pedregal de Santo Domingo",Colonia
"Ciudad de México",Coyoacán,04370,Atlántida,Colonia
"Ciudad de México",Coyoacán,04370,"Ciudad Jardín",Colonia
"Ciudad de México",Coyoacán,04370,"Xotepingo 101","Unidad habitacional"
"Ciudad de México",Coyoacán,04380,"El Rosario",Colonia
"Ciudad de México",Coyoacán,04380,"Pueblo La Candelaria",Pueblo
"Ciudad de México",Coyoacán,04390,Huayamilpas,Colonia
"Ciudad de México",Coyoacán,04390,"Nueva Díaz Ordaz",Colonia
"Ciudad de México",Coyoacán,04400,Educación,Colonia
"Ciudad de México",Coyoacán,04410,"Petrolera Taxqueña",Colonia
"Ciudad de México",Coyoacán,04410,"Tlalpan FOVISSSTE","Unidad habitacional"
"Ciudad de México",Coyoacán,04420,"Ex-Ejido de San Francisco Culhuacán",Colonia
"Ciudad de México",Coyoacán,04440,"Culhuacán CTM Sección I",Colonia
"Ciudad de México",Coyoacán,04440,"Culhuacán CTM Sección II",Colonia
"Ciudad de México",Coyoacán,04440,"Culhuacán CTM Sección V",Colonia
"Ciudad de México",Coyoacán,04450,"El Centinela",Colonia
"Ciudad de México",Coyoacán,04460,Avante,Colonia
"Ciudad de México",Coyoacán,04470,"Presidentes Ejidales 1a Sección",Colonia
"Ciudad de México",Coyoacán,04470,"Presidentes Ejidales 2a Sección",Colonia
"Ciudad de México",Coyoacán,04480,"Culhuacán CTM CROC",Colonia
"Ciudad de México",Coyoacán,04480,"Culhuacán CTM Sección III",Colonia
"Ciudad de México",Coyoacán,04480,"Culhuacán CTM Sección VI",Colonia
"Ciudad de México",Coyoacán,04480,"Culhuacán CTM Sección X-A",Colonia
"Ciudad de México",Coyoacán,04489,"Culhuacán CTM Sección VII",Colonia
"Ciudad de México",Coyoacán,04490,"Culhuacán CTM Canal Nacional",Colonia
"Ciudad de México",Coyoacán,04490,"Culhuacán CTM Sección Piloto",Colonia
"Ciudad de México",Coyoacán,04500,"Jardines del Pedregal de San Ángel",Colonia
"Ciudad de México",Coyoacán,04510,"Universidad Nacional Autónoma de México",Equipamiento
"Ciudad de México",Coyoacán,04513,"Multifamiliar Para Maestros","Unidad habitacional"
"Ciudad de México",Coyoacán,04519,"La Otra Banda",Colonia
"Ciudad de México",Coyoacán,04530,"Insurgentes Cuicuilco",Colonia
"Ciudad de México",Coyoacán,04535,"Torres del Maurel",Fraccionamiento
"Ciudad de México",Coyoacán,04600,"Pedregal de Santa Úrsula",Colonia
"Ciudad de México",Coyoacán,04610,Xotepingo,Colonia
"Ciudad de México",Coyoacán,04620,"Pueblo de San Pablo Tepetlapa",Pueblo
"Ciudad de México",Coyoacán,04630,"Adolfo Ruiz Cortínes",Colonia
"Ciudad de México",Coyoacán,04640,"El Reloj",Colonia
"Ciudad de México",Coyoacán,04650,"Los Fresnos",Condominio
"Ciudad de México",Coyoacán,04650,"Pueblo de Santa Úrsula Coapa",Pueblo
"Ciudad de México",Coyoacán,04660,"Joyas del Pedregal",Colonia
"Ciudad de México",Coyoacán,04660,"Pedregal de La Zorra","Unidad habitacional"
"Ciudad de México",Coyoacán,04700,"Pedregal de Carrasco",Colonia
"Ciudad de México",Coyoacán,04700,"Villa Panamericana","Unidad habitacional"
"Ciudad de México",Coyoacán,04710,Olímpica,Colonia
"Ciudad de México",Coyoacán,04718,"Vistas del Maurel",Fraccionamiento
"Ciudad de México",Coyoacán,04719,"Pedregal del Sur",Fraccionamiento
"Ciudad de México",Coyoacán,04719,"Villas del Pedregal","Unidad habitacional"
"Ciudad de México",Coyoacán,04720,"Pedregal del Maurel","Unidad habitacional"
"Ciudad de México",Coyoacán,04729,"Rinconada las Playas INFONAVIT","Unidad habitacional"
"Ciudad de México",Coyoacán,04730,"Bosques de Tetlameya",Colonia
"Ciudad de México",Coyoacán,04730,"Cantil del Pedregal",Colonia
"Ciudad de México",Coyoacán,04738,"Modulo Social Imán",Condominio
"Ciudad de México",Coyoacán,04738,"Villas del Imán",Residencial
"Ciudad de México",Coyoacán,04739,"El Caracol",Colonia
"Ciudad de México",Coyoacán,04800,"Alianza Popular Revolucionaria",Colonia
"Ciudad de México",Coyoacán,04800,"Los Cedros",Colonia
"Ciudad de México",Coyoacán,04810,"Prados de Coyoacán",Colonia
"Ciudad de México",Coyoacán,04815,"Emiliano Zapata",Colonia
"Ciudad de México",Coyoacán,04830,"Los Cipreses",Colonia
"Ciudad de México",Coyoacán,04830,"Los Ciruelos",Fraccionamiento
"Ciudad de México",Coyoacán,04840,"Ex-Ejido de San Pablo Tepetlapa",Colonia
"Ciudad de México",Coyoacán,04843,"Secretaria de Marina Armada de México","Gran usuario"
"Ciudad de México",Coyoacán,04849,"Sector Marina","Unidad habitacional"
"Ciudad de México",Coyoacán,04850,"Fuentes de Coyoacán",Fraccionamiento
"Ciudad de México",Coyoacán,04870,Espartaco,Colonia
"Ciudad de México",Coyoacán,04870,"Los Robles",Fraccionamiento
"Ciudad de México",Coyoacán,04890,"Jardines de Coyoacán",Colonia
"Ciudad de México",Coyoacán,04890,"Los Olivos","Unidad habitacional"
"Ciudad de México",Coyoacán,04890,"Los Olivos",Colonia
"Ciudad de México",Coyoacán,04899,"El Parque de Coyoacán",Colonia
"Ciudad de México",Coyoacán,04908,"La Virgen","Unidad habitacional"
"Ciudad de México",Coyoacán,04909,"Culhuacán CTM Sección IX-A",Colonia
"Ciudad de México",Coyoacán,04909,"Culhuacán CTM Sección IX-B",Colonia
"Ciudad de México",Coyoacán,04909,"Culhuacán CTM Sección VIII",Colonia
"Ciudad de México",Coyoacán,04910,"Carmen Serdán",Colonia
"Ciudad de México",Coyoacán,04918,Cafetales,Colonia
"Ciudad de México",Coyoacán,04919,"Emiliano Zapata Fraccionamiento Popular",Colonia
"Ciudad de México",Coyoacán,04920,"Los Girasoles",Colonia
"Ciudad de México",Coyoacán,04929,"Las Campanas",Colonia
"Ciudad de México",Coyoacán,04930,"Santa Cecilia",Colonia
"Ciudad de México",Coyoacán,04938,"Campestre Coyoacán",Colonia
"Ciudad de México",Coyoacán,04939,"Culhuacán CTM Sección X",Colonia
"Ciudad de México",Coyoacán,04940,"Los Sauces",Colonia
"Ciudad de México",Coyoacán,04950,"El Mirador",Colonia
"Ciudad de México",Coyoacán,04960,"Villa Quietud",Colonia
"Ciudad de México",Coyoacán,04970,"Haciendas de Coyoacán",Colonia
"Ciudad de México",Coyoacán,04980,"Ex-Ejido de Santa Úrsula Coapa",Colonia
"Ciudad de México",Coyoacán,04980,"Ex-Hacienda Coapa",Colonia
"Ciudad de México",Coyoacán,04980,"Viejo Ejido de Santa Úrsula Coapa",Colonia
"Ciudad de México","Cuajimalpa de Morelos",05000,Cuajimalpa,Colonia
"Ciudad de México","Cuajimalpa de Morelos",05009,"Delegación Política Cuajimalpa de Morelos","Gran usuario"
"Ciudad de México","Cuajimalpa de Morelos",05010,Zentlapatl,Colonia
"Ciudad de México","Cuajimalpa de Morelos",05020,"Loma del Padre",Colonia
"Ciudad de México","Cuajimalpa de Morelos",05030,"La Manzanita",Colonia
"Ciudad de México","Cuajimalpa de Morelos",05030,"San Pedro",Colonia
"Ciudad de México","Cuajimalpa de Morelos",05039,Ahuatenco,Campamento
"Ciudad de México","Cuajimalpa de Morelos",05050,"San Pablo Chimalpa",Pueblo
"Ciudad de México","Cuajimalpa de Morelos",05060,"José María Castorena","Unidad habitacional"
"Ciudad de México","Cuajimalpa de Morelos",05100,"Lomas de Vista Hermosa",Colonia
"Ciudad de México","Cuajimalpa de Morelos",05110,"Cooperativa Palo Alto",Colonia
"Ciudad de México","Cuajimalpa de Morelos",05118,"Granjas Palo Alto",Colonia
"Ciudad de México","Cuajimalpa de Morelos",05119,"Campestre Palo Alto",Colonia
"Ciudad de México","Cuajimalpa de Morelos",05120,"Bosques de las Lomas",Colonia
"Ciudad de México","Cuajimalpa de Morelos",05126,"Villas Marbella","Conjunto habitaciona"
"Ciudad de México","Cuajimalpa de Morelos",05128,"Cumbres Reforma",Fraccionamiento
"Ciudad de México","Cuajimalpa de Morelos",05129,"Lomas del Chamizal",Colonia
"Ciudad de México","Cuajimalpa de Morelos",05130,"Rincón de las Lomas",Fraccionamiento
"Ciudad de México","Cuajimalpa de Morelos",05200,"San José de los Cedros",Colonia
"Ciudad de México","Cuajimalpa de Morelos",05214,"Club de Golf Bosques",Residencial
"Ciudad de México","Cuajimalpa de Morelos",05219,"Granjas Navidad",Colonia
"Ciudad de México","Cuajimalpa de Morelos",05220,Tepetongo,Colonia
"Ciudad de México","Cuajimalpa de Morelos",05230,"El Ébano",Colonia
"Ciudad de México","Cuajimalpa de Morelos",05238,"Nueva Rosita","Unidad habitacional"
"Ciudad de México","Cuajimalpa de Morelos",05240,"El Molino",Colonia
"Ciudad de México","Cuajimalpa de Morelos",05249,"Jardines de la Palma",Fraccionamiento
"Ciudad de México","Cuajimalpa de Morelos",05260,"Jesús del Monte",Colonia
"Ciudad de México","Cuajimalpa de Morelos",05268,"Villas de Cuajimalpa","Unidad habitacional"
"Ciudad de México","Cuajimalpa de Morelos",05269,"Amado Nervo",Colonia
"Ciudad de México","Cuajimalpa de Morelos",05270,Manzanastitla,Colonia
"Ciudad de México","Cuajimalpa de Morelos",05280,"Adolfo López Mateos",Colonia
"Ciudad de México","Cuajimalpa de Morelos",05310,"El Molinito",Colonia
"Ciudad de México","Cuajimalpa de Morelos",05320,"El Yaqui",Colonia
"Ciudad de México","Cuajimalpa de Morelos",05330,"Ampliación el Yaqui",Colonia
"Ciudad de México","Cuajimalpa de Morelos",05330,"Ampliación Memetla",Colonia
"Ciudad de México","Cuajimalpa de Morelos",05330,"Lomas de Memetla",Colonia
"Ciudad de México","Cuajimalpa de Morelos",05330,Memetla,Colonia
"Ciudad de México","Cuajimalpa de Morelos",05348,"Santa Fe Cuajimalpa",Colonia
"Ciudad de México","Cuajimalpa de Morelos",05349,"Cruz Manca","Unidad habitacional"
"Ciudad de México","Cuajimalpa de Morelos",05360,Locaxco,Colonia
"Ciudad de México","Cuajimalpa de Morelos",05370,"Las Tinajas",Colonia
"Ciudad de México","Cuajimalpa de Morelos",05379,"Lomas de San Pedro",Colonia
"Ciudad de México","Cuajimalpa de Morelos",05400,"El Tianguillo",Colonia
"Ciudad de México","Cuajimalpa de Morelos",05410,"1° de Mayo",Colonia
"Ciudad de México","Cuajimalpa de Morelos",05410,"San Lorenzo Acopilco",Pueblo
"Ciudad de México","Cuajimalpa de Morelos",05500,Contadero,Colonia
"Ciudad de México","Cuajimalpa de Morelos",05520,"La Venta",Colonia
"Ciudad de México","Cuajimalpa de Morelos",05530,"Abdías García Soto",Colonia
"Ciudad de México","Cuajimalpa de Morelos",05600,"San Mateo Tlaltenango",Pueblo
"Ciudad de México","Cuajimalpa de Morelos",05610,"Santa Rosa Xochiac",Pueblo
"Ciudad de México","Cuajimalpa de Morelos",05619,"Prados de la Montaña",Fraccionamiento
"Ciudad de México","Cuajimalpa de Morelos",05620,"Prados de la Montaña","Club de golf"
"Ciudad de México","Cuajimalpa de Morelos",05700,"Cruz Blanca",Colonia
"Ciudad de México","Cuajimalpa de Morelos",05710,"Las Maromas",Colonia
"Ciudad de México","Cuajimalpa de Morelos",05730,Xalpa,Colonia
"Ciudad de México","Cuajimalpa de Morelos",05750,"La Pila",Colonia
"Ciudad de México","Cuajimalpa de Morelos",05760,"Las Lajas",Colonia
"Ciudad de México","Cuajimalpa de Morelos",05780,"Agua Bendita",Colonia
"Ciudad de México",Cuauhtémoc,06000,"Centro (Área 1)",Colonia
"Ciudad de México",Cuauhtémoc,06010,"Centro (Área 2)",Colonia
"Ciudad de México",Cuauhtémoc,06018,"H Cámara de Senadores","Gran usuario"
"Ciudad de México",Cuauhtémoc,06020,"Centro (Área 3)",Colonia
"Ciudad de México",Cuauhtémoc,06030,Tabacalera,Colonia
"Ciudad de México",Cuauhtémoc,06038,Banorte,"Gran usuario"
"Ciudad de México",Cuauhtémoc,06039,ISSSTE,"Gran usuario"
"Ciudad de México",Cuauhtémoc,06040,"Centro (Área 4)",Colonia
"Ciudad de México",Cuauhtémoc,06050,"Centro (Área 5)",Colonia
"Ciudad de México",Cuauhtémoc,06058,"Procuraduría General de La República","Gran usuario"
"Ciudad de México",Cuauhtémoc,06060,"Centro (Área 6)",Colonia
"Ciudad de México",Cuauhtémoc,06065,"Suprema Corte de Justicia","Gran usuario"
"Ciudad de México",Cuauhtémoc,06066,"Secretaria de Hacienda y Crédito Publico","Gran usuario"
"Ciudad de México",Cuauhtémoc,06067,"Presidencia de La República","Gran usuario"
"Ciudad de México",Cuauhtémoc,06070,"Centro (Área 7)",Colonia
"Ciudad de México",Cuauhtémoc,06079,"Confederación de Cámaras Nacionales de Comercio","Gran usuario"
"Ciudad de México",Cuauhtémoc,06080,"Centro (Área 8)",Colonia
"Ciudad de México",Cuauhtémoc,06090,"Centro (Área 9)",Colonia
"Ciudad de México",Cuauhtémoc,06100,Hipódromo,Colonia
"Ciudad de México",Cuauhtémoc,06140,Condesa,Colonia
"Ciudad de México",Cuauhtémoc,06170,"Hipódromo Condesa",Colonia
"Ciudad de México",Cuauhtémoc,06171,"Instituto Mexicano de Comercio Exterior","Gran usuario"
"Ciudad de México",Cuauhtémoc,06179,"Secretaria de Economía","Gran usuario"
"Ciudad de México",Cuauhtémoc,06200,Morelos,Colonia
"Ciudad de México",Cuauhtémoc,06200,"Plan Tepito","Conjunto habitaciona"
"Ciudad de México",Cuauhtémoc,06220,Peralvillo,Colonia
"Ciudad de México",Cuauhtémoc,06240,"Valle Gómez",Colonia
"Ciudad de México",Cuauhtémoc,06250,"Ex-Hipódromo de Peralvillo",Colonia
"Ciudad de México",Cuauhtémoc,06270,Maza,Colonia
"Ciudad de México",Cuauhtémoc,06280,"Felipe Pescador",Colonia
"Ciudad de México",Cuauhtémoc,06300,Guerrero,Colonia
"Ciudad de México",Cuauhtémoc,06309,"Dirección General de Recaudación de la SHCP","Gran usuario"
"Ciudad de México",Cuauhtémoc,06350,Buenavista,Colonia
"Ciudad de México",Cuauhtémoc,06357,"Delegación Política Cuauhtémoc","Gran usuario"
"Ciudad de México",Cuauhtémoc,06400,"Santa María la Ribera",Colonia
"Ciudad de México",Cuauhtémoc,06430,"Santa María Insurgentes",Colonia
"Ciudad de México",Cuauhtémoc,06450,Atlampa,Colonia
"Ciudad de México",Cuauhtémoc,06470,"San Rafael",Colonia
"Ciudad de México",Cuauhtémoc,06479,"Hemphill Schools","Gran usuario"
"Ciudad de México",Cuauhtémoc,06500,Cuauhtémoc,Colonia
"Ciudad de México",Cuauhtémoc,06589,"Cámara Nacional de Aerotransportes","Gran usuario"
"Ciudad de México",Cuauhtémoc,06598,"Comisión Federal de Electricidad","Gran usuario"
"Ciudad de México",Cuauhtémoc,06599,"Teléfonos de México S.A. de CV","Gran usuario"
"Ciudad de México",Cuauhtémoc,06600,Juárez,Colonia
"Ciudad de México",Cuauhtémoc,06609,"Cámara Nacional de Comercio de la Ciudad de México","Gran usuario"
"Ciudad de México",Cuauhtémoc,06693,"Cámara Nacional de Transportes y Comunicación","Gran usuario"
"Ciudad de México",Cuauhtémoc,06696,"Secretaria de Salud","Gran usuario"
"Ciudad de México",Cuauhtémoc,06698,IMSS,"Gran usuario"
"Ciudad de México",Cuauhtémoc,06699,"Secretaria de Gobernación","Gran usuario"
"Ciudad de México",Cuauhtémoc,06700,"Roma Norte",Colonia
"Ciudad de México",Cuauhtémoc,06707,"Secretaria de Transportes y Vialidad","Gran usuario"
"Ciudad de México",Cuauhtémoc,06720,Doctores,Colonia
"Ciudad de México",Cuauhtémoc,06725,"Centro Medico Siglo XXI","Gran usuario"
"Ciudad de México",Cuauhtémoc,06727,"Tesorería del Distrito Federal","Gran usuario"
"Ciudad de México",Cuauhtémoc,06728,"Unidad Soldominio","Conjunto habitaciona"
"Ciudad de México",Cuauhtémoc,06729,"Hospital General de México","Gran usuario"
"Ciudad de México",Cuauhtémoc,06740,"Centro Urbano Benito Juárez","Unidad habitacional"
"Ciudad de México",Cuauhtémoc,06760,"Roma Sur",Colonia
"Ciudad de México",Cuauhtémoc,06780,"Buenos Aires",Colonia
"Ciudad de México",Cuauhtémoc,06796,"Cámara Nacional de la Industria Cinematográfica","Gran usuario"
"Ciudad de México",Cuauhtémoc,06798,"Partido de La Revolución Democrática","Gran usuario"
"Ciudad de México",Cuauhtémoc,06800,Obrera,Colonia
"Ciudad de México",Cuauhtémoc,06820,Tránsito,Colonia
"Ciudad de México",Cuauhtémoc,06840,Esperanza,Colonia
"Ciudad de México",Cuauhtémoc,06850,Asturias,Colonia
"Ciudad de México",Cuauhtémoc,06860,"Vista Alegre",Colonia
"Ciudad de México",Cuauhtémoc,06870,"Paulino Navarro",Colonia
"Ciudad de México",Cuauhtémoc,06880,Algarin,Colonia
"Ciudad de México",Cuauhtémoc,06890,"Ampliación Asturias",Colonia
"Ciudad de México",Cuauhtémoc,06900,"Nonoalco Tlatelolco",Colonia
"Ciudad de México",Cuauhtémoc,06920,"San Simón Tolnáhuac",Colonia
"Ciudad de México",Cuauhtémoc,06995,"Secretaria de Relaciones Exteriores","Gran usuario"
"Ciudad de México","Gustavo A. Madero",07000,"Aragón la Villa",Colonia
"Ciudad de México","Gustavo A. Madero",07010,"Rosas del Tepeyac",Colonia
"Ciudad de México","Gustavo A. Madero",07010,"Santa Isabel Tola",Colonia
"Ciudad de México","Gustavo A. Madero",07010,Tepetates,Colonia
"Ciudad de México","Gustavo A. Madero",07020,"Tepeyac Insurgentes",Colonia
"Ciudad de México","Gustavo A. Madero",07040,"Santiago Atzacoalco",Pueblo
"Ciudad de México","Gustavo A. Madero",07050,"Villa Gustavo A. Madero",Colonia
"Ciudad de México","Gustavo A. Madero",07058,"15 de Agosto",Colonia
"Ciudad de México","Gustavo A. Madero",07059,"Delegación Política Gustavo A Madero","Gran usuario"
"Ciudad de México","Gustavo A. Madero",07060,Estanzuela,Colonia
"Ciudad de México","Gustavo A. Madero",07069,"Triunfo de La República",Colonia
"Ciudad de México","Gustavo A. Madero",07070,Dinamita,Colonia
"Ciudad de México","Gustavo A. Madero",07070,"La Cruz",Colonia
"Ciudad de México","Gustavo A. Madero",07070,"Martín Carrera",Colonia
"Ciudad de México","Gustavo A. Madero",07080,"Gabriel Hernández",Colonia
"Ciudad de México","Gustavo A. Madero",07089,"Ampliación Gabriel Hernández",Colonia
"Ciudad de México","Gustavo A. Madero",07090,"C.T.M. Atzacoalco",Colonia
"Ciudad de México","Gustavo A. Madero",07090,"C.T.M. El Risco",Colonia
"Ciudad de México","Gustavo A. Madero",07100,"Cuautepec Barrio Alto",Colonia
"Ciudad de México","Gustavo A. Madero",07100,"San Miguel",Colonia
"Ciudad de México","Gustavo A. Madero",07109,"San Antonio",Colonia
"Ciudad de México","Gustavo A. Madero",07110,"Lomas de Cuautepec",Colonia
"Ciudad de México","Gustavo A. Madero",07119,"Ampliación Malacates",Colonia
"Ciudad de México","Gustavo A. Madero",07119,Malacates,Colonia
"Ciudad de México","Gustavo A. Madero",07130,"Compositores Mexicanos",Colonia
"Ciudad de México","Gustavo A. Madero",07130,"El Tepetatal",Colonia
"Ciudad de México","Gustavo A. Madero",07140,"Ampliación Arboledas",Colonia
"Ciudad de México","Gustavo A. Madero",07140,Arboledas,Colonia
"Ciudad de México","Gustavo A. Madero",07140,Forestal,Colonia
"Ciudad de México","Gustavo A. Madero",07140,"Forestal I",Colonia
"Ciudad de México","Gustavo A. Madero",07144,"Forestal II",Colonia
"Ciudad de México","Gustavo A. Madero",07144,"La Lengüeta",Colonia
"Ciudad de México","Gustavo A. Madero",07149,"Parque Metropolitano",Colonia
"Ciudad de México","Gustavo A. Madero",07150,"Juventino Rosas",Colonia
"Ciudad de México","Gustavo A. Madero",07150,"La Casilda",Colonia
"Ciudad de México","Gustavo A. Madero",07160,"Loma La Palma",Colonia
"Ciudad de México","Gustavo A. Madero",07164,"Graciano Sánchez",Colonia
"Ciudad de México","Gustavo A. Madero",07164,"Luis Donaldo Colosio",Colonia
"Ciudad de México","Gustavo A. Madero",07164,"Prados de Cuautepec",Colonia
"Ciudad de México","Gustavo A. Madero",07164,Tlacaélel,Colonia
"Ciudad de México","Gustavo A. Madero",07170,Palmatitla,Colonia
"Ciudad de México","Gustavo A. Madero",07180,"Ampliación Cocoyotes",Colonia
"Ciudad de México","Gustavo A. Madero",07180,Cocoyotes,Colonia
"Ciudad de México","Gustavo A. Madero",07180,"General Felipe Berriozabal",Colonia
"Ciudad de México","Gustavo A. Madero",07183,"6 de Junio",Colonia
"Ciudad de México","Gustavo A. Madero",07187,"Vista Hermosa",Colonia
"Ciudad de México","Gustavo A. Madero",07188,Tlalpexco,Colonia
"Ciudad de México","Gustavo A. Madero",07189,Ahuehuetes,Colonia
"Ciudad de México","Gustavo A. Madero",07190,"Valle de Madero",Colonia
"Ciudad de México","Gustavo A. Madero",07199,"Del Carmen",Colonia
"Ciudad de México","Gustavo A. Madero",07200,"Cuautepec de Madero",Colonia
"Ciudad de México","Gustavo A. Madero",07207,"Del Bosque",Colonia
"Ciudad de México","Gustavo A. Madero",07208,"Reclusorio Norte","Gran usuario"
"Ciudad de México","Gustavo A. Madero",07209,"Guadalupe Victoria Cuautepec",Colonia
"Ciudad de México","Gustavo A. Madero",07210,"Chalma de Guadalupe",Colonia
"Ciudad de México","Gustavo A. Madero",07214,"Ampliación Chalma de Guadalupe",Colonia
"Ciudad de México","Gustavo A. Madero",07220,"Castillo Chico",Colonia
"Ciudad de México","Gustavo A. Madero",07220,"Castillo Grande",Colonia
"Ciudad de México","Gustavo A. Madero",07224,"Ampliación Castillo Grande",Colonia
"Ciudad de México","Gustavo A. Madero",07230,"Zona Escolar",Colonia
"Ciudad de México","Gustavo A. Madero",07239,"Zona Escolar Oriente",Colonia
"Ciudad de México","Gustavo A. Madero",07240,"El Arbolillo",Colonia
"Ciudad de México","Gustavo A. Madero",07248,"Hayde Solís C","Unidad habitacional"
"Ciudad de México","Gustavo A. Madero",07248,"Matías Romero","Unidad habitacional"
"Ciudad de México","Gustavo A. Madero",07248,"México Ixapan","Unidad habitacional"
"Ciudad de México","Gustavo A. Madero",07248,"Tablas de Santa Teresa","Unidad habitacional"
"Ciudad de México","Gustavo A. Madero",07248,"Tonaca Coutitlán","Unidad habitacional"
"Ciudad de México","Gustavo A. Madero",07249,"El Arbolillo II CROC","Unidad habitacional"
"Ciudad de México","Gustavo A. Madero",07249,"El Arbolillo III CROC","Unidad habitacional"
"Ciudad de México","Gustavo A. Madero",07250,"Benito Juárez",Colonia
"Ciudad de México","Gustavo A. Madero",07259,"Ampliación Benito Juárez",Colonia
"Ciudad de México","Gustavo A. Madero",07268,"Solidaridad Nacional",Colonia
"Ciudad de México","Gustavo A. Madero",07269,"El Arbolillo CTM","Unidad habitacional"
"Ciudad de México","Gustavo A. Madero",07270,"Residencial Acueducto de Guadalupe",Colonia
"Ciudad de México","Gustavo A. Madero",07279,"Acueducto de Guadalupe",Colonia
"Ciudad de México","Gustavo A. Madero",07280,"Jorge Negrete",Colonia
"Ciudad de México","Gustavo A. Madero",07280,"Zona Militar","Unidad habitacional"
"Ciudad de México","Gustavo A. Madero",07290,"La Pastora",Colonia
"Ciudad de México","Gustavo A. Madero",07300,"Lindavista Norte",Colonia
"Ciudad de México","Gustavo A. Madero",07300,"Lindavista Sur",Colonia
"Ciudad de México","Gustavo A. Madero",07310,"Barrio Candelaria Ticomán",Barrio
"Ciudad de México","Gustavo A. Madero",07320,FOVISSSTE,"Unidad habitacional"
"Ciudad de México","Gustavo A. Madero",07320,"La Escalera","Conjunto habitaciona"
"Ciudad de México","Gustavo A. Madero",07320,"La Purísima Ticomán",Barrio
"Ciudad de México","Gustavo A. Madero",07320,"Residencial la Escalera",Colonia
"Ciudad de México","Gustavo A. Madero",07323,"PEMEX Lindavista","Unidad habitacional"
"Ciudad de México","Gustavo A. Madero",07326,"Arroyo de Guadalupe","Conjunto habitaciona"
"Ciudad de México","Gustavo A. Madero",07327,"Sutic Vallejo","Unidad habitacional"
"Ciudad de México","Gustavo A. Madero",07328,"Escuadrón 201 INFONAVIT","Unidad habitacional"
"Ciudad de México","Gustavo A. Madero",07329,Ticoman,"Conjunto habitaciona"
"Ciudad de México","Gustavo A. Madero",07330,"Santa María Ticomán",Colonia
"Ciudad de México","Gustavo A. Madero",07340,"La Laguna Ticomán",Barrio
"Ciudad de México","Gustavo A. Madero",07340,"San José Ticomán",Colonia
"Ciudad de México","Gustavo A. Madero",07349,"Acueducto de Ticoman 1044","Unidad habitacional"
"Ciudad de México","Gustavo A. Madero",07350,"Guadalupe Ticomán",Barrio
"Ciudad de México","Gustavo A. Madero",07350,"San Juan y Guadalupe Ticomán",Barrio
"Ciudad de México","Gustavo A. Madero",07359,"San Rafael Ticomán",Barrio
"Ciudad de México","Gustavo A. Madero",07360,"Juan de Dios Bátiz","Unidad habitacional"
"Ciudad de México","Gustavo A. Madero",07360,"San Pedro Zacatenco",Colonia
"Ciudad de México","Gustavo A. Madero",07363,"Lomas de San Juan Ixhuatepec 2a Sección",Campamento
"Ciudad de México","Gustavo A. Madero",07369,"Residencial Zacatenco",Colonia
"Ciudad de México","Gustavo A. Madero",07370,Capultitlan,Colonia
"Ciudad de México","Gustavo A. Madero",07380,"Maximino Ávila Camacho",Colonia
"Ciudad de México","Gustavo A. Madero",07380,Tlacamaca,Colonia
"Ciudad de México","Gustavo A. Madero",07400,"Salvador Díaz Mirón",Colonia
"Ciudad de México","Gustavo A. Madero",07410,"Juan González Romero",Colonia
"Ciudad de México","Gustavo A. Madero",07410,"Villa Hermosa",Colonia
"Ciudad de México","Gustavo A. Madero",07420,"El Coyol",Colonia
"Ciudad de México","Gustavo A. Madero",07420,"Nueva Atzacoalco",Colonia
"Ciudad de México","Gustavo A. Madero",07430,"Del Obrero",Colonia
"Ciudad de México","Gustavo A. Madero",07440,"Vasco de Quiroga",Colonia
"Ciudad de México","Gustavo A. Madero",07450,"DM Nacional",Colonia
"Ciudad de México","Gustavo A. Madero",07455,Ferrocarrilera,Colonia
"Ciudad de México","Gustavo A. Madero",07456,"LI Legislatura",Colonia
"Ciudad de México","Gustavo A. Madero",07456,"Residencial Oriente","Conjunto habitaciona"
"Ciudad de México","Gustavo A. Madero",07457,"El Coyol 2","Unidad habitacional"
"Ciudad de México","Gustavo A. Madero",07457,"José Maria Morelos y Pavón 2","Unidad habitacional"
"Ciudad de México","Gustavo A. Madero",07458,"Eduardo Molina","Unidad habitacional"
"Ciudad de México","Gustavo A. Madero",07459,"José Maria Morelos y Pavón 1","Unidad habitacional"
"Ciudad de México","Gustavo A. Madero",07460,"Granjas Modernas",Colonia
"Ciudad de México","Gustavo A. Madero",07469,"Constitución de La República",Colonia
"Ciudad de México","Gustavo A. Madero",07470,"Ampliación San Juan de Aragón",Colonia
"Ciudad de México","Gustavo A. Madero",07480,"San Pedro El Chico",Colonia
"Ciudad de México","Gustavo A. Madero",07500,"La Pradera",Colonia
"Ciudad de México","Gustavo A. Madero",07509,"La Pradera 1a Sección","Conjunto habitaciona"
"Ciudad de México","Gustavo A. Madero",07509,"Pradera II Sección",Colonia
"Ciudad de México","Gustavo A. Madero",07510,"San Felipe de Jesús",Colonia
"Ciudad de México","Gustavo A. Madero",07520,"25 de Julio",Colonia
"Ciudad de México","Gustavo A. Madero",07530,"Campestre Aragón",Colonia
"Ciudad de México","Gustavo A. Madero",07530,"Éxito Enseñanza y Triunfo","Unidad habitacional"
"Ciudad de México","Gustavo A. Madero",07540,"La Esmeralda",Colonia
"Ciudad de México","Gustavo A. Madero",07548,"El Milagro","Unidad habitacional"
"Ciudad de México","Gustavo A. Madero",07549,"La Esmeralda 1a Sección","Unidad habitacional"
"Ciudad de México","Gustavo A. Madero",07549,"La Esmeralda 2a Sección","Unidad habitacional"
"Ciudad de México","Gustavo A. Madero",07550,Providencia,Colonia
"Ciudad de México","Gustavo A. Madero",07560,"Ampliación Providencia",Colonia
"Ciudad de México","Gustavo A. Madero",07570,"Villa de Aragón",Colonia
"Ciudad de México","Gustavo A. Madero",07580,"Ampliación Casas Alemán",Colonia
"Ciudad de México","Gustavo A. Madero",07600,"Progreso Nacional",Colonia
"Ciudad de México","Gustavo A. Madero",07620,"Santa Rosa",Colonia
"Ciudad de México","Gustavo A. Madero",07630,"San José de la Escalera",Colonia
"Ciudad de México","Gustavo A. Madero",07640,"Santiago Atepetlac",Colonia
"Ciudad de México","Gustavo A. Madero",07650,"Ampliación Progreso Nacional",Colonia
"Ciudad de México","Gustavo A. Madero",07660,Guadalupe,Fraccionamiento
"Ciudad de México","Gustavo A. Madero",07670,"Guadalupe Proletaria",Colonia
"Ciudad de México","Gustavo A. Madero",07680,"Ampliación Guadalupe Proletaria",Colonia
"Ciudad de México","Gustavo A. Madero",07700,"Nueva Industrial Vallejo",Colonia
"Ciudad de México","Gustavo A. Madero",07707,"Siete Maravillas",Colonia
"Ciudad de México","Gustavo A. Madero",07708,"Torres Lindavista",Colonia
"Ciudad de México","Gustavo A. Madero",07709,Lasalle,"Unidad habitacional"
"Ciudad de México","Gustavo A. Madero",07720,"Lindavista Vallejo I Sección",Colonia
"Ciudad de México","Gustavo A. Madero",07730,"Churubusco Tepeyac",Colonia
"Ciudad de México","Gustavo A. Madero",07730,Montevideo,Colonia
"Ciudad de México","Gustavo A. Madero",07730,"San Bartolo Atepehuacan",Colonia
"Ciudad de México","Gustavo A. Madero",07738,"Instituto Politécnico Nacional","Gran usuario"
"Ciudad de México","Gustavo A. Madero",07739,"Planetario Lindavista",Colonia
"Ciudad de México","Gustavo A. Madero",07740,"Valle del Tepeyac",Colonia
"Ciudad de México","Gustavo A. Madero",07750,"Nueva Vallejo",Colonia
"Ciudad de México","Gustavo A. Madero",07754,"Lindavista Vallejo III Sección",Colonia
"Ciudad de México","Gustavo A. Madero",07755,"Lindavista Vallejo II Sección",Colonia
"Ciudad de México","Gustavo A. Madero",07760,"Magdalena de las Salinas",Colonia
"Ciudad de México","Gustavo A. Madero",07770,"Ampliación Panamericana",Colonia
"Ciudad de México","Gustavo A. Madero",07770,Panamericana,Colonia
"Ciudad de México","Gustavo A. Madero",07780,"Defensores de La República",Colonia
"Ciudad de México","Gustavo A. Madero",07780,"Héroe de Nacozari",Colonia
"Ciudad de México","Gustavo A. Madero",07790,"Guadalupe Victoria",Colonia
"Ciudad de México","Gustavo A. Madero",07790,"Vallejo Poniente",Colonia
"Ciudad de México","Gustavo A. Madero",07800,Industrial,Colonia
"Ciudad de México","Gustavo A. Madero",07810,Estrella,Colonia
"Ciudad de México","Gustavo A. Madero",07820,"Aragón Inguarán",Colonia
"Ciudad de México","Gustavo A. Madero",07820,"Tres Estrellas",Colonia
"Ciudad de México","Gustavo A. Madero",07830,"Gertrudis Sánchez 1a Sección",Colonia
"Ciudad de México","Gustavo A. Madero",07838,"Gertrudis Sánchez 3a Sección",Colonia
"Ciudad de México","Gustavo A. Madero",07839,"Gertrudis Sánchez 2a Sección",Colonia
"Ciudad de México","Gustavo A. Madero",07840,"7 de Noviembre",Colonia
"Ciudad de México","Gustavo A. Madero",07840,"Guadalupe Tepeyac",Colonia
"Ciudad de México","Gustavo A. Madero",07850,Bondojito,Colonia
"Ciudad de México","Gustavo A. Madero",07850,"Faja de Oro",Colonia
"Ciudad de México","Gustavo A. Madero",07858,"Ampliación Emiliano Zapata",Colonia
"Ciudad de México","Gustavo A. Madero",07859,"Ampliación Mártires de Río Blanco",Colonia
"Ciudad de México","Gustavo A. Madero",07860,"La Joyita",Colonia
"Ciudad de México","Gustavo A. Madero",07860,"Tablas de San Agustín",Colonia
"Ciudad de México","Gustavo A. Madero",07869,"Belisario Domínguez",Colonia
"Ciudad de México","Gustavo A. Madero",07870,"Guadalupe Insurgentes",Colonia
"Ciudad de México","Gustavo A. Madero",07870,Vallejo,Colonia
"Ciudad de México","Gustavo A. Madero",07880,"Mártires de Río Blanco",Colonia
"Ciudad de México","Gustavo A. Madero",07889,"Emiliano Zapata",Colonia
"Ciudad de México","Gustavo A. Madero",07890,"Cuchilla La Joya",Colonia
"Ciudad de México","Gustavo A. Madero",07890,"La Joya",Colonia
"Ciudad de México","Gustavo A. Madero",07890,"Nueva Tenochtitlan",Colonia
"Ciudad de México","Gustavo A. Madero",07899,"La Malinche",Colonia
"Ciudad de México","Gustavo A. Madero",07900,"Cuchilla del Tesoro",Colonia
"Ciudad de México","Gustavo A. Madero",07909,"Frente Cuchilla del Tesoro","Unidad habitacional"
"Ciudad de México","Gustavo A. Madero",07910,"San Juan de Aragón VII Sección",Colonia
"Ciudad de México","Gustavo A. Madero",07918,"San Juan de Aragón VI Sección",Colonia
"Ciudad de México","Gustavo A. Madero",07919,"Ex Ejido San Juan de Aragón Sector 32",Colonia
"Ciudad de México","Gustavo A. Madero",07920,"El Olivo",Colonia
"Ciudad de México","Gustavo A. Madero",07920,"San Juan de Aragón",Colonia
"Ciudad de México","Gustavo A. Madero",07930,Indeco,Colonia
"Ciudad de México","Gustavo A. Madero",07939,"Héroes de Chapultepec",Colonia
"Ciudad de México","Gustavo A. Madero",07940,"Ex Ejido San Juan de Aragón Sector 33",Colonia
"Ciudad de México","Gustavo A. Madero",07950,"San Juan de Aragón",Pueblo
"Ciudad de México","Gustavo A. Madero",07958,"La Cuchilla","Unidad habitacional"
"Ciudad de México","Gustavo A. Madero",07960,"Ex Escuela de Tiro",Colonia
"Ciudad de México","Gustavo A. Madero",07960,"Fernando Casas Alemán",Colonia
"Ciudad de México","Gustavo A. Madero",07960,"Héroes de Cerro Prieto",Colonia
"Ciudad de México","Gustavo A. Madero",07969,"San Juan de Aragón I Sección",Colonia
"Ciudad de México","Gustavo A. Madero",07969,"San Juan de Aragón II Sección",Colonia
"Ciudad de México","Gustavo A. Madero",07970,"San Juan de Aragón III Sección",Colonia
"Ciudad de México","Gustavo A. Madero",07979,"San Juan de Aragón IV Sección",Colonia
"Ciudad de México","Gustavo A. Madero",07979,"San Juan de Aragón V Sección",Colonia
"Ciudad de México","Gustavo A. Madero",07980,"Narciso Bassols",Colonia
"Ciudad de México","Gustavo A. Madero",07990,"C.T.M. Aragón",Colonia
"Ciudad de México",Iztacalco,08000,"Gabriel Ramos Millán Sección Bramadero",Colonia
"Ciudad de México",Iztacalco,08009,"Delegación Política Iztacalco","Gran usuario"
"Ciudad de México",Iztacalco,08010,"Ex-Ejido de La Magdalena Mixiuhca",Colonia
"Ciudad de México",Iztacalco,08020,"Ampliación Gabriel Ramos Millán",Colonia
"Ciudad de México",Iztacalco,08029,"Mujeres Ilustres","Unidad habitacional"
"Ciudad de México",Iztacalco,08030,"Gabriel Ramos Millán Sección Cuchilla",Colonia
"Ciudad de México",Iztacalco,08040,"Carlos Zapata Vela",Colonia
"Ciudad de México",Iztacalco,08040,Talleres,"Unidad habitacional"
"Ciudad de México",Iztacalco,08100,"Agrícola Pantitlán",Colonia
"Ciudad de México",Iztacalco,08160,"Agua Caliente","Unidad habitacional"
"Ciudad de México",Iztacalco,08170,"Las Rosas","Conjunto habitaciona"
"Ciudad de México",Iztacalco,08180,"Residencial Zaragoza","Conjunto habitaciona"
"Ciudad de México",Iztacalco,08188,"Belisario Domínguez INFONAVIT","Unidad habitacional"
"Ciudad de México",Iztacalco,08189,"Flores Magón INFONAVIT","Unidad habitacional"
"Ciudad de México",Iztacalco,08200,"Viaducto Piedad",Colonia
"Ciudad de México",Iztacalco,08210,"Nueva Santa Anita",Colonia
"Ciudad de México",Iztacalco,08220,"San Pedro",Barrio
"Ciudad de México",Iztacalco,08230,"San Francisco Xicaltongo",Barrio
"Ciudad de México",Iztacalco,08240,"Santiago Norte",Barrio
"Ciudad de México",Iztacalco,08300,"Santa Anita",Colonia
"Ciudad de México",Iztacalco,08310,"La Cruz",Colonia
"Ciudad de México",Iztacalco,08320,"Fraccionamiento Coyuya",Colonia
"Ciudad de México",Iztacalco,08400,"Granjas México",Colonia
"Ciudad de México",Iztacalco,08400,"Granjas Princess",Condominio
"Ciudad de México",Iztacalco,08400,"Mario Moreno",Condominio
"Ciudad de México",Iztacalco,08420,"Cuchilla Agrícola Oriental",Colonia
"Ciudad de México",Iztacalco,08500,"Agrícola Oriental",Colonia
"Ciudad de México",Iztacalco,08510,"El Rodeo",Colonia
"Ciudad de México",Iztacalco,08520,"Hermanos Blancas","Unidad habitacional"
"Ciudad de México",Iztacalco,08560,"Sur 12C FOVISSSTE","Unidad habitacional"
"Ciudad de México",Iztacalco,08580,"Sur 20 INFONAVIT","Unidad habitacional"
"Ciudad de México",Iztacalco,08600,"La Asunción",Barrio
"Ciudad de México",Iztacalco,08610,Zapotla,Barrio
"Ciudad de México",Iztacalco,08619,"5 de Diciembre FOVISSSTE","Unidad habitacional"
"Ciudad de México",Iztacalco,08620,"Los Reyes",Barrio
"Ciudad de México",Iztacalco,08620,"Mercados 1","Unidad habitacional"
"Ciudad de México",Iztacalco,08620,"Mercados 2","Unidad habitacional"
"Ciudad de México",Iztacalco,08650,"San Miguel",Barrio
"Ciudad de México",Iztacalco,08700,"Juventino Rosas",Colonia
"Ciudad de México",Iztacalco,08710,Tlazintla,Colonia
"Ciudad de México",Iztacalco,08720,"Gabriel Ramos Millán Sección Tlacotal",Colonia
"Ciudad de México",Iztacalco,08730,"Gabriel Ramos Millán",Colonia
"Ciudad de México",Iztacalco,08760,"INPI Picos",Colonia
"Ciudad de México",Iztacalco,08760,"Los Picos de Iztacalco Sección 1b",Colonia
"Ciudad de México",Iztacalco,08760,"Los Picos de Iztacalco Sección 2a",Colonia
"Ciudad de México",Iztacalco,08770,"Los Picos de Iztacalco Sección 1a",Colonia
"Ciudad de México",Iztacalco,08800,"Santiago Sur",Barrio
"Ciudad de México",Iztacalco,08810,"Reforma Iztaccíhuatl Norte",Colonia
"Ciudad de México",Iztacalco,08820,"Maestros de Iztacalco","Unidad habitacional"
"Ciudad de México",Iztacalco,08820,Santiago,"Unidad habitacional"
"Ciudad de México",Iztacalco,08830,"Militar Marte",Colonia
"Ciudad de México",Iztacalco,08840,"Reforma Iztaccíhuatl Sur",Colonia
"Ciudad de México",Iztacalco,08900,"INFONAVIT Iztacalco",Colonia
"Ciudad de México",Iztacalco,08910,"Santa Cruz",Barrio
"Ciudad de México",Iztacalco,08920,"Jardines Tecma",Colonia
"Ciudad de México",Iztacalco,08930,"Campamento 2 de Octubre",Colonia
"Ciudad de México",Iztacalco,08930,"Mártires de Tlatelolco","Unidad habitacional"
"Ciudad de México",Iztapalapa,09000,"La Asunción",Barrio
"Ciudad de México",Iztapalapa,09000,"San Ignacio",Barrio
"Ciudad de México",Iztapalapa,09000,"San José",Barrio
"Ciudad de México",Iztapalapa,09000,"San Lucas",Barrio
"Ciudad de México",Iztapalapa,09000,"San Pablo",Barrio
"Ciudad de México",Iztapalapa,09000,"San Pedro",Barrio
"Ciudad de México",Iztapalapa,09000,"Santa Bárbara",Barrio
"Ciudad de México",Iztapalapa,09009,"Delegación Política Iztapalapa","Gran usuario"
"Ciudad de México",Iztapalapa,09010,"Real del Moral",Colonia
"Ciudad de México",Iztapalapa,09020,"Dr. Alfonso Ortiz Tirado",Colonia
"Ciudad de México",Iztapalapa,09030,"Paseos de Churubusco",Colonia
"Ciudad de México",Iztapalapa,09040,"Central de Abasto",Colonia
"Ciudad de México",Iztapalapa,09040,"Paseos de Churubusco FOVISSSTE","Unidad habitacional"
"Ciudad de México",Iztapalapa,09060,"Escuadrón 201",Colonia
"Ciudad de México",Iztapalapa,09060,"Sector Popular",Colonia
"Ciudad de México",Iztapalapa,09070,"Granjas de San Antonio",Colonia
"Ciudad de México",Iztapalapa,09080,Cacama,Colonia
"Ciudad de México",Iztapalapa,09080,Xopa,"Unidad habitacional"
"Ciudad de México",Iztapalapa,09089,"Unidad Modelo",Colonia
"Ciudad de México",Iztapalapa,09090,"Héroes de Churubusco",Colonia
"Ciudad de México",Iztapalapa,09099,Mexicaltzingo,Pueblo
"Ciudad de México",Iztapalapa,09100,"Juan Escutia",Colonia
"Ciudad de México",Iztapalapa,09110,"La Valenciana","Unidad habitacional"
"Ciudad de México",Iztapalapa,09120,"Voceadores de México","Unidad habitacional"
"Ciudad de México",Iztapalapa,09130,"San Lorenzo Xicotencatl",Pueblo
"Ciudad de México",Iztapalapa,09140,"Santa Martha Acatitla Norte",Colonia
"Ciudad de México",Iztapalapa,09150,"Fuentes de Zaragoza","Unidad habitacional"
"Ciudad de México",Iztapalapa,09150,"La Concordia","Unidad habitacional"
"Ciudad de México",Iztapalapa,09160,"Predio el Brillante","Unidad habitacional"
"Ciudad de México",Iztapalapa,09160,Solidaridad,"Unidad habitacional"
"Ciudad de México",Iztapalapa,09170,"La Colmena","Unidad habitacional"
"Ciudad de México",Iztapalapa,09180,"Ermita Zaragoza",Colonia
"Ciudad de México",Iztapalapa,09200,"Unidad Vicente Guerrero",Colonia
"Ciudad de México",Iztapalapa,09207,"Complejo Industrial Ecológico",Fraccionamiento
"Ciudad de México",Iztapalapa,09208,"6 de Octubre","Unidad habitacional"
"Ciudad de México",Iztapalapa,09208,"Chinampac de Juárez",Colonia
"Ciudad de México",Iztapalapa,09208,"Chinampac de Juárez Frente IX","Unidad habitacional"
"Ciudad de México",Iztapalapa,09208,"Chinampac de Juárez Frente VI","Unidad habitacional"
"Ciudad de México",Iztapalapa,09208,"Chinampac de Juárez Frente VII","Unidad habitacional"
"Ciudad de México",Iztapalapa,09208,"Chinampac de Juárez Frente VIII","Unidad habitacional"
"Ciudad de México",Iztapalapa,09208,"Chinampac de Juárez Frente X","Unidad habitacional"
"Ciudad de México",Iztapalapa,09208,"Chinampac de Juárez Frente XI","Unidad habitacional"
"Ciudad de México",Iztapalapa,09208,"Hacienda de las Flores","Unidad habitacional"
"Ciudad de México",Iztapalapa,09208,"Los Cedros","Unidad habitacional"
"Ciudad de México",Iztapalapa,09209,Purísima,"Unidad habitacional"
"Ciudad de México",Iztapalapa,09209,Renovación,Colonia
"Ciudad de México",Iztapalapa,09210,"Moras Primavera","Unidad habitacional"
"Ciudad de México",Iztapalapa,09210,Tepalcates,Colonia
"Ciudad de México",Iztapalapa,09210,"Tepalcates I","Unidad habitacional"
"Ciudad de México",Iztapalapa,09219,"Reforma Educativa","Unidad habitacional"
"Ciudad de México",Iztapalapa,09220,"Unidad Ejército Constitucionalista",Colonia
"Ciudad de México",Iztapalapa,09226,Rotaria,"Unidad habitacional"
"Ciudad de México",Iztapalapa,09227,"Cabeza de Juárez","Unidad habitacional"
"Ciudad de México",Iztapalapa,09227,"Lienzo Charro","Unidad habitacional"
"Ciudad de México",Iztapalapa,09228,"Ignacio Zaragoza","Unidad habitacional"
"Ciudad de México",Iztapalapa,09229,"Guelatao Benito Juárez","Unidad habitacional"
"Ciudad de México",Iztapalapa,09230,"Álvaro Obregón",Colonia
"Ciudad de México",Iztapalapa,09230,"Ejército de Oriente",Colonia
"Ciudad de México",Iztapalapa,09230,"El Paraíso",Colonia
"Ciudad de México",Iztapalapa,09230,"José María Morelos y Pavón",Colonia
"Ciudad de México",Iztapalapa,09233,"Peñón Viejo","Unidad habitacional"
"Ciudad de México",Iztapalapa,09239,"Ejército de Oriente Zona Peñon",Colonia
"Ciudad de México",Iztapalapa,09240,Progresista,Colonia
"Ciudad de México",Iztapalapa,09249,Albarrada,"Unidad habitacional"
"Ciudad de México",Iztapalapa,09250,"La Regadera",Colonia
"Ciudad de México",Iztapalapa,09250,"Las Américas","Unidad habitacional"
"Ciudad de México",Iztapalapa,09250,"Plutarco Elías Calles","Unidad habitacional"
"Ciudad de México",Iztapalapa,09260,"Constitución de 1917",Colonia
"Ciudad de México",Iztapalapa,09270,"Colonial Iztapalapa",Colonia
"Ciudad de México",Iztapalapa,09280,Jacarandas,Colonia
"Ciudad de México",Iztapalapa,09290,"Cuartos de Tlatelolco","Unidad habitacional"
"Ciudad de México",Iztapalapa,09290,"Luis Donaldo Colosio","Unidad habitacional"
"Ciudad de México",Iztapalapa,09290,"Santa Cruz Meyehualco",Colonia
"Ciudad de México",Iztapalapa,09300,"Guadalupe del Moral",Colonia
"Ciudad de México",Iztapalapa,09310,"Leyes de Reforma 1a Sección",Colonia
"Ciudad de México",Iztapalapa,09310,"Leyes de Reforma 2a Sección",Colonia
"Ciudad de México",Iztapalapa,09310,"Leyes de Reforma 3a Sección",Colonia
"Ciudad de México",Iztapalapa,09319,"Cuchilla del Moral",Colonia
"Ciudad de México",Iztapalapa,09320,Sideral,Colonia
"Ciudad de México",Iztapalapa,09330,"Margarita Maza de Juárez","Unidad habitacional"
"Ciudad de México",Iztapalapa,09350,Albarrada,Colonia
"Ciudad de México",Iztapalapa,09359,"Eva Sámano de López Mateos",Colonia
"Ciudad de México",Iztapalapa,09360,"Ampliación San Miguel",Colonia
"Ciudad de México",Iztapalapa,09360,"Ermita Iztapalapa","Unidad habitacional"
"Ciudad de México",Iztapalapa,09360,"Hidalgo y Mina","Unidad habitacional"
"Ciudad de México",Iztapalapa,09360,INFONAVIT,"Unidad habitacional"
"Ciudad de México",Iztapalapa,09360,"San Miguel",Barrio
"Ciudad de México",Iztapalapa,09366,"Norma FOVISSSTE","Unidad habitacional"
"Ciudad de México",Iztapalapa,09368,P.R.I.,"Unidad habitacional"
"Ciudad de México",Iztapalapa,09369,Alborada,"Unidad habitacional"
"Ciudad de México",Iztapalapa,09369,"El Gavilán","Unidad habitacional"
"Ciudad de México",Iztapalapa,09369,"Gama Gavilán","Unidad habitacional"
"Ciudad de México",Iztapalapa,09400,"El Sifón",Colonia
"Ciudad de México",Iztapalapa,09400,"La Viga","Unidad habitacional"
"Ciudad de México",Iztapalapa,09400,"San Juanico Nextipac",Pueblo
"Ciudad de México",Iztapalapa,09410,Aculco,Pueblo
"Ciudad de México",Iztapalapa,09410,"Jardines de Churubusco",Colonia
"Ciudad de México",Iztapalapa,09410,"Magdalena Atlazolpa",Pueblo
"Ciudad de México",Iztapalapa,09410,"San José Aculco",Colonia
"Ciudad de México",Iztapalapa,09420,"Los Picos VI-B",Colonia
"Ciudad de México",Iztapalapa,09420,"Nueva Rosita",Colonia
"Ciudad de México",Iztapalapa,09429,"Purísima Atlazolpa",Colonia
"Ciudad de México",Iztapalapa,09430,Apatlaco,Colonia
"Ciudad de México",Iztapalapa,09430,"El Triunfo",Colonia
"Ciudad de México",Iztapalapa,09437,"Secretaria de la Reforma Agraria","Gran usuario"
"Ciudad de México",Iztapalapa,09438,"Ampliación El Triunfo",Colonia
"Ciudad de México",Iztapalapa,09440,"El Retoño",Colonia
"Ciudad de México",Iztapalapa,09440,"San Andrés Tetepilco",Colonia
"Ciudad de México",Iztapalapa,09440,Zacahuitzco,Colonia
"Ciudad de México",Iztapalapa,09450,Banjidal,Colonia
"Ciudad de México",Iztapalapa,09460,"Justo Sierra",Colonia
"Ciudad de México",Iztapalapa,09470,Sinatel,Colonia
"Ciudad de México",Iztapalapa,09479,"Ampliación Sinatel",Colonia
"Ciudad de México",Iztapalapa,09480,"El Prado",Colonia
"Ciudad de México",Iztapalapa,09500,"Santa María Aztahuacán",Pueblo
"Ciudad de México",Iztapalapa,09500,"Santa María Aztahuacán Ampliación",Colonia
"Ciudad de México",Iztapalapa,09510,"Santa Martha Acatitla",Pueblo
"Ciudad de México",Iztapalapa,09519,"Penitenciaria Santa Martha Acatitla","Gran usuario"
"Ciudad de México",Iztapalapa,09520,"El Edén",Colonia
"Ciudad de México",Iztapalapa,09520,"San Sebastián Tecoloxtitla",Pueblo
"Ciudad de México",Iztapalapa,09530,"Santa Martha Acatitla Sur",Colonia
"Ciudad de México",Iztapalapa,09550,"Monte Alban",Colonia
"Ciudad de México",Iztapalapa,09560,"Paraje Zacatepec",Colonia
"Ciudad de México",Iztapalapa,09570,"Santa María Aztahuacán",Colonia
"Ciudad de México",Iztapalapa,09577,"Artículo 4°. Constitucional","Unidad habitacional"
"Ciudad de México",Iztapalapa,09577,"Cabeza de Juárez 4 o Frente 4","Unidad habitacional"
"Ciudad de México",Iztapalapa,09577,"Fuerte de Loreto","Unidad habitacional"
"Ciudad de México",Iztapalapa,09578,"Ejército de Agua Prieta",Colonia
"Ciudad de México",Iztapalapa,09579,"Cabeza de Juárez 5 o Frente 5","Unidad habitacional"
"Ciudad de México",Iztapalapa,09579,"Las Rosas","Unidad habitacional"
"Ciudad de México",Iztapalapa,09600,"Santiago Acahualtepec",Pueblo
"Ciudad de México",Iztapalapa,09608,"Santiago Acahualtepec 1ra. Ampliación",Colonia
"Ciudad de México",Iztapalapa,09609,"Santiago Acahualtepec 2a. Ampliación",Colonia
"Ciudad de México",Iztapalapa,09620,"Lomas de Zaragoza",Colonia
"Ciudad de México",Iztapalapa,09630,"San Miguel Teotongo Sección Acorralado",Colonia
"Ciudad de México",Iztapalapa,09630,"San Miguel Teotongo Sección Avisadero",Colonia
"Ciudad de México",Iztapalapa,09630,"San Miguel Teotongo Sección Capilla",Colonia
"Ciudad de México",Iztapalapa,09630,"San Miguel Teotongo Sección Corrales",Colonia
"Ciudad de México",Iztapalapa,09630,"San Miguel Teotongo Sección Guadalupe",Colonia
"Ciudad de México",Iztapalapa,09630,"San Miguel Teotongo Sección Iztlahuaca",Colonia
"Ciudad de México",Iztapalapa,09630,"San Miguel Teotongo Sección Jardines",Colonia
"Ciudad de México",Iztapalapa,09630,"San Miguel Teotongo Sección La Cruz",Colonia
"Ciudad de México",Iztapalapa,09630,"San Miguel Teotongo Sección Loma Alta",Colonia
"Ciudad de México",Iztapalapa,09630,"San Miguel Teotongo Sección Mercedes",Colonia
"Ciudad de México",Iztapalapa,09630,"San Miguel Teotongo Sección Palmitas",Colonia
"Ciudad de México",Iztapalapa,09630,"San Miguel Teotongo Sección Puente",Colonia
"Ciudad de México",Iztapalapa,09630,"San Miguel Teotongo Sección Ranchito",Colonia
"Ciudad de México",Iztapalapa,09630,"San Miguel Teotongo Sección Rancho Bajo",Colonia
"Ciudad de México",Iztapalapa,09630,"San Miguel Teotongo Sección Torres",Colonia
"Ciudad de México",Iztapalapa,09637,"Campestre Potrero",Colonia
"Ciudad de México",Iztapalapa,09638,"Ampliación Emiliano Zapata",Colonia
"Ciudad de México",Iztapalapa,09640,"Lomas de la Estancia",Colonia
"Ciudad de México",Iztapalapa,09640,Xalpa,Colonia
"Ciudad de México",Iztapalapa,09648,"San Pablo",Colonia
"Ciudad de México",Iztapalapa,09660,Citlalli,Colonia
"Ciudad de México",Iztapalapa,09670,Palmitas,Colonia
"Ciudad de México",Iztapalapa,09680,Tenorios,Colonia
"Ciudad de México",Iztapalapa,09689,"Barranca de Guadalupe",Colonia
"Ciudad de México",Iztapalapa,09690,Iztlahuacán,Colonia
"Ciudad de México",Iztapalapa,09696,Miravalles,Colonia
"Ciudad de México",Iztapalapa,09698,"Miguel de La Madrid Hurtado",Colonia
"Ciudad de México",Iztapalapa,09700,Buenavista,Colonia
"Ciudad de México",Iztapalapa,09700,"Carlos Hank Gonzalez",Colonia
"Ciudad de México",Iztapalapa,09700,Cuauhtémoc,"Unidad habitacional"
"Ciudad de México",Iztapalapa,09700,"Desarrollo Urbano Quetzalcoatl",Colonia
"Ciudad de México",Iztapalapa,09700,Matamoros,"Unidad habitacional"
"Ciudad de México",Iztapalapa,09700,"Morelos II","Unidad habitacional"
"Ciudad de México",Iztapalapa,09700,"Santa Cruz Meyehualco",Pueblo
"Ciudad de México",Iztapalapa,09704,"Arboledas Zafiro","Unidad habitacional"
"Ciudad de México",Iztapalapa,09704,Degollado,Colonia
"Ciudad de México",Iztapalapa,09704,"La Magueyera","Unidad habitacional"
"Ciudad de México",Iztapalapa,09704,Prados,"Unidad habitacional"
"Ciudad de México",Iztapalapa,09704,"Predio San Rafael",Campamento
"Ciudad de México",Iztapalapa,09704,Tejocotes,"Unidad habitacional"
"Ciudad de México",Iztapalapa,09705,"Degollado - Mexicatlalli",Colonia
"Ciudad de México",Iztapalapa,09705,"Predio Xaltepec",Campamento
"Ciudad de México",Iztapalapa,09706,"Predio San Pedro y San Pablo",Campamento
"Ciudad de México",Iztapalapa,09706,"San José Buenavista",Colonia
"Ciudad de México",Iztapalapa,09708,Mixcoatl,Colonia
"Ciudad de México",Iztapalapa,09708,Violeta,"Unidad habitacional"
"Ciudad de México",Iztapalapa,09709,"Lomas de Santa Cruz",Colonia
"Ciudad de México",Iztapalapa,09710,"Los Ángeles Apanoaya",Colonia
"Ciudad de México",Iztapalapa,09719,STUNAM,"Unidad habitacional"
"Ciudad de México",Iztapalapa,09720,"Francisco Villa",Colonia
"Ciudad de México",Iztapalapa,09720,"La Era",Colonia
"Ciudad de México",Iztapalapa,09730,"Reforma Política",Colonia
"Ciudad de México",Iztapalapa,09730,"Sierra del Valle","Unidad habitacional"
"Ciudad de México",Iztapalapa,09740,"Anastasio Bustamante","Unidad habitacional"
"Ciudad de México",Iztapalapa,09740,"Presidentes de México",Colonia
"Ciudad de México",Iztapalapa,09750,Insurgentes,Colonia
"Ciudad de México",Iztapalapa,09750,"La Polvorilla",Colonia
"Ciudad de México",Iztapalapa,09750,"Las Peñas",Colonia
"Ciudad de México",Iztapalapa,09759,"Las Torres","Unidad habitacional"
"Ciudad de México",Iztapalapa,09760,"Consejo Agrarista Mexicano",Colonia
"Ciudad de México",Iztapalapa,09760,"Presidentes y Plaza de La Constitución","Unidad habitacional"
"Ciudad de México",Iztapalapa,09767,"Residencial del Valle","Unidad habitacional"
"Ciudad de México",Iztapalapa,09768,"Opus 3","Conjunto habitaciona"
"Ciudad de México",Iztapalapa,09769,"El Triángulo",Colonia
"Ciudad de México",Iztapalapa,09770,"Puente Blanco",Colonia
"Ciudad de México",Iztapalapa,09779,"Fase II","Unidad habitacional"
"Ciudad de México",Iztapalapa,09780,"Año de Juárez",Colonia
"Ciudad de México",Iztapalapa,09780,"El Árbol FOVISSSTE","Unidad habitacional"
"Ciudad de México",Iztapalapa,09780,"El Tesoro","Unidad habitacional"
"Ciudad de México",Iztapalapa,09780,"Fividesu Avenida 3","Unidad habitacional"
"Ciudad de México",Iztapalapa,09780,INFONAVIT,"Unidad habitacional"
"Ciudad de México",Iztapalapa,09780,"Lomas de San Lorenzo",Colonia
"Ciudad de México",Iztapalapa,09789,"Reclusorio Oriente","Gran usuario"
"Ciudad de México",Iztapalapa,09790,"San Lorenzo Tezonco",Pueblo
"Ciudad de México",Iztapalapa,09800,"Barrio San Antonio Culhuacán",Barrio
"Ciudad de México",Iztapalapa,09800,"Barrio Tula",Barrio
"Ciudad de México",Iztapalapa,09800,"El Mirador",Colonia
"Ciudad de México",Iztapalapa,09800,"Estrella Culhuacán",Colonia
"Ciudad de México",Iztapalapa,09800,"Fuego Nuevo",Colonia
"Ciudad de México",Iztapalapa,09800,"Predio Maravillas","Unidad habitacional"
"Ciudad de México",Iztapalapa,09800,"Pueblo Culhuacán",Pueblo
"Ciudad de México",Iztapalapa,09800,"San Antonio Culhuacán",Colonia
"Ciudad de México",Iztapalapa,09800,"San Marcos","Unidad habitacional"
"Ciudad de México",Iztapalapa,09800,"San Simón Culhuacán",Barrio
"Ciudad de México",Iztapalapa,09800,"Valle de Luces",Colonia
"Ciudad de México",Iztapalapa,09809,"Valle de Luces","Unidad habitacional"
"Ciudad de México",Iztapalapa,09810,"Granjas Esmeralda",Colonia
"Ciudad de México",Iztapalapa,09810,"Los Cipreses",Colonia
"Ciudad de México",Iztapalapa,09810,Minerva,Colonia
"Ciudad de México",Iztapalapa,09810,"Progreso del Sur",Colonia
"Ciudad de México",Iztapalapa,09819,"Valle del Sur",Colonia
"Ciudad de México",Iztapalapa,09820,"El Santuario",Colonia
"Ciudad de México",Iztapalapa,09820,"Estrella del Sur",Colonia
"Ciudad de México",Iztapalapa,09820,"La Mora Grande","Unidad habitacional"
"Ciudad de México",Iztapalapa,09820,"Ricardo Flores Magón",Colonia
"Ciudad de México",Iztapalapa,09820,"Santa Isabel Industrial",Colonia
"Ciudad de México",Iztapalapa,09828,"Ampliación Ricardo Flores Magón",Colonia
"Ciudad de México",Iztapalapa,09829,"Ampliación El Santuario",Colonia
"Ciudad de México",Iztapalapa,09829,"Villas San Diego",Fraccionamiento
"Ciudad de México",Iztapalapa,09830,"El Manto",Colonia
"Ciudad de México",Iztapalapa,09830,"El Molino",Colonia
"Ciudad de México",Iztapalapa,09830,"Jesús Vela","Unidad habitacional"
"Ciudad de México",Iztapalapa,09830,"Lomas El Manto",Colonia
"Ciudad de México",Iztapalapa,09830,"Los Ángeles",Colonia
"Ciudad de México",Iztapalapa,09830,"Paraje San Juan",Colonia
"Ciudad de México",Iztapalapa,09836,Cuitlahuac,"Unidad habitacional"
"Ciudad de México",Iztapalapa,09837,"San Miguel 8va. Ampliación",Colonia
"Ciudad de México",Iztapalapa,09838,"Plan de Iguala",Colonia
"Ciudad de México",Iztapalapa,09839,"Ampliación Paraje San Juan",Colonia
"Ciudad de México",Iztapalapa,09839,"San Juan Joya",Colonia
"Ciudad de México",Iztapalapa,09840,"Los Reyes Culhuacán",Pueblo
"Ciudad de México",Iztapalapa,09849,"Ampliación Los Reyes",Colonia
"Ciudad de México",Iztapalapa,09850,Carolinas,"Unidad habitacional"
"Ciudad de México",Iztapalapa,09850,Cedros,"Unidad habitacional"
"Ciudad de México",Iztapalapa,09850,"Lirios FOVISSSTE","Unidad habitacional"
"Ciudad de México",Iztapalapa,09850,Naranjos,"Unidad habitacional"
"Ciudad de México",Iztapalapa,09850,"Popular Oriente","Unidad habitacional"
"Ciudad de México",Iztapalapa,09850,"Predio Nautla","Unidad habitacional"
"Ciudad de México",Iztapalapa,09850,"San Juan Xalpa","Unidad habitacional"
"Ciudad de México",Iztapalapa,09850,"San Juan Xalpa",Colonia
"Ciudad de México",Iztapalapa,09850,"San Nicolás Tolentino","Unidad habitacional"
"Ciudad de México",Iztapalapa,09850,"San Nicolás Tolentino",Colonia
"Ciudad de México",Iztapalapa,09850,"Santa María del Monte",Colonia
"Ciudad de México",Iztapalapa,09850,Vikingos,"Unidad habitacional"
"Ciudad de México",Iztapalapa,09856,"Ampliación Veracruzana",Colonia
"Ciudad de México",Iztapalapa,09856,"Estado de Veracruz",Colonia
"Ciudad de México",Iztapalapa,09857,"El Tule","Unidad habitacional"
"Ciudad de México",Iztapalapa,09857,"San Francisco INFONAVIT","Unidad habitacional"
"Ciudad de México",Iztapalapa,09857,"San Lorenzo","Unidad habitacional"
"Ciudad de México",Iztapalapa,09858,"Paraje San Juan Cerro",Colonia
"Ciudad de México",Iztapalapa,09859,"Benito Juárez",Colonia
"Ciudad de México",Iztapalapa,09860,"Ampliación Bellavista",Colonia
"Ciudad de México",Iztapalapa,09860,Bellavista,Colonia
"Ciudad de México",Iztapalapa,09860,"Casa Blanca",Colonia
"Ciudad de México",Iztapalapa,09860,"Cerro de La Estrella",Colonia
"Ciudad de México",Iztapalapa,09860,"El Rodeo",Colonia
"Ciudad de México",Iztapalapa,09860,España,"Unidad habitacional"
"Ciudad de México",Iztapalapa,09860,"Parque Nacional Cerro  de la Estrella",Colonia
"Ciudad de México",Iztapalapa,09860,"Reforma Garay INFONAVIT","Unidad habitacional"
"Ciudad de México",Iztapalapa,09860,"Sabadell Bellavista","Unidad habitacional"
"Ciudad de México",Iztapalapa,09860,"Viva Sur","Unidad habitacional"
"Ciudad de México",Iztapalapa,09864,"Bertha Von Bloumer","Unidad habitacional"
"Ciudad de México",Iztapalapa,09868,"Plaza Estrella I","Unidad habitacional"
"Ciudad de México",Iztapalapa,09868,"San Juan Estrella",Colonia
"Ciudad de México",Iztapalapa,09869,"Plaza Estrella II","Unidad habitacional"
"Ciudad de México",Iztapalapa,09870,"12 de Diciembre",Colonia
"Ciudad de México",Iztapalapa,09870,"La Loma","Unidad habitacional"
"Ciudad de México",Iztapalapa,09870,"San Andrés Tomatlán",Colonia
"Ciudad de México",Iztapalapa,09870,"San Andrés Tomatlán",Pueblo
"Ciudad de México",Iztapalapa,09870,"Santa María Tomatlán",Pueblo
"Ciudad de México",Iztapalapa,09880,"Campestre Estrella",Fraccionamiento
"Ciudad de México",Iztapalapa,09880,"Cooperativa de Trabajadores Sector Pesca","Unidad habitacional"
"Ciudad de México",Iztapalapa,09880,"El Vergel",Colonia
"Ciudad de México",Iztapalapa,09880,"Granjas Estrella",Colonia
"Ciudad de México",Iztapalapa,09880,Jacarandas,"Unidad habitacional"
"Ciudad de México",Iztapalapa,09889,"Rinconada Estrella","Unidad habitacional"
"Ciudad de México",Iztapalapa,09890,"Lomas Estrella",Colonia
"Ciudad de México",Iztapalapa,09897,"Carlos Jonguitud Barrios",Colonia
"Ciudad de México",Iztapalapa,09897,"Residencial Venecia","Unidad habitacional"
"Ciudad de México",Iztapalapa,09899,"Lomas Estrella FOVISSSTE","Unidad habitacional"
"Ciudad de México",Iztapalapa,09900,Guadalupe,Barrio
"Ciudad de México",Iztapalapa,09900,"San Antonio",Barrio
"Ciudad de México",Iztapalapa,09900,"San Lorenzo",Barrio
"Ciudad de México",Iztapalapa,09910,"La Esperanza",Colonia
"Ciudad de México",Iztapalapa,09910,"Los Mirasoles","Unidad habitacional"
"Ciudad de México",Iztapalapa,09920,"José López Portillo",Colonia
"Ciudad de México",Iztapalapa,09930,"El Rosario",Colonia
"Ciudad de México",Iztapalapa,09940,"Jardines de San Lorenzo Tezonco",Colonia
"Ciudad de México",Iztapalapa,09960,Allapetlalli,Colonia
"Ciudad de México",Iztapalapa,09960,Celoalliotli,Colonia
"Ciudad de México",Iztapalapa,09960,"Cooperativa Tlaltenco","Unidad habitacional"
"Ciudad de México",Iztapalapa,09960,"El Molino Tezonco",Colonia
"Ciudad de México",Iztapalapa,09960,Huasipungo,"Unidad habitacional"
"Ciudad de México",Iztapalapa,09960,"La Planta",Colonia
"Ciudad de México",Iztapalapa,09960,Moyocoyani,"Unidad habitacional"
"Ciudad de México",Iztapalapa,09960,"Na hal ti","Unidad habitacional"
"Ciudad de México",Iztapalapa,09960,"Nueva Generación","Unidad habitacional"
"Ciudad de México",Iztapalapa,09960,"Rinconada del Molino","Unidad habitacional"
"Ciudad de México",Iztapalapa,09960,USCOVI,Colonia
"Ciudad de México",Iztapalapa,09969,Cananea,Colonia
"Ciudad de México",Iztapalapa,09970,"Valle de San Lorenzo",Colonia
"Ciudad de México",Iztapalapa,09979,"Carmen Serdán","Unidad habitacional"
"Ciudad de México","La Magdalena Contreras",10000,"Lomas Quebradas",Colonia
"Ciudad de México","La Magdalena Contreras",10010,"La Malinche",Colonia
"Ciudad de México","La Magdalena Contreras",10010,"San Bartolo Ameyalco",Colonia
"Ciudad de México","La Magdalena Contreras",10020,Cuauhtémoc,Colonia
"Ciudad de México","La Magdalena Contreras",10100,"Unidad Independencia IMSS","Unidad habitacional"
"Ciudad de México","La Magdalena Contreras",10110,"Puente Sierra",Fraccionamiento
"Ciudad de México","La Magdalena Contreras",10130,"Batan Viejo",Colonia
"Ciudad de México","La Magdalena Contreras",10200,"San Jerónimo Lídice",Colonia
"Ciudad de México","La Magdalena Contreras",10210,"Los Capulines",Condominio
"Ciudad de México","La Magdalena Contreras",10290,"Bosques de La Magdalena",Condominio
"Ciudad de México","La Magdalena Contreras",10300,"San Bernabé Ocotepec",Pueblo
"Ciudad de México","La Magdalena Contreras",10309,"El Oasis de San Bernabé",Fraccionamiento
"Ciudad de México","La Magdalena Contreras",10320,"El Tanque",Colonia
"Ciudad de México","La Magdalena Contreras",10330,"Las Cruces",Colonia
"Ciudad de México","La Magdalena Contreras",10340,"Los Padres",Colonia
"Ciudad de México","La Magdalena Contreras",10350,"Lomas de San Bernabé",Colonia
"Ciudad de México","La Magdalena Contreras",10360,Huayatla,Colonia
"Ciudad de México","La Magdalena Contreras",10368,"Ampliación Potrerillo",Colonia
"Ciudad de México","La Magdalena Contreras",10369,"Ampliación Lomas de San Bernabé",Colonia
"Ciudad de México","La Magdalena Contreras",10369,"Tierra Unida",Colonia
"Ciudad de México","La Magdalena Contreras",10370,Palmas,Colonia
"Ciudad de México","La Magdalena Contreras",10378,Atacaxco,Colonia
"Ciudad de México","La Magdalena Contreras",10379,"Vista Hermosa",Colonia
"Ciudad de México","La Magdalena Contreras",10380,"Barros Sierra",Colonia
"Ciudad de México","La Magdalena Contreras",10400,"San Jerónimo Aculco",Colonia
"Ciudad de México","La Magdalena Contreras",10500,"Barrio San Francisco",Colonia
"Ciudad de México","La Magdalena Contreras",10580,"Barranca Seca",Colonia
"Ciudad de México","La Magdalena Contreras",10589,"Delegación Política Magdalena Contreras","Gran usuario"
"Ciudad de México","La Magdalena Contreras",10600,"El Rosal",Colonia
"Ciudad de México","La Magdalena Contreras",10610,"El Toro",Colonia
"Ciudad de México","La Magdalena Contreras",10620,Potrerillo,Colonia
"Ciudad de México","La Magdalena Contreras",10630,"El Ocotal",Campamento
"Ciudad de México","La Magdalena Contreras",10640,"La Carbonera",Colonia
"Ciudad de México","La Magdalena Contreras",10640,"Pueblo Nuevo Alto",Colonia
"Ciudad de México","La Magdalena Contreras",10640,"Pueblo Nuevo Bajo",Colonia
"Ciudad de México","La Magdalena Contreras",10650,"Rancho Pachita",Fraccionamiento
"Ciudad de México","La Magdalena Contreras",10660,"El Ermitaño",Colonia
"Ciudad de México","La Magdalena Contreras",10700,"Héroes de Padierna",Colonia
"Ciudad de México","La Magdalena Contreras",10710,"Santa Teresa",Colonia
"Ciudad de México","La Magdalena Contreras",10720,"Pedregal 2","Unidad habitacional"
"Ciudad de México","La Magdalena Contreras",10730,"Santa Teresa","Unidad habitacional"
"Ciudad de México","La Magdalena Contreras",10740,"Santa Teresa",Condominio
"Ciudad de México","La Magdalena Contreras",10800,"La Cruz",Colonia
"Ciudad de México","La Magdalena Contreras",10810,"San Francisco",Colonia
"Ciudad de México","La Magdalena Contreras",10820,"La Guadalupe",Colonia
"Ciudad de México","La Magdalena Contreras",10830,"La Concepción",Colonia
"Ciudad de México","La Magdalena Contreras",10840,"Las Calles",Barrio
"Ciudad de México","La Magdalena Contreras",10840,"Plazuela del Pedregal",Barrio
"Ciudad de México","La Magdalena Contreras",10900,"San Nicolás Totolapan",Pueblo
"Ciudad de México","La Magdalena Contreras",10910,"La Magdalena",Pueblo
"Ciudad de México","La Magdalena Contreras",10920,"Las Huertas",Colonia
"Ciudad de México","La Magdalena Contreras",10926,"Tierra Colorada",Campamento
"Ciudad de México","Miguel Hidalgo",11000,"Lomas de Chapultepec I Sección",Colonia
"Ciudad de México","Miguel Hidalgo",11000,"Lomas de Chapultepec II Sección",Colonia
"Ciudad de México","Miguel Hidalgo",11000,"Lomas de Chapultepec III Sección",Colonia
"Ciudad de México","Miguel Hidalgo",11000,"Lomas de Chapultepec IV Sección",Colonia
"Ciudad de México","Miguel Hidalgo",11000,"Lomas de Chapultepec V Sección",Colonia
"Ciudad de México","Miguel Hidalgo",11000,"Lomas de Chapultepec VI Sección",Colonia
"Ciudad de México","Miguel Hidalgo",11000,"Lomas de Chapultepec VII Sección",Colonia
"Ciudad de México","Miguel Hidalgo",11000,"Lomas de Chapultepec VIII Sección",Colonia
"Ciudad de México","Miguel Hidalgo",11040,"Molino del Rey",Colonia
"Ciudad de México","Miguel Hidalgo",11100,"Bosque de Chapultepec II Sección",Equipamiento
"Ciudad de México","Miguel Hidalgo",11100,"Bosque de Chapultepec III Sección",Equipamiento
"Ciudad de México","Miguel Hidalgo",11109,"Residencia Oficial de los Pinos","Gran usuario"
"Ciudad de México","Miguel Hidalgo",11200,"Lomas de Sotelo",Colonia
"Ciudad de México","Miguel Hidalgo",11200,"Lomas Hermosa",Colonia
"Ciudad de México","Miguel Hidalgo",11210,"San Lorenzo Tlaltenango",Pueblo
"Ciudad de México","Miguel Hidalgo",11220,"Hermanos Serdán","Unidad habitacional"
"Ciudad de México","Miguel Hidalgo",11220,Periodista,Colonia
"Ciudad de México","Miguel Hidalgo",11230,"Argentina Poniente",Colonia
"Ciudad de México","Miguel Hidalgo",11239,"México Tacuba","Unidad habitacional"
"Ciudad de México","Miguel Hidalgo",11240,"Ignacio Manuel Altamirano",Colonia
"Ciudad de México","Miguel Hidalgo",11250,"10 de Abril",Colonia
"Ciudad de México","Miguel Hidalgo",11259,"Lázaro Tata","Unidad habitacional"
"Ciudad de México","Miguel Hidalgo",11260,"México Nuevo",Colonia
"Ciudad de México","Miguel Hidalgo",11260,"San Joaquín",Colonia
"Ciudad de México","Miguel Hidalgo",11270,"Argentina Antigua",Colonia
"Ciudad de México","Miguel Hidalgo",11280,"Torre Blanca",Colonia
"Ciudad de México","Miguel Hidalgo",11289,"Ampliación Torre Blanca",Colonia
"Ciudad de México","Miguel Hidalgo",11290,Huíchapan,Colonia
"Ciudad de México","Miguel Hidalgo",11290,"San Diego Ocoyoacac",Colonia
"Ciudad de México","Miguel Hidalgo",11300,"Verónica Anzures",Colonia
"Ciudad de México","Miguel Hidalgo",11310,"Mariano Escobedo",Colonia
"Ciudad de México","Miguel Hidalgo",11320,"Anáhuac I Sección",Colonia
"Ciudad de México","Miguel Hidalgo",11320,"Anáhuac II Sección",Colonia
"Ciudad de México","Miguel Hidalgo",11330,"Un Hogar Para Nosotros",Colonia
"Ciudad de México","Miguel Hidalgo",11340,"Santo Tomas",Colonia
"Ciudad de México","Miguel Hidalgo",11350,"Plutarco Elías Calles",Colonia
"Ciudad de México","Miguel Hidalgo",11360,Agricultura,Colonia
"Ciudad de México","Miguel Hidalgo",11370,Tlaxpana,Colonia
"Ciudad de México","Miguel Hidalgo",11400,Popotla,Colonia
"Ciudad de México","Miguel Hidalgo",11410,Legaria,Colonia
"Ciudad de México","Miguel Hidalgo",11410,Tacuba,Pueblo
"Ciudad de México","Miguel Hidalgo",11420,Nextitla,Colonia
"Ciudad de México","Miguel Hidalgo",11430,"Pensil Norte",Colonia
"Ciudad de México","Miguel Hidalgo",11430,"Ventura Pérez de Alva",Colonia
"Ciudad de México","Miguel Hidalgo",11440,"Reforma Pensil",Colonia
"Ciudad de México","Miguel Hidalgo",11440,"San Juanico",Colonia
"Ciudad de México","Miguel Hidalgo",11450,"Ahuehuetes Anáhuac",Colonia
"Ciudad de México","Miguel Hidalgo",11450,"Modelo Pensil",Colonia
"Ciudad de México","Miguel Hidalgo",11450,Peralitos,Colonia
"Ciudad de México","Miguel Hidalgo",11460,"Dos Lagos",Colonia
"Ciudad de México","Miguel Hidalgo",11460,"Lago Norte",Colonia
"Ciudad de México","Miguel Hidalgo",11460,"Lago Sur",Colonia
"Ciudad de México","Miguel Hidalgo",11460,"Los Manzanos",Colonia
"Ciudad de México","Miguel Hidalgo",11470,"5 de Mayo",Colonia
"Ciudad de México","Miguel Hidalgo",11470,"Deportivo Pensil",Colonia
"Ciudad de México","Miguel Hidalgo",11479,"Unidad Legaria IMSS","Unidad habitacional"
"Ciudad de México","Miguel Hidalgo",11480,"Francisco I Madero",Colonia
"Ciudad de México","Miguel Hidalgo",11480,Popo,Colonia
"Ciudad de México","Miguel Hidalgo",11489,"Ampliación Popo",Colonia
"Ciudad de México","Miguel Hidalgo",11490,"Cuauhtémoc Pensil",Colonia
"Ciudad de México","Miguel Hidalgo",11490,"Pensil Sur",Colonia
"Ciudad de México","Miguel Hidalgo",11500,Irrigación,Colonia
"Ciudad de México","Miguel Hidalgo",11510,"Polanco I Sección",Colonia
"Ciudad de México","Miguel Hidalgo",11520,Granada,Colonia
"Ciudad de México","Miguel Hidalgo",11529,"Ampliación Granada",Colonia
"Ciudad de México","Miguel Hidalgo",11530,"Polanco II Sección",Colonia
"Ciudad de México","Miguel Hidalgo",11540,"Polanco III Sección",Colonia
"Ciudad de México","Miguel Hidalgo",11550,"Polanco IV Sección",Colonia
"Ciudad de México","Miguel Hidalgo",11560,"Polanco V Sección",Colonia
"Ciudad de México","Miguel Hidalgo",11580,"Bosque de Chapultepec I Sección",Equipamiento
"Ciudad de México","Miguel Hidalgo",11587,"Secretaria de Turismo","Gran usuario"
"Ciudad de México","Miguel Hidalgo",11590,Anzures,Colonia
"Ciudad de México","Miguel Hidalgo",11600,"Residencial Militar",Colonia
"Ciudad de México","Miguel Hidalgo",11610,"Manuel Avila Camacho",Colonia
"Ciudad de México","Miguel Hidalgo",11619,"Campo Militar 1",Equipamiento
"Ciudad de México","Miguel Hidalgo",11619,"Guardias Presidenciales","Gran usuario"
"Ciudad de México","Miguel Hidalgo",11640,"Secretaria de la Defensa Nacional","Gran usuario"
"Ciudad de México","Miguel Hidalgo",11649,"Hospital Central Militar","Gran usuario"
"Ciudad de México","Miguel Hidalgo",11650,"Reforma Social",Colonia
"Ciudad de México","Miguel Hidalgo",11700,"Bosque de las Lomas",Colonia
"Ciudad de México","Miguel Hidalgo",11800,"Escandón I Sección",Colonia
"Ciudad de México","Miguel Hidalgo",11800,"Escandón II Sección",Colonia
"Ciudad de México","Miguel Hidalgo",11810,"16 de Septiembre",Colonia
"Ciudad de México","Miguel Hidalgo",11820,América,Colonia
"Ciudad de México","Miguel Hidalgo",11830,"Daniel Garza",Colonia
"Ciudad de México","Miguel Hidalgo",11840,"Ampliación Daniel Garza",Colonia
"Ciudad de México","Miguel Hidalgo",11850,"San Miguel Chapultepec I Sección",Colonia
"Ciudad de México","Miguel Hidalgo",11850,"San Miguel Chapultepec II Sección",Colonia
"Ciudad de México","Miguel Hidalgo",11860,Observatorio,Colonia
"Ciudad de México","Miguel Hidalgo",11869,"Delegación Política Miguel Hidalgo","Gran usuario"
"Ciudad de México","Miguel Hidalgo",11870,Tacubaya,Colonia
"Ciudad de México","Miguel Hidalgo",11910,"Lomas de Bezares",Colonia
"Ciudad de México","Miguel Hidalgo",11920,"Real de las Lomas",Colonia
"Ciudad de México","Miguel Hidalgo",11930,"Lomas de Reforma",Colonia
"Ciudad de México","Miguel Hidalgo",11950,"Lomas Altas",Colonia
"Ciudad de México","Milpa Alta",12000,"La Concepción",Barrio
"Ciudad de México","Milpa Alta",12000,"La Luz",Barrio
"Ciudad de México","Milpa Alta",12000,"Los Ángeles",Barrio
"Ciudad de México","Milpa Alta",12000,"San Mateo",Barrio
"Ciudad de México","Milpa Alta",12000,"Santa Cruz",Barrio
"Ciudad de México","Milpa Alta",12000,"Santa Martha",Barrio
"Ciudad de México","Milpa Alta",12000,"Villa Milpa Alta Centro",Colonia
"Ciudad de México","Milpa Alta",12009,"Delegación Política Milpa Alta","Gran usuario"
"Ciudad de México","Milpa Alta",12070,"San Agustin",Barrio
"Ciudad de México","Milpa Alta",12080,"San Agustin Ohtenco",Pueblo
"Ciudad de México","Milpa Alta",12100,Cruztitla,Barrio
"Ciudad de México","Milpa Alta",12100,Tecaxtitla,Barrio
"Ciudad de México","Milpa Alta",12100,Tenantitla,Barrio
"Ciudad de México","Milpa Alta",12100,Xaltipac,Barrio
"Ciudad de México","Milpa Alta",12100,Xochitepec,Barrio
"Ciudad de México","Milpa Alta",12110,"Emiliano Zapata",Colonia
"Ciudad de México","Milpa Alta",12110,"La Conchita",Colonia
"Ciudad de México","Milpa Alta",12200,Nochtla,Barrio
"Ciudad de México","Milpa Alta",12200,Ocotitla,Barrio
"Ciudad de México","Milpa Alta",12200,Panchimalco,Barrio
"Ciudad de México","Milpa Alta",12200,Tula,Barrio
"Ciudad de México","Milpa Alta",12250,"San Bartolomé Xicomulco",Pueblo
"Ciudad de México","Milpa Alta",12300,"San Salvador Cuauhtenco",Pueblo
"Ciudad de México","Milpa Alta",12400,Centro,Barrio
"Ciudad de México","Milpa Alta",12400,"San Juan",Barrio
"Ciudad de México","Milpa Alta",12400,"San Miguel",Barrio
"Ciudad de México","Milpa Alta",12410,Chalmita,Barrio
"Ciudad de México","Milpa Alta",12500,"San Lorenzo Tlacoyucan",Pueblo
"Ciudad de México","Milpa Alta",12600,"San Jerónimo Miacatlán",Pueblo
"Ciudad de México","Milpa Alta",12700,"San Francisco Tecoxpa",Pueblo
"Ciudad de México","Milpa Alta",12800,"San Juan Tepenahuac",Pueblo
"Ciudad de México","Milpa Alta",12910,"La Lupita Teticpac",Barrio
"Ciudad de México","Milpa Alta",12920,"San Marcos",Barrio
"Ciudad de México","Milpa Alta",12930,"San Miguel",Barrio
"Ciudad de México","Milpa Alta",12940,"San José",Barrio
"Ciudad de México","Milpa Alta",12950,"La Lupita Xolco",Barrio
"Ciudad de México",Tláhuac,13000,"La Asunción",Barrio
"Ciudad de México",Tláhuac,13009,"Delegación Política Tlahuac","Gran usuario"
"Ciudad de México",Tláhuac,13010,"Santa Cecilia",Colonia
"Ciudad de México",Tláhuac,13020,"San José",Colonia
"Ciudad de México",Tláhuac,13030,"San Juan",Barrio
"Ciudad de México",Tláhuac,13040,"San Mateo",Barrio
"Ciudad de México",Tláhuac,13050,"La Habana",Colonia
"Ciudad de México",Tláhuac,13060,"Hombres de la Reforma","Unidad habitacional"
"Ciudad de México",Tláhuac,13060,"La Guadalupe",Barrio
"Ciudad de México",Tláhuac,13060,"Santa Ana",Barrio
"Ciudad de México",Tláhuac,13063,"Geovillas de Xochimilco","Unidad habitacional"
"Ciudad de México",Tláhuac,13070,"La Magdalena",Barrio
"Ciudad de México",Tláhuac,13070,"San Miguel",Barrio
"Ciudad de México",Tláhuac,13080,"Los Reyes",Barrio
"Ciudad de México",Tláhuac,13090,Quiahuatla,Colonia
"Ciudad de México",Tláhuac,13093,"San Sebastián",Barrio
"Ciudad de México",Tláhuac,13094,"San Isidro",Colonia
"Ciudad de México",Tláhuac,13099,"San Andrés",Barrio
"Ciudad de México",Tláhuac,13100,"El Mirador",Campamento
"Ciudad de México",Tláhuac,13100,"La Guadalupe",Barrio
"Ciudad de México",Tláhuac,13110,Cañada,Campamento
"Ciudad de México",Tláhuac,13119,"La Poblanita",Campamento
"Ciudad de México",Tláhuac,13120,"Ampliación Santa Catarina",Colonia
"Ciudad de México",Tláhuac,13120,Chichilaula,Campamento
"Ciudad de México",Tláhuac,13120,"La Mesa",Campamento
"Ciudad de México",Tláhuac,13120,Santiago,Barrio
"Ciudad de México",Tláhuac,13120,Teozoma,Campamento
"Ciudad de México",Tláhuac,13123,"La Joyita",Campamento
"Ciudad de México",Tláhuac,13129,"San Francisco Apolocalco",Campamento
"Ciudad de México",Tláhuac,13150,"La Concepción",Barrio
"Ciudad de México",Tláhuac,13180,"San Miguel",Barrio
"Ciudad de México",Tláhuac,13200,"Miguel Hidalgo",Colonia
"Ciudad de México",Tláhuac,13209,Zapotitlán,"Unidad habitacional"
"Ciudad de México",Tláhuac,13210,"Los Olivos",Colonia
"Ciudad de México",Tláhuac,13219,"Ampliación Los Olivos",Colonia
"Ciudad de México",Tláhuac,13219,"Las Arboledas",Colonia
"Ciudad de México",Tláhuac,13220,"La Nopalera",Colonia
"Ciudad de México",Tláhuac,13229,"Tláhuac 2","Unidad habitacional"
"Ciudad de México",Tláhuac,13230,"Granjas Cabrera",Colonia
"Ciudad de México",Tláhuac,13250,"La Turba",Colonia
"Ciudad de México",Tláhuac,13270,"Cooperativa C.I.A.N.I.","Unidad habitacional"
"Ciudad de México",Tláhuac,13270,"Del Mar",Colonia
"Ciudad de México",Tláhuac,13273,"La Draga",Colonia
"Ciudad de México",Tláhuac,13278,"Nueva Tenochtitlán","Unidad habitacional"
"Ciudad de México",Tláhuac,13278,"Villa Centro Americana",Colonia
"Ciudad de México",Tláhuac,13278,"Villas Trabajadores del Gobierno del Distrito Federal","Unidad habitacional"
"Ciudad de México",Tláhuac,13280,"Agrícola Metropolitana",Colonia
"Ciudad de México",Tláhuac,13300,"Manuel M López III","Unidad habitacional"
"Ciudad de México",Tláhuac,13300,"Santa Ana Centro",Barrio
"Ciudad de México",Tláhuac,13300,"Santa Ana Norte",Barrio
"Ciudad de México",Tláhuac,13300,"Santa Ana Poniente",Barrio
"Ciudad de México",Tláhuac,13300,"Santiago Centro",Barrio
"Ciudad de México",Tláhuac,13300,"Santiago Norte",Barrio
"Ciudad de México",Tláhuac,13310,Zapotitla,Colonia
"Ciudad de México",Tláhuac,13315,"Ampliación Zapotitla",Colonia
"Ciudad de México",Tláhuac,13316,"Los Volcanes","Unidad habitacional"
"Ciudad de México",Tláhuac,13316,"Manuel Gutierrez Najera","Unidad habitacional"
"Ciudad de México",Tláhuac,13316,"Manuel M López II","Unidad habitacional"
"Ciudad de México",Tláhuac,13317,Aurorita,"Unidad habitacional"
"Ciudad de México",Tláhuac,13317,"Nueva Tenochtitlán","Unidad habitacional"
"Ciudad de México",Tláhuac,13318,"La Herradura","Unidad habitacional"
"Ciudad de México",Tláhuac,13319,"Benito Quezada","Unidad habitacional"
"Ciudad de México",Tláhuac,13319,"La Estación",Colonia
"Ciudad de México",Tláhuac,13360,"La Conchita Zapotitlán",Colonia
"Ciudad de México",Tláhuac,13360,"Santa Ana Sur",Barrio
"Ciudad de México",Tláhuac,13360,"Santiago Sur",Barrio
"Ciudad de México",Tláhuac,13363,Tempiluli,Campamento
"Ciudad de México",Tláhuac,13400,"San Francisco Tlaltenco",Pueblo
"Ciudad de México",Tláhuac,13410,"La Orilla","Unidad habitacional"
"Ciudad de México",Tláhuac,13410,"López Portillo",Colonia
"Ciudad de México",Tláhuac,13419,"Ampliación José López Portillo",Colonia
"Ciudad de México",Tláhuac,13420,Selene,Colonia
"Ciudad de México",Tláhuac,13429,"3 de Mayo",Campamento
"Ciudad de México",Tláhuac,13430,"Ampliación Selene",Colonia
"Ciudad de México",Tláhuac,13440,Géminis,"Unidad habitacional"
"Ciudad de México",Tláhuac,13440,Zacatenco,"Unidad habitacional"
"Ciudad de México",Tláhuac,13440,Zacatenco,Colonia
"Ciudad de México",Tláhuac,13450,"Guadalupe Tlaltenco",Colonia
"Ciudad de México",Tláhuac,13450,"Ojo de Agua",Colonia
"Ciudad de México",Tláhuac,13460,"El Triángulo",Colonia
"Ciudad de México",Tláhuac,13508,"La Soledad",Barrio
"Ciudad de México",Tláhuac,13508,"San Agustín",Barrio
"Ciudad de México",Tláhuac,13509,"La Concepción",Barrio
"Ciudad de México",Tláhuac,13510,"La Lupita",Colonia
"Ciudad de México",Tláhuac,13520,"Francisco Villa",Colonia
"Ciudad de México",Tláhuac,13529,"La Loma",Campamento
"Ciudad de México",Tláhuac,13530,"Jaime Torres Bodet",Colonia
"Ciudad de México",Tláhuac,13530,"La Asunción",Colonia
"Ciudad de México",Tláhuac,13540,"El Rosario",Colonia
"Ciudad de México",Tláhuac,13540,"Tierra Blanca",Colonia
"Ciudad de México",Tláhuac,13545,"Ampliación La Conchita",Colonia
"Ciudad de México",Tláhuac,13546,"Olivar Santa María",Campamento
"Ciudad de México",Tláhuac,13549,"Peña Alta",Colonia
"Ciudad de México",Tláhuac,13550,"Jardines del Llano",Colonia
"Ciudad de México",Tláhuac,13550,"Potrero del Llano",Colonia
"Ciudad de México",Tláhuac,13559,"Villa Tlatempa","Unidad habitacional"
"Ciudad de México",Tláhuac,13600,"San Bartolomé",Barrio
"Ciudad de México",Tláhuac,13610,"Los Reyes",Barrio
"Ciudad de México",Tláhuac,13625,"Santa Cruz",Barrio
"Ciudad de México",Tláhuac,13630,"San Agustín",Barrio
"Ciudad de México",Tláhuac,13640,"San Miguel",Barrio
"Ciudad de México",Tláhuac,13700,"San Nicolás Tetelco",Pueblo
"Ciudad de México",Tláhuac,13700,Tepantitlamilco,Colonia
"Ciudad de México",Tlalpan,14000,Tlalpan,Colonia
"Ciudad de México",Tlalpan,14000,"Tlalpan Centro",Colonia
"Ciudad de México",Tlalpan,14009,"Delegación Política Tlalpan","Gran usuario"
"Ciudad de México",Tlalpan,14010,"Parque del Pedregal",Colonia
"Ciudad de México",Tlalpan,14017,"Cámara Nacional de la Industria de la Construcción","Gran usuario"
"Ciudad de México",Tlalpan,14020,"Villa Olímpica",Colonia
"Ciudad de México",Tlalpan,14030,"Isidro Fabela",Colonia
"Ciudad de México",Tlalpan,14038,"Luis Donaldo Colosio","Unidad habitacional"
"Ciudad de México",Tlalpan,14038,"Zapote 1","Unidad habitacional"
"Ciudad de México",Tlalpan,14039,"Ampliación Isidro Fabela",Colonia
"Ciudad de México",Tlalpan,14039,Cuitlahuac,"Unidad habitacional"
"Ciudad de México",Tlalpan,14040,"Cantera Puente de Piedra",Colonia
"Ciudad de México",Tlalpan,14040,"Pueblo Quieto",Colonia
"Ciudad de México",Tlalpan,14049,"Comuneros de Santa Úrsula",Colonia
"Ciudad de México",Tlalpan,14050,"Toriello Guerra",Colonia
"Ciudad de México",Tlalpan,14060,"Peña Pobre",Colonia
"Ciudad de México",Tlalpan,14070,"Barrio San Fernando",Barrio
"Ciudad de México",Tlalpan,14070,"Paseos de Mendoza",Fraccionamiento
"Ciudad de México",Tlalpan,14070,"Rómulo Sánchez Mireles",Colonia
"Ciudad de México",Tlalpan,14070,"San Pedro Apóstol",Colonia
"Ciudad de México",Tlalpan,14080,"Barrio del Niño Jesús",Barrio
"Ciudad de México",Tlalpan,14080,"Belisario Domínguez Sección XVI",Colonia
"Ciudad de México",Tlalpan,14090,"La Joya",Colonia
"Ciudad de México",Tlalpan,14098,"Torres Tlalpan FOVISSSTE","Conjunto habitaciona"
"Ciudad de México",Tlalpan,14100,"Pedregal de San Nicolás 1A Sección",Colonia
"Ciudad de México",Tlalpan,14100,"Pedregal de San Nicolás 2A Sección",Colonia
"Ciudad de México",Tlalpan,14100,"Pedregal de San Nicolás 3A Sección",Colonia
"Ciudad de México",Tlalpan,14100,"Pedregal de San Nicolás 4A Sección",Colonia
"Ciudad de México",Tlalpan,14100,"Pedregal de San Nicolás 5A Sección",Colonia
"Ciudad de México",Tlalpan,14108,Chichicaspatl,Colonia
"Ciudad de México",Tlalpan,14108,"Pedregal Chichicaspatl",Fraccionamiento
"Ciudad de México",Tlalpan,14110,"Ampliación Fuentes del Pedregal",Colonia
"Ciudad de México",Tlalpan,14110,"Pedregal del Lago","Unidad habitacional"
"Ciudad de México",Tlalpan,14120,"Rincón del Pedregal",Colonia
"Ciudad de México",Tlalpan,14129,"Residencial Pedregal Picacho",Fraccionamiento
"Ciudad de México",Tlalpan,14130,"Lic. Emilio Portes Gil ""PEMEX""","Unidad habitacional"
"Ciudad de México",Tlalpan,14140,"Fuentes del Pedregal",Colonia
"Ciudad de México",Tlalpan,14148,"Retornos del Pedregal","Unidad habitacional"
"Ciudad de México",Tlalpan,14150,"Lomas del Pedregal Framboyanes",Colonia
"Ciudad de México",Tlalpan,14160,"Popular Santa Teresa",Colonia
"Ciudad de México",Tlalpan,14200,"Héroes de Padierna",Colonia
"Ciudad de México",Tlalpan,14200,"Jardines del Ajusco",Colonia
"Ciudad de México",Tlalpan,14208,"Colinas del Ajusco",Colonia
"Ciudad de México",Tlalpan,14209,"Torres de Padierna",Colonia
"Ciudad de México",Tlalpan,14210,"Jardines en la Montaña",Colonia
"Ciudad de México",Tlalpan,14219,"Parque Nacional Bosque del Pedregal",Equipamiento
"Ciudad de México",Tlalpan,14219,"Six Flags (Reino Aventura)",Equipamiento
"Ciudad de México",Tlalpan,14220,"Cuchilla de Padierna",Colonia
"Ciudad de México",Tlalpan,14220,"Lomas del Pedregal",Colonia
"Ciudad de México",Tlalpan,14230,"Cultura Maya",Colonia
"Ciudad de México",Tlalpan,14239,"Los Encinos",Colonia
"Ciudad de México",Tlalpan,14240,"Lomas de Padierna",Colonia
"Ciudad de México",Tlalpan,14240,"Lomas Hidalgo",Colonia
"Ciudad de México",Tlalpan,14248,"Cruz del Farol",Colonia
"Ciudad de México",Tlalpan,14250,"Miguel Hidalgo",Colonia
"Ciudad de México",Tlalpan,14250,"Miguel Hidalgo 2A Sección",Colonia
"Ciudad de México",Tlalpan,14250,"Miguel Hidalgo 3A Sección",Colonia
"Ciudad de México",Tlalpan,14250,"Miguel Hidalgo 4A Sección",Colonia
"Ciudad de México",Tlalpan,14260,"Barrio El Capulín",Barrio
"Ciudad de México",Tlalpan,14260,"Miguel Hidalgo 1A Sección",Colonia
"Ciudad de México",Tlalpan,14266,"Zacayucan Peña Pobre",Colonia
"Ciudad de México",Tlalpan,14267,"Barrio de Caramagüey",Barrio
"Ciudad de México",Tlalpan,14268,"Barrio La Lonja",Barrio
"Ciudad de México",Tlalpan,14269,"Barrio La Fama",Barrio
"Ciudad de México",Tlalpan,14270,Primavera,Colonia
"Ciudad de México",Tlalpan,14273,Solidaridad,Campamento
"Ciudad de México",Tlalpan,14275,"Paraje 38",Colonia
"Ciudad de México",Tlalpan,14276,Verano,Campamento
"Ciudad de México",Tlalpan,14300,"Nueva Oriental Coapa",Colonia
"Ciudad de México",Tlalpan,14300,"Residencial Acoxpa",Colonia
"Ciudad de México",Tlalpan,14300,"Residencial Miramontes",Colonia
"Ciudad de México",Tlalpan,14307,"Villa del Sur",Fraccionamiento
"Ciudad de México",Tlalpan,14308,"Ex Hacienda Coapa",Colonia
"Ciudad de México",Tlalpan,14308,"Real del Sur",Condominio
"Ciudad de México",Tlalpan,14309,"3 Fuentes",Condominio
"Ciudad de México",Tlalpan,14310,"Belisario Domínguez",Colonia
"Ciudad de México",Tlalpan,14310,"Floresta Coyoacán",Colonia
"Ciudad de México",Tlalpan,14310,"Vergel Tlalpan",Fraccionamiento
"Ciudad de México",Tlalpan,14320,"Vergel Coapa",Colonia
"Ciudad de México",Tlalpan,14325,"Rinconada Coapa 2A Sección",Colonia
"Ciudad de México",Tlalpan,14326,Tenorios,Colonia
"Ciudad de México",Tlalpan,14326,"Tenorios INFONAVIT","Unidad habitacional"
"Ciudad de México",Tlalpan,14327,"Tenorios 2","Unidad habitacional"
"Ciudad de México",Tlalpan,14328,"Lotería Nacional","Unidad habitacional"
"Ciudad de México",Tlalpan,14328,"Villa Valbadena",Fraccionamiento
"Ciudad de México",Tlalpan,14329,"Tenorios FOVISSSTE","Unidad habitacional"
"Ciudad de México",Tlalpan,14330,"Granjas Coapa",Colonia
"Ciudad de México",Tlalpan,14330,"Residencial Hacienda Coapa",Fraccionamiento
"Ciudad de México",Tlalpan,14330,"Rinconada Coapa 1A Sección",Colonia
"Ciudad de México",Tlalpan,14334,"Sauzales Cebadales","Unidad habitacional"
"Ciudad de México",Tlalpan,14335,Periférico,"Unidad habitacional"
"Ciudad de México",Tlalpan,14335,"Villa del Puente",Fraccionamiento
"Ciudad de México",Tlalpan,14336,"Villa Cuemanco INFONAVIT","Conjunto habitaciona"
"Ciudad de México",Tlalpan,14337,"Urbano Coapa","Unidad habitacional"
"Ciudad de México",Tlalpan,14338,"FOVISSSTE Periférico","Unidad habitacional"
"Ciudad de México",Tlalpan,14338,"Fuerza Armada de México","Unidad habitacional"
"Ciudad de México",Tlalpan,14339,"Dr. Ignacio Chávez INFONAVIT","Unidad habitacional"
"Ciudad de México",Tlalpan,14340,"Vergel de Coyoacán",Colonia
"Ciudad de México",Tlalpan,14340,"Vergel del Sur",Colonia
"Ciudad de México",Tlalpan,14350,"Prado Coapa 1A Sección",Colonia
"Ciudad de México",Tlalpan,14356,"Jardines Villa Coapa","Unidad habitacional"
"Ciudad de México",Tlalpan,14357,"Prado Coapa 2A Sección",Colonia
"Ciudad de México",Tlalpan,14357,"Prado Coapa 3A Sección",Colonia
"Ciudad de México",Tlalpan,14358,"Residencial Villa Prado Coapa","Conjunto habitaciona"
"Ciudad de México",Tlalpan,14360,Magisterial,Colonia
"Ciudad de México",Tlalpan,14360,"Magisterial Coapa",Colonia
"Ciudad de México",Tlalpan,14360,"Villa Cuemanco",Fraccionamiento
"Ciudad de México",Tlalpan,14370,"Hacienda de San Juan de Tlalpan 2a Sección",Fraccionamiento
"Ciudad de México",Tlalpan,14370,"Residencial Chimali",Colonia
"Ciudad de México",Tlalpan,14370,"San Lorenzo Huipulco",Pueblo
"Ciudad de México",Tlalpan,14370,"Villa Lázaro Cárdenas",Colonia
"Ciudad de México",Tlalpan,14376,"Arboledas del Sur",Colonia
"Ciudad de México",Tlalpan,14377,"Hacienda San Juan",Colonia
"Ciudad de México",Tlalpan,14378,"Rincón de San Juan",Fraccionamiento
"Ciudad de México",Tlalpan,14380,A.M.S.A,Colonia
"Ciudad de México",Tlalpan,14380,"San Bartolo El Chico",Colonia
"Ciudad de México",Tlalpan,14386,"Rancho los Colorines",Colonia
"Ciudad de México",Tlalpan,14387,"Ex Hacienda San Juan de Dios",Colonia
"Ciudad de México",Tlalpan,14388,Guadalupe,Colonia
"Ciudad de México",Tlalpan,14389,"Arenal de Guadalupe",Colonia
"Ciudad de México",Tlalpan,14390,"Narciso Mendoza",Colonia
"Ciudad de México",Tlalpan,14390,"Residencial Villa Coapa",Colonia
"Ciudad de México",Tlalpan,14390,"Rinconada Las Hadas",Colonia
"Ciudad de México",Tlalpan,14390,"Villa Coapa",Colonia
"Ciudad de México",Tlalpan,14399,"Villa Royale",Fraccionamiento
"Ciudad de México",Tlalpan,14400,"San Andrés Totoltepec",Pueblo
"Ciudad de México",Tlalpan,14406,Divisadero,Colonia
"Ciudad de México",Tlalpan,14408,"Nuevo Renacimiento de Axalco",Colonia
"Ciudad de México",Tlalpan,14409,Tecorral,Colonia
"Ciudad de México",Tlalpan,14410,"Fuentes Brotantes",Colonia
"Ciudad de México",Tlalpan,14420,"Cumbres de Tepetongo",Colonia
"Ciudad de México",Tlalpan,14420,"Mesa de los Hornos",Colonia
"Ciudad de México",Tlalpan,14420,"Santa Úrsula Xitla",Pueblo
"Ciudad de México",Tlalpan,14426,Texcaltenco,Colonia
"Ciudad de México",Tlalpan,14426,"Tlaxcaltenco la Mesa",Colonia
"Ciudad de México",Tlalpan,14427,"San Juan Tepeximilpa",Colonia
"Ciudad de México",Tlalpan,14427,"Tepeximilpa la Paz",Colonia
"Ciudad de México",Tlalpan,14428,Cantera,Fraccionamiento
"Ciudad de México",Tlalpan,14429,"Santísima Trinidad",Colonia
"Ciudad de México",Tlalpan,14430,"Barrio El Truenito",Barrio
"Ciudad de México",Tlalpan,14430,Tlalcoligia,Colonia
"Ciudad de México",Tlalpan,14438,"Pedregal de Santa Úrsula Xitla",Colonia
"Ciudad de México",Tlalpan,14439,"Pedregal de las Águilas",Colonia
"Ciudad de México",Tlalpan,14440,"Los Volcanes",Colonia
"Ciudad de México",Tlalpan,14449,"El Mirador 1A Sección",Colonia
"Ciudad de México",Tlalpan,14449,"El Mirador 2A Sección",Colonia
"Ciudad de México",Tlalpan,14449,"El Mirador 3A Sección",Colonia
"Ciudad de México",Tlalpan,14450,"Jardines de Xitle",Campamento
"Ciudad de México",Tlalpan,14456,Atocpa,Campamento
"Ciudad de México",Tlalpan,14460,Tlalpuente,Colonia
"Ciudad de México",Tlalpan,14470,"Plan de Ayala",Colonia
"Ciudad de México",Tlalpan,14470,Tepetitla,Campamento
"Ciudad de México",Tlalpan,14476,"La Palma",Colonia
"Ciudad de México",Tlalpan,14479,"Viveros Coatectlán",Colonia
"Ciudad de México",Tlalpan,14480,"La Magdalena Petlacalco",Pueblo
"Ciudad de México",Tlalpan,14490,"San Miguel Xicalco",Pueblo
"Ciudad de México",Tlalpan,14500,"San Miguel Topilejo",Pueblo
"Ciudad de México",Tlalpan,14520,"La Quinta",Campamento
"Ciudad de México",Tlalpan,14529,"Estación Ajusco",Campamento
"Ciudad de México",Tlalpan,14550,"Estrella Mora",Campamento
"Ciudad de México",Tlalpan,14600,"Valle Escondido",Colonia
"Ciudad de México",Tlalpan,14608,"Colinas del Bosque",Colonia
"Ciudad de México",Tlalpan,14609,"Las Tórtolas",Colonia
"Ciudad de México",Tlalpan,14610,"Arenal Tepepan",Colonia
"Ciudad de México",Tlalpan,14620,"Club de Golf México",Colonia
"Ciudad de México",Tlalpan,14629,"San Buenaventura",Colonia
"Ciudad de México",Tlalpan,14630,Chimalcoyoc,Pueblo
"Ciudad de México",Tlalpan,14630,"Villa Tlalpan",Colonia
"Ciudad de México",Tlalpan,14639,"San Pedro Mártir FOVISSSTE","Unidad habitacional"
"Ciudad de México",Tlalpan,14640,"Ejidos de San Pedro Mártir",Colonia
"Ciudad de México",Tlalpan,14643,"Fuentes de Tepepan",Colonia
"Ciudad de México",Tlalpan,14646,"Valle de Tepepan",Colonia
"Ciudad de México",Tlalpan,14647,"Juventud Unida",Colonia
"Ciudad de México",Tlalpan,14647,"Movimiento Organizado de Tlalpan",Colonia
"Ciudad de México",Tlalpan,14647,"Rinconada El Mirador",Colonia
"Ciudad de México",Tlalpan,14650,"San Pedro Mártir",Pueblo
"Ciudad de México",Tlalpan,14653,"Heróico Colegio Militar",Colonia
"Ciudad de México",Tlalpan,14654,"Dolores Tlali",Campamento
"Ciudad de México",Tlalpan,14654,"La Magueyera",Campamento
"Ciudad de México",Tlalpan,14655,"Valle Verde o Lomas Verdes",Campamento
"Ciudad de México",Tlalpan,14657,Tlalmille,Colonia
"Ciudad de México",Tlalpan,14658,"Mirador del Valle",Colonia
"Ciudad de México",Tlalpan,14659,"María Esther Zuno de Echeverría",Colonia
"Ciudad de México",Tlalpan,14700,"San Miguel Ajusco",Pueblo
"Ciudad de México",Tlalpan,14710,"Santo Tomas Ajusco",Pueblo
"Ciudad de México",Tlalpan,14720,"Belvedere Ajusco",Colonia
"Ciudad de México",Tlalpan,14730,"Lomas de Cuilotepec",Colonia
"Ciudad de México",Tlalpan,14734,Zacatón,Campamento
"Ciudad de México",Tlalpan,14735,"Lomas de Tepemecatl",Campamento
"Ciudad de México",Tlalpan,14735,"San Nicolás 2",Campamento
"Ciudad de México",Tlalpan,14737,"Vistas del Pedregal",Colonia
"Ciudad de México",Tlalpan,14738,"Bosques del Pedregal",Colonia
"Ciudad de México",Tlalpan,14739,"2 de Octubre",Colonia
"Ciudad de México",Tlalpan,14740,"Lomas de Padierna Sur",Colonia
"Ciudad de México",Tlalpan,14748,"Mirador I",Colonia
"Ciudad de México",Tlalpan,14748,"Mirador II",Colonia
"Ciudad de México",Tlalpan,14749,Chimilli,Colonia
"Ciudad de México",Tlalpan,14750,"Rancho Viejo",Campamento
"Ciudad de México",Tlalpan,14760,"Héroes de 1910",Colonia
"Ciudad de México",Tlalpan,14780,"El Charco",Campamento
"Ciudad de México",Tlalpan,14790,"San Jorge",Campamento
"Ciudad de México",Tlalpan,14900,"Parres El Guarda",Pueblo
"Ciudad de México","Venustiano Carranza",15000,"General Ignacio Zaragoza",Colonia
"Ciudad de México","Venustiano Carranza",15010,"Valentín Gómez Farias",Colonia
"Ciudad de México","Venustiano Carranza",15020,Puebla,Colonia
"Ciudad de México","Venustiano Carranza",15100,"Zona Centro",Colonia
"Ciudad de México","Venustiano Carranza",15120,"Candelaria de los Patos FOVISSSTE","Unidad habitacional"
"Ciudad de México","Venustiano Carranza",15200,Janitzio,Colonia
"Ciudad de México","Venustiano Carranza",15210,"Valle Gómez",Colonia
"Ciudad de México","Venustiano Carranza",15220,"Nicolás Bravo",Colonia
"Ciudad de México","Venustiano Carranza",15220,"Popular Rastro",Colonia
"Ciudad de México","Venustiano Carranza",15230,"Emilio Carranza",Colonia
"Ciudad de México","Venustiano Carranza",15240,Michoacana,Colonia
"Ciudad de México","Venustiano Carranza",15250,"Ampliación Michoacana",Colonia
"Ciudad de México","Venustiano Carranza",15260,"Ampliación 20 de Noviembre",Colonia
"Ciudad de México","Venustiano Carranza",15270,Morelos,Colonia
"Ciudad de México","Venustiano Carranza",15280,Penitenciaria,Colonia
"Ciudad de México","Venustiano Carranza",15290,"10 de Mayo",Colonia
"Ciudad de México","Venustiano Carranza",15299,"Emiliano Zapata","Unidad habitacional"
"Ciudad de México","Venustiano Carranza",15300,"20 de Noviembre",Colonia
"Ciudad de México","Venustiano Carranza",15309,"5o Tramo 20 de Noviembre",Colonia
"Ciudad de México","Venustiano Carranza",15310,"Felipe Ángeles",Colonia
"Ciudad de México","Venustiano Carranza",15320,Azteca,Colonia
"Ciudad de México","Venustiano Carranza",15330,"Tres Mosqueteros",Colonia
"Ciudad de México","Venustiano Carranza",15339,"Ampliación Venustiano Carranza",Colonia
"Ciudad de México","Venustiano Carranza",15340,"Venustiano Carranza",Colonia
"Ciudad de México","Venustiano Carranza",15350,"Ampliación Penitenciaria",Colonia
"Ciudad de México","Venustiano Carranza",15370,Progresista,Colonia
"Ciudad de México","Venustiano Carranza",15380,"Escuela de Tiro",Colonia
"Ciudad de México","Venustiano Carranza",15390,"7 de Julio",Colonia
"Ciudad de México","Venustiano Carranza",15400,"Romero Rubio",Colonia
"Ciudad de México","Venustiano Carranza",15410,"Simón Bolívar",Colonia
"Ciudad de México","Venustiano Carranza",15420,"Ampliación Simón Bolívar",Colonia
"Ciudad de México","Venustiano Carranza",15430,"Aquiles Serdán",Colonia
"Ciudad de México","Venustiano Carranza",15440,"1° de Mayo",Colonia
"Ciudad de México","Venustiano Carranza",15450,"Damián Carmona",Colonia
"Ciudad de México","Venustiano Carranza",15460,Revolución,Colonia
"Ciudad de México","Venustiano Carranza",15470,"Miguel Hidalgo",Colonia
"Ciudad de México","Venustiano Carranza",15500,"Moctezuma 1a Sección",Colonia
"Ciudad de México","Venustiano Carranza",15510,"Pensador Mexicano",Colonia
"Ciudad de México","Venustiano Carranza",15520,"Peñón de los Baños",Colonia
"Ciudad de México","Venustiano Carranza",15530,"Moctezuma 2a Sección",Colonia
"Ciudad de México","Venustiano Carranza",15540,"Santa Cruz Aviación",Colonia
"Ciudad de México","Venustiano Carranza",15600,"Arenal 1a Sección",Colonia
"Ciudad de México","Venustiano Carranza",15610,"Cuchilla Pantitlán",Colonia
"Ciudad de México","Venustiano Carranza",15620,"México (Lic. Benito Juárez)",Aeropuerto
"Ciudad de México","Venustiano Carranza",15630,Caracol,Colonia
"Ciudad de México","Venustiano Carranza",15640,"Arenal 4a Sección",Colonia
"Ciudad de México","Venustiano Carranza",15640,"Arenal Puerto Aéreo",Colonia
"Ciudad de México","Venustiano Carranza",15650,"Ampliación Caracol",Colonia
"Ciudad de México","Venustiano Carranza",15660,"Arenal 3a Sección",Colonia
"Ciudad de México","Venustiano Carranza",15670,"Adolfo López Mateos",Colonia
"Ciudad de México","Venustiano Carranza",15680,"Arenal 2a Sección",Colonia
"Ciudad de México","Venustiano Carranza",15700,Federal,Colonia
"Ciudad de México","Venustiano Carranza",15710,"Industrial Puerto Aéreo",Colonia
"Ciudad de México","Venustiano Carranza",15720,"Zaragoza Bahía","Unidad habitacional"
"Ciudad de México","Venustiano Carranza",15730,"4 Árboles",Colonia
"Ciudad de México","Venustiano Carranza",15740,"Aviación Civil",Colonia
"Ciudad de México","Venustiano Carranza",15750,"Ampliación Aviación Civil",Colonia
"Ciudad de México","Venustiano Carranza",15800,Jamaica,Colonia
"Ciudad de México","Venustiano Carranza",15810,"Merced Balbuena",Colonia
"Ciudad de México","Venustiano Carranza",15820,"Lorenzo Boturini",Colonia
"Ciudad de México","Venustiano Carranza",15830,"Artes Gráficas",Colonia
"Ciudad de México","Venustiano Carranza",15840,Sevilla,Colonia
"Ciudad de México","Venustiano Carranza",15850,"Magdalena Mixiuhca",Colonia
"Ciudad de México","Venustiano Carranza",15860,"Pueblo de La Magdalena Mixiuhca",Pueblo
"Ciudad de México","Venustiano Carranza",15870,"Aarón Sáenz",Colonia
"Ciudad de México","Venustiano Carranza",15900,"Jardín Balbuena",Colonia
"Ciudad de México","Venustiano Carranza",15909,"Delegación Política Venustiano Carranza","Gran usuario"
"Ciudad de México","Venustiano Carranza",15940,Morelos,"Unidad habitacional"
"Ciudad de México","Venustiano Carranza",15950,"Unidad Kennedy","Unidad habitacional"
"Ciudad de México","Venustiano Carranza",15960,"Del Parque",Colonia
"Ciudad de México","Venustiano Carranza",15968,"Tribunales de La Suprema Corte de Justicia","Gran usuario"
"Ciudad de México","Venustiano Carranza",15970,"Aeronáutica Militar",Colonia
"Ciudad de México","Venustiano Carranza",15980,"24 de Abril",Colonia
"Ciudad de México","Venustiano Carranza",15990,"Álvaro Obregón",Colonia
"Ciudad de México",Xochimilco,16000,"Barrio La Concepción Tlacoapa",Barrio
"Ciudad de México",Xochimilco,16000,"Barrio San Antonio",Barrio
"Ciudad de México",Xochimilco,16000,"Barrio San Juan",Barrio
"Ciudad de México",Xochimilco,16010,Aldama,Fraccionamiento
"Ciudad de México",Xochimilco,16010,"Arcos del Sur",Fraccionamiento
"Ciudad de México",Xochimilco,16010,"Bosque Residencial del Sur",Colonia
"Ciudad de México",Xochimilco,16010,"Las Peritas",Colonia
"Ciudad de México",Xochimilco,16010,"Paseos del Sur",Colonia
"Ciudad de México",Xochimilco,16010,"San Bartolo El Chico",Colonia
"Ciudad de México",Xochimilco,16020,"San Juan Tepepan",Colonia
"Ciudad de México",Xochimilco,16020,"Santa María Tepepan",Pueblo
"Ciudad de México",Xochimilco,16029,"Ampliación Tepepan",Colonia
"Ciudad de México",Xochimilco,16030,"Ampliación La Noria",Colonia
"Ciudad de México",Xochimilco,16030,"División del Norte INFONAVIT","Unidad habitacional"
"Ciudad de México",Xochimilco,16030,Huichapan,Colonia
"Ciudad de México",Xochimilco,16030,"La Noria",Colonia
"Ciudad de México",Xochimilco,16030,"Potrero de San Bernardino",Colonia
"Ciudad de México",Xochimilco,16034,"Barrio 18",Barrio
"Ciudad de México",Xochimilco,16035,"Rinconada Coapa",Colonia
"Ciudad de México",Xochimilco,16035,"San Lorenzo La Cebada",Colonia
"Ciudad de México",Xochimilco,16036,"Mercado de Flores Plantas y Hortalizas","Zona comercial"
"Ciudad de México",Xochimilco,16038,"Ampliación San Marcos Norte",Colonia
"Ciudad de México",Xochimilco,16039,"San Marcos",Residencial
"Ciudad de México",Xochimilco,16040,"Barrio La Asunción",Barrio
"Ciudad de México",Xochimilco,16040,"Barrio San Lorenzo",Barrio
"Ciudad de México",Xochimilco,16050,"Barrio San Marcos",Barrio
"Ciudad de México",Xochimilco,16050,"Jardines del Sur",Colonia
"Ciudad de México",Xochimilco,16050,"Tierra Nueva",Colonia
"Ciudad de México",Xochimilco,16057,Redención,"Unidad habitacional"
"Ciudad de México",Xochimilco,16058,"Villa Xochimilco","Unidad habitacional"
"Ciudad de México",Xochimilco,16059,"Las Gárgolas",Fraccionamiento
"Ciudad de México",Xochimilco,16059,"Pblo. Stgo.Tepalcatlalpan, U. H. Rinconada del Sur",Colonia
"Ciudad de México",Xochimilco,16060,"El Mirador",Colonia
"Ciudad de México",Xochimilco,16070,"Barrio Belén",Barrio
"Ciudad de México",Xochimilco,16070,"Barrio El Rosario",Barrio
"Ciudad de México",Xochimilco,16070,"Barrio La Guadalupita",Barrio
"Ciudad de México",Xochimilco,16070,"Barrio Santa Crucita",Barrio
"Ciudad de México",Xochimilco,16080,"Barrio La Santísima",Barrio
"Ciudad de México",Xochimilco,16080,"Barrio San Cristóbal",Barrio
"Ciudad de México",Xochimilco,16080,"Barrio San Diego",Barrio
"Ciudad de México",Xochimilco,16080,"Barrio San Esteban",Barrio
"Ciudad de México",Xochimilco,16090,"Barrio San Pedro",Barrio
"Ciudad de México",Xochimilco,16090,"Barrio Xaltocan",Barrio
"Ciudad de México",Xochimilco,16090,Caltongo,Campamento
"Ciudad de México",Xochimilco,16090,"Tablas de San Lorenzo",Colonia
"Ciudad de México",Xochimilco,16095,"Delegación Política Xochimilco","Gran usuario"
"Ciudad de México",Xochimilco,16098,"Los Geranios",Fraccionamiento
"Ciudad de México",Xochimilco,16099,"Nativitas INFONAVIT","Unidad habitacional"
"Ciudad de México",Xochimilco,16100,"Santa Cruz Xochitepec",Pueblo
"Ciudad de México",Xochimilco,16105,"Rinconada San Pablo",Fraccionamiento
"Ciudad de México",Xochimilco,16200,"Santiago Tepalcatlalpan",Pueblo
"Ciudad de México",Xochimilco,16210,"La Concha",Colonia
"Ciudad de México",Xochimilco,16220,"San José Zacatepec",Campamento
"Ciudad de México",Xochimilco,16240,"Tlaxopan  2a Sección",Campamento
"Ciudad de México",Xochimilco,16240,"Tlaxopan 1a Sección",Campamento
"Ciudad de México",Xochimilco,16244,"Tlaxopan Norte",Campamento
"Ciudad de México",Xochimilco,16247,"Paraje Tlalatlaco",Campamento
"Ciudad de México",Xochimilco,16248,Ocotitla,Campamento
"Ciudad de México",Xochimilco,16300,"San Lucas Xochimanca",Pueblo
"Ciudad de México",Xochimilco,16310,"La Cañada",Colonia
"Ciudad de México",Xochimilco,16320,"San Lucas Oriente",Colonia
"Ciudad de México",Xochimilco,16330,"Loreto y Peña Pobre","Unidad habitacional"
"Ciudad de México",Xochimilco,16340,Texmic,Colonia
"Ciudad de México",Xochimilco,16400,"San Lorenzo Atemoaya",Pueblo
"Ciudad de México",Xochimilco,16410,"Lomas de Tonalco",Colonia
"Ciudad de México",Xochimilco,16420,"San Jerónimo",Colonia
"Ciudad de México",Xochimilco,16428,"El Jazmín",Colonia
"Ciudad de México",Xochimilco,16429,"Rancho Tejomulco",Colonia
"Ciudad de México",Xochimilco,16430,Xochipilli,Colonia
"Ciudad de México",Xochimilco,16440,"Año de Juárez",Colonia
"Ciudad de México",Xochimilco,16443,"Barrio Pocitos",Barrio
"Ciudad de México",Xochimilco,16450,"Santa María Nativitas",Pueblo
"Ciudad de México",Xochimilco,16457,"Lomas de Nativitas",Colonia
"Ciudad de México",Xochimilco,16459,"Ampliación Nativitas",Colonia
"Ciudad de México",Xochimilco,16500,"Santa Cruz Acalpixca",Pueblo
"Ciudad de México",Xochimilco,16510,Tecacalanco,Campamento
"Ciudad de México",Xochimilco,16513,"Barrio Apatlaco",Barrio
"Ciudad de México",Xochimilco,16513,"Barrio del Puente",Barrio
"Ciudad de México",Xochimilco,16514,"Barrio Calpulco",Barrio
"Ciudad de México",Xochimilco,16514,"Barrio La Gallera",Barrio
"Ciudad de México",Xochimilco,16514,"Barrio Tetitla",Barrio
"Ciudad de México",Xochimilco,16514,"Tetitla la Gallera",Campamento
"Ciudad de México",Xochimilco,16515,"San José Obrero",Campamento
"Ciudad de México",Xochimilco,16520,"Barrio La Planta",Barrio
"Ciudad de México",Xochimilco,16520,Tiziclipa,Campamento
"Ciudad de México",Xochimilco,16530,"Barrio Las Cruces",Barrio
"Ciudad de México",Xochimilco,16530,"Barrio Las Flores",Barrio
"Ciudad de México",Xochimilco,16533,"Barrio Ahualapa",Barrio
"Ciudad de México",Xochimilco,16550,Tototitla,Campamento
"Ciudad de México",Xochimilco,16550,"Valle de Santa María",Colonia
"Ciudad de México",Xochimilco,16600,"San Gregorio Atlapulco",Pueblo
"Ciudad de México",Xochimilco,16604,"Barrio San Andrés",Barrio
"Ciudad de México",Xochimilco,16605,"Barrio Los Reyes",Barrio
"Ciudad de México",Xochimilco,16606,"Barrio 3 de Mayo",Barrio
"Ciudad de México",Xochimilco,16607,"Barrio San Antonio",Barrio
"Ciudad de México",Xochimilco,16609,"Barrio La Candelaria",Barrio
"Ciudad de México",Xochimilco,16610,"San Luis Tlaxialtemalco",Pueblo
"Ciudad de México",Xochimilco,16614,"Barrio Niños Héroes",Barrio
"Ciudad de México",Xochimilco,16615,"Barrio La Asunción",Barrio
"Ciudad de México",Xochimilco,16616,"Barrio Santa Cecilia",Barrio
"Ciudad de México",Xochimilco,16617,"Barrio San Sebastián",Barrio
"Ciudad de México",Xochimilco,16620,"Barrio San José",Barrio
"Ciudad de México",Xochimilco,16629,"Barrio La Guadalupana",Barrio
"Ciudad de México",Xochimilco,16629,"Barrio San Juan",Barrio
"Ciudad de México",Xochimilco,16630,"Barrio San Juan Moyotepec",Barrio
"Ciudad de México",Xochimilco,16640,"Barrio San Juan Minas",Barrio
"Ciudad de México",Xochimilco,16710,"Quirino Mendoza",Colonia
"Ciudad de México",Xochimilco,16720,"Del Carmen",Colonia
"Ciudad de México",Xochimilco,16739,"San Isidro",Colonia
"Ciudad de México",Xochimilco,16740,Guadalupita,Colonia
"Ciudad de México",Xochimilco,16749,"Las Animas",Colonia
"Ciudad de México",Xochimilco,16750,"Barrio Calyequita",Barrio
"Ciudad de México",Xochimilco,16770,"San Felipe",Colonia
"Ciudad de México",Xochimilco,16776,"El Mirador",Colonia
"Ciudad de México",Xochimilco,16776,Santiaguito,Colonia
"Ciudad de México",Xochimilco,16776,Tecoloxtitla,Campamento
"Ciudad de México",Xochimilco,16780,"Cerrillos Primera Sección",Colonia
"Ciudad de México",Xochimilco,16780,"Cerrillos Segunda Sección",Colonia
"Ciudad de México",Xochimilco,16780,"Cerrillos Tercera Sección",Colonia
"Ciudad de México",Xochimilco,16780,"Cristo Rey",Colonia
"Ciudad de México",Xochimilco,16780,"El Sacrificio",Colonia
"Ciudad de México",Xochimilco,16780,"San Francisco Chiquimola",Campamento
"Ciudad de México",Xochimilco,16797,Nativitas,Colonia
"Ciudad de México",Xochimilco,16799,"Las Mesitas",Colonia
"Ciudad de México",Xochimilco,16800,"San Mateo Xalpa",Pueblo
"Ciudad de México",Xochimilco,16808,"El Arenal",Campamento
"Ciudad de México",Xochimilco,16809,"Reclusorio Sur","Gran usuario"
"Ciudad de México",Xochimilco,16810,"Cerro Grande",Campamento
"Ciudad de México",Xochimilco,16810,"El Mirador 2a Sección",Campamento
"Ciudad de México",Xochimilco,16810,"Nueva Tenochtitlán",Campamento
"Ciudad de México",Xochimilco,16810,"Rosario Tlali",Colonia
"Ciudad de México",Xochimilco,16810,"San Andrés Ahuayucan",Pueblo
"Ciudad de México",Xochimilco,16810,"Santa Inés",Colonia
"Ciudad de México",Xochimilco,16810,"Santa Inés",Campamento
"Ciudad de México",Xochimilco,16813,"Barrio El Calvario",Barrio
"Ciudad de México",Xochimilco,16819,Axcallote,Campamento
"Ciudad de México",Xochimilco,16819,Tetlatilco,Campamento
"Ciudad de México",Xochimilco,16840,"Santa Cruz Chavarrieta",Colonia
"Ciudad de México",Xochimilco,16840,Tlaltepetla,Campamento
"Ciudad de México",Xochimilco,16850,Atocle,Campamento
"Ciudad de México",Xochimilco,16850,"Barrio Chapultepec",Barrio
"Ciudad de México",Xochimilco,16860,"Santa Cruz de Guadalupe",Colonia
"Ciudad de México",Xochimilco,16866,Tecalipa,Campamento
"Ciudad de México",Xochimilco,16869,"San Juan de los Lagos",Campamento
"Ciudad de México",Xochimilco,16870,"El Cedral",Campamento
"Ciudad de México",Xochimilco,16880,"El Capulín",Campamento
"Ciudad de México",Xochimilco,16880,"La Herradura Hueytepec",Campamento
"Ciudad de México",Xochimilco,16880,"Santa Cecilia Tepetlapa",Pueblo
"Ciudad de México",Xochimilco,16888,"El Teoca",Campamento
"Ciudad de México",Xochimilco,16888,"Paraje Tlachiultepec",Campamento
"Ciudad de México",Xochimilco,16888,"Rinconada del Teoca",Campamento
"Ciudad de México",Xochimilco,16889,"Villa San Isidro",Campamento
"Ciudad de México",Xochimilco,16900,"San Francisco Tlalnepantla",Pueblo
"Ciudad de México",Xochimilco,16908,"Los Capulines",Campamento
"Ciudad de México",Xochimilco,16909,"Club Monte Sur",Campamento
"Ciudad de México",Xochimilco,16910,"Pedregal de San Francisco",Campamento
México,"Acambay de Ruíz Castañeda",50300,"Acambay Centro",Colonia
México,"Acambay de Ruíz Castañeda",50300,"El Triangulo",Colonia
México,"Acambay de Ruíz Castañeda",50300,"Peñasco de Dios",Colonia
México,"Acambay de Ruíz Castañeda",50303,Constituyentes,Colonia
México,"Acambay de Ruíz Castañeda",50303,"Manuel Hinojosa",Barrio
México,"Acambay de Ruíz Castañeda",50304,"Los Pinos",Colonia
México,"Acambay de Ruíz Castañeda",50305,Independencia,Colonia
México,"Acambay de Ruíz Castañeda",50305,"La Camelia",Colonia
México,"Acambay de Ruíz Castañeda",50305,"Niños Héroes",Colonia
México,"Acambay de Ruíz Castañeda",50306,"El Nogal",Colonia
México,"Acambay de Ruíz Castañeda",50306,Revolución,Colonia
México,"Acambay de Ruíz Castañeda",50306,"Valle de los Espejos",Colonia
México,"Acambay de Ruíz Castañeda",50310,Botidi,Pueblo
México,"Acambay de Ruíz Castañeda",50310,"Dongu Barrio Dos",Barrio
México,"Acambay de Ruíz Castañeda",50310,Esdoca,Pueblo
México,"Acambay de Ruíz Castañeda",50310,Huamango,Pueblo
México,"Acambay de Ruíz Castañeda",50310,"La Cumbre",Ranchería
México,"Acambay de Ruíz Castañeda",50313,Dateje,Pueblo
México,"Acambay de Ruíz Castañeda",50313,Ganzda,Pueblo
México,"Acambay de Ruíz Castañeda",50313,"Hacienda Toto",Pueblo
México,"Acambay de Ruíz Castañeda",50313,"Loma Linda",Pueblo
México,"Acambay de Ruíz Castañeda",50314,Barrancas,Pueblo
México,"Acambay de Ruíz Castañeda",50314,Bovini,Pueblo
México,"Acambay de Ruíz Castañeda",50314,Buenavista,Pueblo
México,"Acambay de Ruíz Castañeda",50314,"La Huerta",Pueblo
México,"Acambay de Ruíz Castañeda",50314,"Las Golondrinas",Pueblo
México,"Acambay de Ruíz Castañeda",50314,"Las Palomas",Ranchería
México,"Acambay de Ruíz Castañeda",50315,"Las Arenas",Pueblo
México,"Acambay de Ruíz Castañeda",50315,"Las Trojes",Pueblo
México,"Acambay de Ruíz Castañeda",50315,"Los Pilares",Pueblo
México,"Acambay de Ruíz Castañeda",50315,"Mado Sector II",Pueblo
México,"Acambay de Ruíz Castañeda",50315,"Santa María las Arenas",Ranchería
México,"Acambay de Ruíz Castañeda",50315,"Santa María las Arenas Dos",Ranchería
México,"Acambay de Ruíz Castañeda",50320,Endeje,Pueblo
México,"Acambay de Ruíz Castañeda",50320,"Parque del Oso Bueno",Pueblo
México,"Acambay de Ruíz Castañeda",50323,"Boshi Grande",Pueblo
México,"Acambay de Ruíz Castañeda",50324,"La Manga",Pueblo
México,"Acambay de Ruíz Castañeda",50324,"Mado Sector I",Pueblo
México,"Acambay de Ruíz Castañeda",50324,"San Antonio las Palmas",Pueblo
México,"Acambay de Ruíz Castañeda",50325,"La Venta",Ranchería
México,"Acambay de Ruíz Castañeda",50325,"La Venta (Barrio la Venta)",Ranchería
México,"Acambay de Ruíz Castañeda",50325,Lucero,Ranchería
México,"Acambay de Ruíz Castañeda",50325,"San Juanico Sector I",Pueblo
México,"Acambay de Ruíz Castañeda",50325,"San Juanico Sector II",Pueblo
México,"Acambay de Ruíz Castañeda",50325,"San Nicolás Acambay",Pueblo
México,"Acambay de Ruíz Castañeda",50326,"Boshi Chiquito",Pueblo
México,"Acambay de Ruíz Castañeda",50326,"La Caridad",Pueblo
México,"Acambay de Ruíz Castañeda",50326,"San Ildefonso Yolotepec",Pueblo
México,"Acambay de Ruíz Castañeda",50330,"San Pedro de los Metates",Pueblo
México,"Acambay de Ruíz Castañeda",50333,"Agua Limpia",Pueblo
México,"Acambay de Ruíz Castañeda",50333,Boxindo,Pueblo
México,"Acambay de Ruíz Castañeda",50333,Deshpe,Pueblo
México,"Acambay de Ruíz Castañeda",50333,Hondiga,Pueblo
México,"Acambay de Ruíz Castañeda",50333,Pathé,Pueblo
México,"Acambay de Ruíz Castañeda",50334,"El Medrano",Ranchería
México,"Acambay de Ruíz Castañeda",50335,Chanteje,Pueblo
México,"Acambay de Ruíz Castañeda",50335,"La Estancia Sector I",Pueblo
México,"Acambay de Ruíz Castañeda",50335,"La Estancia Sector II",Pueblo
México,"Acambay de Ruíz Castañeda",50335,"Las Chivas",Ranchería
México,"Acambay de Ruíz Castañeda",50336,"La Laguna",Pueblo
México,"Acambay de Ruíz Castañeda",50336,"Loma de San Ángel",Pueblo
México,"Acambay de Ruíz Castañeda",50336,"San José Bocto",Pueblo
México,"Acambay de Ruíz Castañeda",50337,"La Esperanza",Pueblo
México,"Acambay de Ruíz Castañeda",50337,"La Soledad",Pueblo
México,"Acambay de Ruíz Castañeda",50337,"Pueblo Nuevo",Pueblo
México,"Acambay de Ruíz Castañeda",50340,"Cerrito Tixmadeje",Pueblo
México,"Acambay de Ruíz Castañeda",50340,Guadalupe,Barrio
México,"Acambay de Ruíz Castañeda",50343,Candeje,Barrio
México,"Acambay de Ruíz Castañeda",50343,"Doxteje Barrio Dos",Barrio
México,"Acambay de Ruíz Castañeda",50343,"Doxteje Barrio Primero",Barrio
México,"Acambay de Ruíz Castañeda",50343,"Doxteje Centro",Pueblo
México,"Acambay de Ruíz Castañeda",50343,"El Pedregal Tixmadeje",Ranchería
México,"Acambay de Ruíz Castañeda",50343,"La Providencia Doxteje",Ranchería
México,"Acambay de Ruíz Castañeda",50343,"Tixmadeje Chiquito",Pueblo
México,"Acambay de Ruíz Castañeda",50343,"Tixmadeje Grande (Santa María Tixmadeje)",Pueblo
México,"Acambay de Ruíz Castañeda",50343,"Tixmadeje Grande Barrio Dos",Pueblo
México,"Acambay de Ruíz Castañeda",50344,Detiña,Ejido
México,"Acambay de Ruíz Castañeda",50344,"El Ermitaño",Pueblo
México,"Acambay de Ruíz Castañeda",50344,"La Florida",Pueblo
México,"Acambay de Ruíz Castañeda",50344,"La Palma",Pueblo
México,"Acambay de Ruíz Castañeda",50344,Tixmadeje,Ejido
México,"Acambay de Ruíz Castañeda",50345,"Detiña (San Antonio Detiña)",Pueblo
México,"Acambay de Ruíz Castañeda",50345,Dongu,Pueblo
México,"Acambay de Ruíz Castañeda",50345,"Dongu Barrio Uno",Barrio
México,"Acambay de Ruíz Castañeda",50345,"Dongú Puerto",Ranchería
México,"Acambay de Ruíz Castañeda",50350,Boti,Ranchería
México,"Acambay de Ruíz Castañeda",50350,"La Nopalera",Barrio
México,"Acambay de Ruíz Castañeda",50350,"Los Sauces",Pueblo
México,"Acambay de Ruíz Castañeda",50350,"Rincón de Juando",Ranchería
México,"Acambay de Ruíz Castañeda",50353,"Cañada del Gallo",Pueblo
México,"Acambay de Ruíz Castañeda",50353,"Cruz Colorada",Pueblo
México,"Acambay de Ruíz Castañeda",50353,"Loma de Enmedio",Ranchería
México,"Acambay de Ruíz Castañeda",50353,Puentecillas,Pueblo
México,"Acambay de Ruíz Castañeda",50354,Conejeras,Pueblo
México,"Acambay de Ruíz Castañeda",50354,"La Teresa",Pueblo
México,"Acambay de Ruíz Castañeda",50354,Muyteje,Pueblo
México,"Acambay de Ruíz Castañeda",50355,"El Capulín la Loma",Barrio
México,"Acambay de Ruíz Castañeda",50355,"La Loma",Colonia
México,"Acambay de Ruíz Castañeda",50355,"San Agustín la Loma",Ranchería
México,"Acambay de Ruíz Castañeda",50356,Gandó,Pueblo
México,"Acambay de Ruíz Castañeda",50356,"Las Mangas",Pueblo
México,"Acambay de Ruíz Castañeda",50356,"Los Toriles",Pueblo
México,"Acambay de Ruíz Castañeda",50357,Agostadero,Pueblo
México,"Acambay de Ruíz Castañeda",50357,Juando,Pueblo
México,"Acambay de Ruíz Castañeda",50357,"Loma del Fresno",Ranchería
México,"Acambay de Ruíz Castañeda",50357,"Los Charcos",Pueblo
México,"Acambay de Ruíz Castañeda",50357,"San Francisco",Ejido
México,"Acambay de Ruíz Castañeda",50357,"San Francisco Shaxni",Pueblo
México,Acolman,55870,"El Calvario",Ejido
México,Acolman,55870,"La Virgen","Unidad habitacional"
México,Acolman,55870,"Los Pinos","Unidad habitacional"
México,Acolman,55870,"San Agustín Acolman de Nezahualcoyotl",Colonia
México,Acolman,55870,Tenango,Pueblo
México,Acolman,55873,"Santa María y Potreritos (La Represa)",Ejido
México,Acolman,55874,"Granjas Familiares Acolman",Pueblo
México,Acolman,55874,"Lomas de Santa Catarina",Colonia
México,Acolman,55875,"Emiliano Zapata",Pueblo
México,Acolman,55875,"La Gitana","Unidad habitacional"
México,Acolman,55875,"Santa Catarina",Pueblo
México,Acolman,55876,"Ampliación Santa Catarina",Colonia
México,Acolman,55877,"Besana de Santa Catarina y Tepango",Colonia
México,Acolman,55878,"San Bartolo el Chico",Colonia
México,Acolman,55878,"Santa María Acolman",Pueblo
México,Acolman,55880,"Los Reyes",Colonia
México,Acolman,55880,"San Bartolo",Pueblo
México,Acolman,55880,"San José",Colonia
México,Acolman,55880,"San Juanico",Pueblo
México,Acolman,55882,"Ampliación Lázaro Cárdenas",Colonia
México,Acolman,55882,"Ampliación los Angeles",Colonia
México,Acolman,55882,"Lázaro Cárdenas",Colonia
México,Acolman,55882,"Los Angeles",Colonia
México,Acolman,55882,"Paraje el Faro",Colonia
México,Acolman,55882,"Radiofaro Totolcingo",Colonia
México,Acolman,55883,"Geovillas de Terranova 1a Sección",Fraccionamiento
México,Acolman,55883,"Geovillas de Terranova 2a Sección",Fraccionamiento
México,Acolman,55883,"Laguna de Chiconautla",Colonia
México,Acolman,55883,"Las Brisas",Colonia
México,Acolman,55883,"Real del Valle 1a Seccion",Fraccionamiento
México,Acolman,55883,"Real del Valle 2a Sección",Fraccionamiento
México,Acolman,55884,"Anáhuac 1a Secc",Colonia
México,Acolman,55884,"Anáhuac 2a Secc",Colonia
México,Acolman,55884,"El Olivo",Colonia
México,Acolman,55884,"La Cazuela Tepexpan (Santa María Magdalena)",Ejido
México,Acolman,55884,"La Era",Colonia
México,Acolman,55884,"Las Cazuelas",Colonia
México,Acolman,55884,"Plan de Guadalupe",Colonia
México,Acolman,55884,"San Miguel Totolcingo",Pueblo
México,Acolman,55884,"Santa Cruz",Colonia
México,Acolman,55884,Totolzingo,Ejido
México,Acolman,55885,Chimalpa,Colonia
México,Acolman,55885,"El Potrero",Colonia
México,Acolman,55885,"La Lagunilla","Unidad habitacional"
México,Acolman,55885,"La Lola","Unidad habitacional"
México,Acolman,55885,"Los Reyes",Barrio
México,Acolman,55885,"Misión San Agustín","Conjunto habitaciona"
México,Acolman,55885,"San Luis Grande",Ejido
México,Acolman,55885,"San Martín (ESTUNAM)","Unidad habitacional"
México,Acolman,55885,STUNAM,Fraccionamiento
México,Acolman,55885,Tepexpan,Pueblo
México,Acolman,55886,"Benito Juárez",Colonia
México,Acolman,55886,Cuanalan,Pueblo
México,Acolman,55886,"Loma Bonita",Colonia
México,Acolman,55886,"Santa María de Guadalupe",Colonia
México,Acolman,55886,Tetexcala,Colonia
México,Acolman,55887,"San Marcos Nepantla",Pueblo
México,Acolman,55888,Guerrero,Colonia
México,Acolman,55888,Pirules,Colonia
México,Acolman,55888,"Prados San Juan",Colonia
México,Acolman,55890,Ahuaxtla,Colonia
México,Acolman,55890,"Ampliación San Mateo Chipiltepec",Colonia
México,Acolman,55890,"Loma Linda",Colonia
México,Acolman,55890,Pilares,Colonia
México,Acolman,55890,"San Mateo Chipiltepec",Pueblo
México,Acolman,55893,"San Mateo (Pasando la Vía)",Ejido
México,Acolman,55894,"El Ranchito",Colonia
México,Acolman,55894,"San Pedro Tepetitlán",Pueblo
México,Acolman,55895,"1ro de Octubre",Colonia
México,Acolman,55895,"La Concepción",Colonia
México,Acolman,55895,"Quinta las Flores",Colonia
México,Acolman,55895,"San Lucas Tepango",Pueblo
México,Acolman,55895,"San Miguel Xometla",Pueblo
México,Acolman,55899,"San Francisco Zacango",Pueblo
México,Aculco,50360,"Aculco de Espinoza",Pueblo
México,Aculco,50360,"Centro Urbano",Colonia
México,Aculco,50370,Encinillas,Ejido
México,Aculco,50370,"Gunyo Oriente",Pueblo
México,Aculco,50370,Jurica,Pueblo
México,Aculco,50370,"La Esperanza",Ejido
México,Aculco,50370,"Las Lajas",Ranchería
México,Aculco,50370,"San Francisquito",Ejido
México,Aculco,50370,"Santa Ana Matlavat",Pueblo
México,Aculco,50370,"Santa María Nativitas Segundo Cuartel","Poblado comunal"
México,Aculco,50370,Taxtho,Ejido
México,Aculco,50373,"Arroyo Zarco",Pueblo
México,Aculco,50373,"Arroyo Zarco",Ejido
México,Aculco,50373,"El Rosal",Pueblo
México,Aculco,50373,"Presa el Molino",Finca
México,Aculco,50373,"San Antonio Arroyo Zarco",Ranchería
México,Aculco,50374,"El Azafrán (Santa Rosa el Azafrán)",Pueblo
México,Aculco,50374,"San Martín",Ejido
México,Aculco,50375,Barrancas,Ejido
México,Aculco,50375,"El Azafrán 3ra Manzana",Pueblo
México,Aculco,50375,"El Bonxhi",Pueblo
México,Aculco,50375,"El Colorado",Ranchería
México,Aculco,50375,Fondo,Pueblo
México,Aculco,50375,"Los Gavilanes",Pueblo
México,Aculco,50375,"Presa Chapala",Ejido
México,Aculco,50376,"Decandeje (Chapala Ejido Decandeje)",Ejido
México,Aculco,50376,"La Soledad",Barrio
México,Aculco,50376,"Las Minas",Ejido
México,Aculco,50376,"Rancho Chapala",Ejido
México,Aculco,50376,"Santa María Nativitas",Ejido
México,Aculco,50376,"Santa María Nativitas",Pueblo
México,Aculco,50380,"Gunyo Poniente ( San José Gunyo )",Ranchería
México,Aculco,50380,"La Soledad",Ejido
México,Aculco,50380,"San Jerónimo",Barrio
México,Aculco,50383,"San Antonio el Zethe",Ranchería
México,Aculco,50383,"Santa Ana Oxtoc-toxhie",Ranchería
México,Aculco,50383,"Santiago Oxtoc-Toxhie",Pueblo
México,Aculco,50383,"Totolopan (Ejido de Totolopan)",Barrio
México,Aculco,50383,Zethe,Pueblo
México,Aculco,50384,Descandeje,"Poblado comunal"
México,Aculco,50384,"Los Ailes",Ranchería
México,Aculco,50384,"Ñado Buenavista",Pueblo
México,Aculco,50385,Bimbo,Ejido
México,Aculco,50385,"San Jerónimo",Ejido
México,Aculco,50385,"San Joaquín Coscomatepec",Ejido
México,Aculco,50386,"El Tixhiñu",Ranchería
México,Aculco,50386,"San Antonio",Pueblo
México,Aculco,50386,"San Joaquín Coscomatepec",Pueblo
México,Aculco,50393,Bañe,Pueblo
México,Aculco,50393,Higuerillas,Ranchería
México,Aculco,50393,"Loma Alta Cabresteros","Poblado comunal"
México,Aculco,50393,"Loma Alta Ejido Bañe ( Bañe Barrio Conasupo )",Ejido
México,Aculco,50394,"La Presita Segundo Cuartel",Ranchería
México,Aculco,50395,"La Concepción",Ejido
México,Aculco,50396,"El Huizachal","Poblado comunal"
México,Aculco,50396,"El Mogote",Ranchería
México,Aculco,50396,"La Concepción",Pueblo
México,Aculco,50396,"La Estancia","Poblado comunal"
México,Aculco,50396,"San Lucas Totomaloya",Pueblo
México,Aculco,50397,Cofradia,"Poblado comunal"
México,Aculco,50397,"El Rincón",Ejido
México,Aculco,50397,"La Pera",Ejido
México,Aculco,50397,"Presa del Tepozan",Pueblo
México,Aculco,50397,"Presa San Idelfonso",Ejido
México,Aculco,50397,"San Pedro Denxhi",Pueblo
México,Aculco,50397,"San Pedro Denxhi 2do Cuartel",Ejido
México,"Almoloya de Alquisiras",51860,"Almoloya de Alquisiras",Pueblo
México,"Almoloya de Alquisiras",51860,"Cerro de Tlapexco (Segunda Manzana)",Barrio
México,"Almoloya de Alquisiras",51860,"Cuarta Manzana",Ranchería
México,"Almoloya de Alquisiras",51860,"Jaltepec de Arriba",Pueblo
México,"Almoloya de Alquisiras",51863,"Cerro del Guayabo",Ranchería
México,"Almoloya de Alquisiras",51863,"La Barranca",Ranchería
México,"Almoloya de Alquisiras",51863,"La Guadalupana",Ranchería
México,"Almoloya de Alquisiras",51863,"La Unión Riva Palacio",Pueblo
México,"Almoloya de Alquisiras",51863,"Loma Larga",Ranchería
México,"Almoloya de Alquisiras",51863,"Totoltepec de Arriba",Ranchería
México,"Almoloya de Alquisiras",51863,"Totoltepec de la Paz",Pueblo
México,"Almoloya de Alquisiras",51864,Capulmanca,Ranchería
México,"Almoloya de Alquisiras",51864,"Plutarco González (Higueras)",Pueblo
México,"Almoloya de Alquisiras",51864,"San Andrés Tepetitlán",Pueblo
México,"Almoloya de Alquisiras",51865,Ahuacatitlán,Pueblo
México,"Almoloya de Alquisiras",51865,"Quinta Manzana",Pueblo
México,"Almoloya de Alquisiras",51866,"Agua Fría",Pueblo
México,"Almoloya de Alquisiras",51866,"Las Mesas",Pueblo
México,"Almoloya de Alquisiras",51866,"Los Ranchos",Ranchería
México,"Almoloya de Alquisiras",51866,"Mesa del Río",Ranchería
México,"Almoloya de Alquisiras",51866,Tepehuajes,Ejido
México,"Almoloya de Alquisiras",51867,"Buenos Aires",Pueblo
México,"Almoloya de Alquisiras",51867,"Llano de las Casas",Pueblo
México,"Almoloya de Alquisiras",51867,"Progreso los Hernández (Colonia los Hernández)",Ranchería
México,"Almoloya de Alquisiras",51867,"San Antonio Pachuquilla",Pueblo
México,"Almoloya de Alquisiras",51867,"San José Tizates",Pueblo
México,"Almoloya de Alquisiras",51867,"Vista Hermosa",Ranchería
México,"Almoloya de Alquisiras",51870,Cuauhtenco,Ejido
México,"Almoloya de Alquisiras",51874,"El Mirador",Ranchería
México,"Almoloya de Alquisiras",51874,"La Lobera",Ranchería
México,"Almoloya de Alquisiras",51874,"Los Pinos",Ranchería
México,"Almoloya de Alquisiras",51874,"Sexta Manzana",Ranchería
México,"Almoloya de Alquisiras",51875,"Plan de Vigas",Pueblo
México,"Almoloya de Alquisiras",51875,Yerbabuena,Ranchería
México,"Almoloya de Alquisiras",51880,Aquiapan,Ranchería
México,"Almoloya de Alquisiras",51880,"Los Pérez",Ranchería
México,"Almoloya de Alquisiras",51883,Cuevillas,Ranchería
México,"Almoloya de Alquisiras",51883,Triguillos,Pueblo
México,"Almoloya de Juárez",50900,"Almoloya de Juárez Centro",Colonia
México,"Almoloya de Juárez",50900,"Armando Bernal","Unidad habitacional"
México,"Almoloya de Juárez",50900,"Ecológico SUTEYM",Fraccionamiento
México,"Almoloya de Juárez",50900,"San Pedro",Barrio
México,"Almoloya de Juárez",50903,"Barrio San Pedro Zona Norte",Ranchería
México,"Almoloya de Juárez",50903,"Colinas del Sol",Fraccionamiento
México,"Almoloya de Juárez",50903,"Ejido de San Lorenzo Cuauhtenco",Ranchería
México,"Almoloya de Juárez",50903,"Ejido San Pedro",Ranchería
México,"Almoloya de Juárez",50903,"El Plan de San Pedro",Ranchería
México,"Almoloya de Juárez",50903,"Mina México",Pueblo
México,"Almoloya de Juárez",50903,"Rincón del Alamo",Fraccionamiento
México,"Almoloya de Juárez",50903,"San José Amealco (Rancho el Capulín)",Ranchería
México,"Almoloya de Juárez",50903,"San Nicolás",Ranchería
México,"Almoloya de Juárez",50903,"Santa Juana Primera Sección",Pueblo
México,"Almoloya de Juárez",50904,"Barrio de la Cabecera Primera Sección",Pueblo
México,"Almoloya de Juárez",50904,"Barrio de la Cabecera Tercera Sección",Pueblo
México,"Almoloya de Juárez",50904,"Barrio Santa Juana",Ranchería
México,"Almoloya de Juárez",50904,"Cereso Almoloya",Equipamiento
México,"Almoloya de Juárez",50904,"Cerro San Mateo",Ranchería
México,"Almoloya de Juárez",50904,Framboyanes,Fraccionamiento
México,"Almoloya de Juárez",50904,"La Cabecera",Barrio
México,"Almoloya de Juárez",50904,"San Mateo Tlalchichilpan",Pueblo
México,"Almoloya de Juárez",50904,"Santiaguito Tlalcilalcali",Pueblo
México,"Almoloya de Juárez",50906,"Colonia la Navidad",Barrio
México,"Almoloya de Juárez",50906,"El Tepetatal",Barrio
México,"Almoloya de Juárez",50906,"San Miguel Almoloyan",Pueblo
México,"Almoloya de Juárez",50906,"Santa María Nativitas",Pueblo
México,"Almoloya de Juárez",50907,"El Plan",Barrio
México,"Almoloya de Juárez",50907,"Loma de Juárez",Colonia
México,"Almoloya de Juárez",50907,"San Lorenzo Cuauhtenco",Pueblo
México,"Almoloya de Juárez",50907,"San Pedro de la Hortaliza (Ej. Almoloyán)","Poblado comunal"
México,"Almoloya de Juárez",50910,"Benito Juárez",Pueblo
México,"Almoloya de Juárez",50910,"Laguna de Tabernillas (El Resbaloso)",Pueblo
México,"Almoloya de Juárez",50910,"Loma del Jacal (Loma de las Mangas)",Ranchería
México,"Almoloya de Juárez",50910,"Mextepec (Ex-hacienda Mextepex)",Pueblo
México,"Almoloya de Juárez",50910,"Tabernillas (Santa Catarina)",Pueblo
México,"Almoloya de Juárez",50917,"Ejido San Diego",Pueblo
México,"Almoloya de Juárez",50920,Atotonilco,Ranchería
México,"Almoloya de Juárez",50920,"Barrio del Carmen",Barrio
México,"Almoloya de Juárez",50920,"Barrio el Plan Ocoyotepec",Pueblo
México,"Almoloya de Juárez",50920,"Ejido de Santa Juana Primera seccion",Ranchería
México,"Almoloya de Juárez",50920,"Ejido San Antonio Ocoyotepec",Ranchería
México,"Almoloya de Juárez",50920,"Ex-hacienda Boreje",Ranchería
México,"Almoloya de Juárez",50920,"La Soledad",Ranchería
México,"Almoloya de Juárez",50920,"Mayorazgo Concepción de León",Pueblo
México,"Almoloya de Juárez",50920,"Ocoyotepec (Ocoyotepec Centro)",Pueblo
México,"Almoloya de Juárez",50920,"Salitre de Mañones",Pueblo
México,"Almoloya de Juárez",50920,"San Agustín Citlali",Pueblo
México,"Almoloya de Juárez",50920,"San Antonio Atotonilco",Ranchería
México,"Almoloya de Juárez",50920,"Santa Juana Centro (La Palma)",Pueblo
México,"Almoloya de Juárez",50920,"Santa Juana Segunda Sección",Pueblo
México,"Almoloya de Juárez",50924,"Cieneguillas de Mañones",Ranchería
México,"Almoloya de Juárez",50924,"San Agustín las Tablas","Poblado comunal"
México,"Almoloya de Juárez",50925,"Barrio la Unión Ocoyotepec",Ranchería
México,"Almoloya de Juárez",50925,"Colonia Lázaro Cárdenas (La Trampa)",Barrio
México,"Almoloya de Juárez",50925,"La Soledad Ocoyotepec",Pueblo
México,"Almoloya de Juárez",50925,"Loma del Rancho",Ranchería
México,"Almoloya de Juárez",50925,"Loma del Salitre",Colonia
México,"Almoloya de Juárez",50926,"Barrio del Ocote",Barrio
México,"Almoloya de Juárez",50926,"Barrio los Lagartos Yebuciví",Ranchería
México,"Almoloya de Juárez",50926,"Casa Nueva (Casa Nueva Yebuciví)",Pueblo
México,"Almoloya de Juárez",50926,"El Santito (Barrio el Santito Yebuciví)","Poblado comunal"
México,"Almoloya de Juárez",50926,"Río Frío (Río Frío Yebuciví)",Barrio
México,"Almoloya de Juárez",50927,"Barrio del Jacal de Yebuciví",Barrio
México,"Almoloya de Juárez",50927,"Buenavista Yebuciví",Barrio
México,"Almoloya de Juárez",50927,"La Lagunita Yebuciví",Ranchería
México,"Almoloya de Juárez",50927,"Palos Amarillos (Palos Amarillos Yebuciví)",Pueblo
México,"Almoloya de Juárez",50927,"Piedras Blancas (Piedras Blancas Centro)","Poblado comunal"
México,"Almoloya de Juárez",50927,"Yebuciví Centro (Yebuciví)",Pueblo
México,"Almoloya de Juárez",50930,"Ejido la Gavia (San José la Gavia)",Pueblo
México,"Almoloya de Juárez",50930,"Hacienda la Gavia",Ranchería
México,"Almoloya de Juárez",50930,"La Tinaja",Pueblo
México,"Almoloya de Juárez",50933,"Cieneguillas de Guadalupe",Pueblo
México,"Almoloya de Juárez",50933,"Loma de la Tinaja",Barrio
México,"Almoloya de Juárez",50933,"San Cristóbal",Ejido
México,"Almoloya de Juárez",50934,"La Hortaliza",Ranchería
México,"Almoloya de Juárez",50934,"Paredón Centro",Pueblo
México,"Almoloya de Juárez",50934,"Paredón Ejido",Ranchería
México,"Almoloya de Juárez",50934,"Paredón Ejido Norte",Pueblo
México,"Almoloya de Juárez",50934,"San Diego (Cienega de San Diego)",Ranchería
México,"Almoloya de Juárez",50934,"San Diego Buenavista (Ej. San Diego)",Ranchería
México,"Almoloya de Juárez",50934,Santiaguito,Ranchería
México,"Almoloya de Juárez",50935,"Loma Blanca",Ranchería
México,"Almoloya de Juárez",50940,"Besana Ancha",Barrio
México,"Almoloya de Juárez",50940,"Cañada de Guadarrama",Pueblo
México,"Almoloya de Juárez",50940,"Rancho Carbajales",Fraccionamiento
México,"Almoloya de Juárez",50940,"San Francisco Tlalcilalcalpan",Pueblo
México,"Almoloya de Juárez",50940,"San Isidro el Reservado",Pueblo
México,"Almoloya de Juárez",50940,"Santa Cruz de los Patos",Barrio
México,"Almoloya de Juárez",50943,"Colonia Bellavista",Pueblo
México,"Almoloya de Juárez",50943,"Geovillas el Nevado",Fraccionamiento
México,"Almoloya de Juárez",50944,"Arroyo Zarco",Ranchería
México,"Almoloya de Juárez",50944,"Arroyo Zarco la Mesa",Pueblo
México,"Almoloya de Juárez",50944,"Dilatada Sur",Pueblo
México,"Almoloya de Juárez",50944,"La Posta",Ranchería
México,"Almoloya de Juárez",50945,"El Estanco",Ejido
México,"Almoloya de Juárez",50945,"El Estanco","Poblado comunal"
México,"Almoloya de Juárez",50945,"San Antonio Buenavista",Pueblo
México,"Almoloya de Juárez",50945,"San Nicolás Amealco",Pueblo
México,"Almoloya de Juárez",50946,"Ejido Tres Barrancas",Barrio
México,"Almoloya de Juárez",50946,"Loma de San Miguel",Barrio
México,"Almoloya de Juárez",50946,"Olaldea (Colonia Olaldea)",Colonia
México,"Almoloya de Juárez",50946,"Poteje Norte",Pueblo
México,"Almoloya de Juárez",50946,"Poteje Sur",Pueblo
México,"Almoloya de Juárez",50946,"Rosa Morada",Pueblo
México,"Almoloya de Juárez",50946,"San Agustín Potege Centro",Pueblo
México,"Almoloya de Juárez",50947,"Barrio la Galera (La Galera)",Ranchería
México,"Almoloya de Juárez",50947,"El Tulillo",Ranchería
México,"Almoloya del Río",52540,"Almoloya del Río",Pueblo
México,"Almoloya del Río",52540,"Loma Linda",Colonia
México,"Almoloya del Río",52542,"La Puerta",Colonia
México,"Almoloya del Río",52544,"Campesina-Emiliano Zapata",Colonia
México,Amanalco,51260,"Amanalco de Becerra",Pueblo
México,Amanalco,51260,"San Jerónimo",Pueblo
México,Amanalco,51260,"San Jerónimo Primera Sección",Pueblo
México,Amanalco,51260,"San Juan",Pueblo
México,Amanalco,51265,"Rincón de Guadalupe",Pueblo
México,Amanalco,51265,"San Lucas",Pueblo
México,Amanalco,51266,"Las Pilas",Ranchería
México,Amanalco,51266,"Pueblo Nuevo",Pueblo
México,Amanalco,51266,"San Mateo",Pueblo
México,Amanalco,51266,"San Miguel",Pueblo
México,Amanalco,51266,"San Sebastián el Chico",Barrio
México,Amanalco,51267,"San Mateo Quinta Sección (La Providencia)",Pueblo
México,Amanalco,51267,"San Sebastián el Grande",Pueblo
México,Amanalco,51268,Polvillos,Pueblo
México,Amanalco,51268,"San Bartolo",Pueblo
México,Amanalco,51270,"El Ancón",Pueblo
México,Amanalco,51270,"El Temporal",Ranchería
México,Amanalco,51273,"Capilla Vieja",Ranchería
México,Amanalco,51273,"Ojo de Agua",Ranchería
México,Amanalco,51274,"Corral de Piedra",Ranchería
México,Amanalco,51280,"Agua Bendita",Ranchería
México,Amanalco,51280,"El Capulín Primera Sección",Pueblo
México,Amanalco,51280,"El Capulín Segunda Sección",Pueblo
México,Amanalco,51280,"El Capulín Tercera Sección",Pueblo
México,Amanalco,51280,"Huacal Viejo",Pueblo
México,Amanalco,51285,"El Potrero",Pueblo
México,Amanalco,51285,"El Potrero Segunda Sección",Pueblo
México,Amanalco,51287,"El Pedregal",Ranchería
México,Amanalco,51287,"El Zacatonal",Ranchería
México,Amanalco,51287,"Hacienda Nueva",Pueblo
México,Amanalco,51287,"San Lucas Cuarta Sección (San Francisco)",Pueblo
México,Amatepec,51500,Amatepec,Pueblo
México,Amatepec,51510,"El Aguacate (El Aguacate San Martín)",Ranchería
México,Amatepec,51510,"Rincón de la Cofradía",Pueblo
México,Amatepec,51510,"San Martín",Pueblo
México,Amatepec,51513,"Cerro de Tlacotepec (Tlacotepec)",Pueblo
México,Amatepec,51513,Chapuluapan,Ranchería
México,Amatepec,51513,"Corral de Piedra",Pueblo
México,Amatepec,51513,"Coyol de San Simón",Ranchería
México,Amatepec,51513,"Encinal Verde",Ranchería
México,Amatepec,51513,"Rincón de San Simón",Ranchería
México,Amatepec,51513,"Salitre de López",Ranchería
México,Amatepec,51514,"Cerro de Santiago",Ranchería
México,Amatepec,51514,"Coahuilotes (Los Coahuilotes)",Pueblo
México,Amatepec,51514,"El Malpaso",Pueblo
México,Amatepec,51514,"El Mango Piedras Anchas",Ranchería
México,Amatepec,51514,"Güijas Blancas",Ranchería
México,Amatepec,51514,"Los Guajes",Pueblo
México,Amatepec,51514,"San Miguel (San Miguel Zinacausto)",Pueblo
México,Amatepec,51515,"El Puerto",Ranchería
México,Amatepec,51515,"El Veladero",Pueblo
México,Amatepec,51515,"Joya de la Venta",Ranchería
México,Amatepec,51515,"La Mora",Ranchería
México,Amatepec,51516,"El Monteal (Barranca Papaloapan)",Pueblo
México,Amatepec,51516,"El Panteón de San Felipe de Jesús",Ranchería
México,Amatepec,51516,"La Carrera",Ranchería
México,Amatepec,51516,"Los Encinos",Ranchería
México,Amatepec,51516,"Puente Viejo",Ranchería
México,Amatepec,51516,"San Felipe de Jesús",Pueblo
México,Amatepec,51517,"El Llano",Ranchería
México,Amatepec,51517,"La Parota (La Parota Tepehuajes)",Ranchería
México,Amatepec,51517,"Las Joyas",Pueblo
México,Amatepec,51517,"Los Timbres",Ranchería
México,Amatepec,51517,"San Simón (San Simón Zozocoltepec)",Pueblo
México,Amatepec,51517,"Tepehuajes (Tepehuajes de Abajo)",Ranchería
México,Amatepec,51517,"Tepehuajes Uno (Tepehuajes de Arriba)",Pueblo
México,Amatepec,51523,"Cerro de las Ánimas (El Cerro de las Ánimas)",Pueblo
México,Amatepec,51523,"Cerro de las Ánimas-El Manguito",Ranchería
México,Amatepec,51523,"El Sitio",Pueblo
México,Amatepec,51523,"Pueblo Nuevo (San Lucas Pueblo Nuevo)",Pueblo
México,Amatepec,51523,"San Marcos",Ranchería
México,Amatepec,51524,Tepehuastitlán,Ranchería
México,Amatepec,51525,"Aguacatitlán (La Carreta)",Pueblo
México,Amatepec,51525,"Charco Hondo (El Tlacuache)",Ranchería
México,Amatepec,51525,"Dolores (Hacienda Dolores)",Pueblo
México,Amatepec,51525,"El Rancho",Pueblo
México,Amatepec,51525,Palmarillos,Ranchería
México,Amatepec,51525,"Salitre Palmarillos",Pueblo
México,Amatepec,51526,Ayuquila,Pueblo
México,Amatepec,51526,"Barranca de Esmeraldas ( La Güila )",Ranchería
México,Amatepec,51526,"El Fresno",Pueblo
México,Amatepec,51526,"La Chupa Rosa",Ranchería
México,Amatepec,51526,"La Rayuela",Ranchería
México,Amatepec,51526,"Las Latas (Ayuquila)",Pueblo
México,Amatepec,51526,"Las Pailas",Ranchería
México,Amatepec,51526,"Los Órganos",Ranchería
México,Amatepec,51526,"Los Sabinos",Ranchería
México,Amatepec,51526,"Rincón de Esmeraldas",Pueblo
México,Amatepec,51526,"San Francisco de los Pinzanes",Pueblo
México,Amatepec,51527,Acatempan,Ranchería
México,Amatepec,51527,"Barranca del Mamey",Ranchería
México,Amatepec,51527,"Barrio de la Uva",Ranchería
México,Amatepec,51527,"Cerro del Campo",Pueblo
México,Amatepec,51527,"Crucero Cerro del Campo",Ranchería
México,Amatepec,51527,"Cuadrilla del Naranjo (Rincón del Naranjo)",Ranchería
México,Amatepec,51527,"Cuadrilla Nueva",Ranchería
México,Amatepec,51527,"Cuadrilla Nueva (La Presa)",Ranchería
México,Amatepec,51527,"El Mamey",Pueblo
México,Amatepec,51527,"El Ortigo",Ranchería
México,Amatepec,51527,"El Zapote",Ranchería
México,Amatepec,51527,"Escuela Vieja",Ranchería
México,Amatepec,51527,"La Cofradía",Pueblo
México,Amatepec,51527,"Los Timbres",Pueblo
México,Amatepec,51527,"Peña del Cuervo",Ranchería
México,Amatepec,51527,"Puente del Rodeo",Ranchería
México,Amatepec,51527,Santiago,Pueblo
México,Amatepec,51530,"Aviación (Campo de Aviación)",Colonia
México,Amatepec,51530,"Del Carmen",Colonia
México,Amatepec,51530,"El Conejo (Conejo Viejo)",Colonia
México,Amatepec,51530,"El Pantalón",Ranchería
México,Amatepec,51530,"La Chaqueta",Ranchería
México,Amatepec,51530,"Palmar Chico",Pueblo
México,Amatepec,51530,"Salitre Santa Bárbara (Santa Bárbara)",Pueblo
México,Amatepec,51533,"Cerro del Coyol",Ranchería
México,Amatepec,51533,"Cristo Rey (Guacamayas)",Ranchería
México,Amatepec,51533,"El Coyol",Ranchería
México,Amatepec,51533,"El Tlapanco",Pueblo
México,Amatepec,51533,"Los Ajoques",Ranchería
México,Amatepec,51533,Meyuca,Ranchería
México,Amatepec,51533,"San Juan Tizapán (La Haciendita)",Ranchería
México,Amatepec,51534,"El Cirian",Ranchería
México,Amatepec,51534,"La Palma",Colonia
México,Amatepec,51534,"Las Ceibas",Ranchería
México,Amatepec,51534,"Matuz Puerto del Rodeo",Pueblo
México,Amatepec,51534,"Pinzanes Matuz",Ranchería
México,Amatepec,51534,"Potrerillos (Potrerillos Matuz)",Ranchería
México,Amatepec,51535,"Cuadrilla de López",Pueblo
México,Amatepec,51535,"El Convento",Ranchería
México,Amatepec,51535,"El Tamarindo",Colonia
México,Amatepec,51535,Guayabillos,Ranchería
México,Amatepec,51536,Buenavista,Ranchería
México,Amatepec,51536,"Corral Viejo",Ranchería
México,Amatepec,51536,"Mango Matuz",Ranchería
México,Amatepec,51536,"San Antonio Matuz",Pueblo
México,Amatepec,51536,"Santa Bárbara",Ranchería
México,Amatepec,51537,"Amadores (Los Amador)",Pueblo
México,Amatepec,51537,"Barranca de Gallegos",Ranchería
México,Amatepec,51537,"Cincuenta Arrobas",Pueblo
México,Amatepec,51537,"El Arrayán",Ranchería
México,Amatepec,51537,"El Zapote (El Zapote López)",Ranchería
México,Amatepec,51537,"El Zapote Cincuenta Arrobas (El Zapote)",Ranchería
México,Amatepec,51537,Huixtitla,Pueblo
México,Amatepec,51537,"La Cacanicua",Ranchería
México,Amatepec,51537,"Quimichatenco (Barranca de Quimichatenco)",Pueblo
México,Amatepec,51537,"San José (San José del Palmar)",Ranchería
México,Amatepec,51540,"El Paraje",Ranchería
México,Amatepec,51540,"El Pino",Ranchería
México,Amatepec,51540,"Los Colorines",Ranchería
México,Amatepec,51540,Platanal,Ranchería
México,Amatepec,51540,"Puerto de la Uva",Ranchería
México,Amatepec,51540,"Tierra Azul",Ranchería
México,Amatepec,51543,"El Consuelo",Ranchería
México,Amatepec,51543,"El Rodeo",Ranchería
México,Amatepec,51543,"La Goleta",Pueblo
México,Amatepec,51543,"Los Espinos",Ranchería
México,Amatepec,51543,Tlalchichilpan,Ranchería
México,Amatepec,51544,Zacatones,Ranchería
México,Amecameca,56900,"Sector Sacromonte",Barrio
México,Amecameca,56903,Izta-Popo,"Unidad habitacional"
México,Amecameca,56903,"Los Volcanes",Fraccionamiento
México,Amecameca,56903,"San Miguel",Barrio
México,Amecameca,56903,"Sector Caltenco",Barrio
México,Amecameca,56903,"Sector Iztaccihuatl",Barrio
México,Amecameca,56903,"Sector Panohaya",Barrio
México,Amecameca,56903,"Sor Juana Inés de la Cruz",Fraccionamiento
México,Amecameca,56904,"Del Rosario",Barrio
México,Amecameca,56904,"Sector Atenco",Barrio
México,Amecameca,56905,"El Torito",Barrio
México,Amecameca,56905,"Magisterial Sacromonte","Unidad habitacional"
México,Amecameca,56905,"Nestor Soriano",Colonia
México,Amecameca,56905,"San Juan",Barrio
México,Amecameca,56905,"Sector Popocatepetl",Barrio
México,Amecameca,56905,Tepollo,Barrio
México,Amecameca,56913,"El Castillo",Fraccionamiento
México,Amecameca,56913,Telcingo,Fraccionamiento
México,Amecameca,56914,Xaltepic,Fraccionamiento
México,Amecameca,56920,Atlancatzi,Ranchería
México,Amecameca,56920,"Camino al Salto (Coapexco)",Colonia
México,Amecameca,56920,Cuiloxotitla,Ranchería
México,Amecameca,56923,Tepeyehual,Ranchería
México,Amecameca,56923,"Tetecla (Temazcal)",Ranchería
México,Amecameca,56924,"Santa María Tomacoco",Ranchería
México,Amecameca,56930,"San Francisco Zentlalpan",Pueblo
México,Amecameca,56933,"Aldea de los Reyes",Pueblo
México,Amecameca,56933,"Chupícuaro (Texquimeca)",Ranchería
México,Amecameca,56933,"Don Martín",Ranchería
México,Amecameca,56933,"El Risco",Ranchería
México,Amecameca,56933,"Los Tepalcates",Ranchería
México,Amecameca,56935,"Las Cartoneras",Colonia
México,Amecameca,56935,"Santa Isabel Chalma",Pueblo
México,Amecameca,56940,"Agua Viva",Ranchería
México,Amecameca,56940,"Santiago Cuautenco",Pueblo
México,Amecameca,56945,Coapexco,Fraccionamiento
México,Amecameca,56950,"San Antonio Zoyatzingo",Pueblo
México,Amecameca,56953,"San Diego Tlaxcantitla",Colonia
México,Amecameca,56954,"Camino a Pahuacán (Colonia Néstor Soriano)",Colonia
México,Amecameca,56954,"El Arenal",Colonia
México,Amecameca,56954,"Las Palomas","Unidad habitacional"
México,Amecameca,56954,"San Rafael",Ranchería
México,Amecameca,56954,Vetania,Colonia
México,Amecameca,56955,"San Diego Huehuecalco",Pueblo
México,Amecameca,56956,Tenexcaltitla,Ranchería
México,Amecameca,56956,Ximoco,Ranchería
México,Amecameca,56960,"San Pedro Nexapa",Pueblo
México,Amecameca,56963,"El Ocotal",Colonia
México,Amecameca,56963,"Emiliano Zapata",Colonia
México,Amecameca,56965,"El Tecorral",Ranchería
México,Amecameca,56965,Nexatenco,Ranchería
México,Amecameca,56965,"San Juan el Grande",Hacienda
México,Apaxco,55660,"Apaxco de Ocampo",Pueblo
México,Apaxco,55663,"23 de Noviembre",Colonia
México,Apaxco,55663,"3 de Mayo (La Cruz)",Colonia
México,Apaxco,55663,Arboledas,Colonia
México,Apaxco,55663,Olímpica,Colonia
México,Apaxco,55663,"Santa Cecilia",Colonia
México,Apaxco,55664,Coyotillos,Pueblo
México,Apaxco,55664,Juárez,Colonia
México,Apaxco,55664,"San José Teña",Barrio
México,Apaxco,55665,"Perez de Galeana",Pueblo
México,Apaxco,55666,Arboledas,Colonia
México,Apaxco,55666,"La Tarjea",Equipamiento
México,Apaxco,55666,"Loma Bonita",Colonia
México,Apaxco,55666,"Tablón Chico (Tabloncito)",Ranchería
México,Apaxco,55666,"Tablón Grande",Colonia
México,Apaxco,55667,"El Mirador",Pueblo
México,Apaxco,55667,"El Pixcuay",Colonia
México,Apaxco,55667,Ermita,Colonia
México,Apaxco,55667,Pixquai,Colonia
México,Apaxco,55667,"Santa María",Colonia
México,Apaxco,55667,"Santa María Apaxco",Pueblo
México,Atenco,56300,"De Salvador Atenco",Pueblo
México,Atenco,56300,"Ejidos de Cambray",Colonia
México,Atenco,56300,"San Francisco Acuexcomac",Pueblo
México,Atenco,56300,"San Salvador Atenco",Pueblo
México,Atenco,56300,"Santa Gertrudis",Pueblo
México,Atenco,56303,"Ejidal San Salvador",Pueblo
México,Atenco,56303,"Hacienda la Grande Fracción Uno",Hacienda
México,Atenco,56303,"La Noria",Pueblo
México,Atenco,56303,"San Lazarito",Pueblo
México,Atenco,56304,"La Pastoría",Pueblo
México,Atenco,56304,Zapotlan,Pueblo
México,Atenco,56305,"Ejido la Magdalena Panoaya",Pueblo
México,Atenco,56305,"Ejido San Salvador Acuexcomac (Ejido la PurIsima)",Pueblo
México,Atenco,56305,"El Amanal",Pueblo
México,Atenco,56305,"Francisco I Madero",Pueblo
México,Atenco,56306,"Ejido de San Cristóbal Nexquipayac",Pueblo
México,Atenco,56306,"Los Hornos (El Presidio)",Pueblo
México,Atenco,56310,"El Salado",Colonia
México,Atenco,56310,"Nueva Santa Rosa",Colonia
México,Atenco,56310,"Nueva Santa Rosa-Granjas el Arenal",Colonia
México,Atenco,56313,"Ejidos de Tesistlán",Pueblo
México,Atenco,56313,"La Longaniza",Pueblo
México,Atenco,56313,"Las Lomas",Pueblo
México,Atenco,56314,"Ejidos Netzahualcoyotl",Pueblo
México,Atenco,56314,"Nezahualcoyotl - Ixtapan",Colonia
México,Atenco,56314,"Santa Isabel Ixtapan",Colonia
México,Atenco,56315,"Benito Quezada",Pueblo
México,Atenco,56315,Chilileco,Pueblo
México,Atenco,56315,"Granjas la Purísima",Pueblo
México,Atenco,56315,"La Purisima-La Purisima Norte",Pueblo
México,Atenco,56315,"Las Salinas",Pueblo
México,Atenco,56315,Nexquipayac,Pueblo
México,Atenco,56315,"San Cristobal",Pueblo
México,Atenco,56315,"San Cristóbal Nexquipayac",Pueblo
México,Atizapán,52500,"Santa Cruz Atizapán",Pueblo
México,Atizapán,52503,Magisterial,Colonia
México,Atizapán,52504,"San José Tepotzoco (Tepotzoco)",Colonia
México,Atizapán,52505,"El Tepiololco",Colonia
México,Atizapán,52506,"La Libertad",Colonia
México,Atizapán,52506,"La Remolacha",Colonia
México,"Atizapán de Zaragoza",52900,"Ciudad Adolfo López Mateos",Colonia
México,"Atizapán de Zaragoza",52909,"Las Flores",Colonia
México,"Atizapán de Zaragoza",52910,"Adolfo López Mateos",Colonia
México,"Atizapán de Zaragoza",52910,"Adolfo López Mateos Ampliación I",Colonia
México,"Atizapán de Zaragoza",52910,"Adolfo López Mateos Ampliación II",Colonia
México,"Atizapán de Zaragoza",52910,"Hogares de Atizapán",Fraccionamiento
México,"Atizapán de Zaragoza",52910,"Los Álamos",Colonia
México,"Atizapán de Zaragoza",52910,"Primero de Septiembre",Colonia
México,"Atizapán de Zaragoza",52910,"Residencial San Mateo",Fraccionamiento
México,"Atizapán de Zaragoza",52915,"Atizapán 2000",Colonia
México,"Atizapán de Zaragoza",52915,"El Capulín",Colonia
México,"Atizapán de Zaragoza",52915,"El Mirador",Colonia
México,"Atizapán de Zaragoza",52915,"José María Morelos y Pavón",Colonia
México,"Atizapán de Zaragoza",52915,"México 86",Colonia
México,"Atizapán de Zaragoza",52915,"Villa de las Torres",Colonia
México,"Atizapán de Zaragoza",52916,"Conjunto Urbano Ex Hacienda del Pedregal",Fraccionamiento
México,"Atizapán de Zaragoza",52916,"El Túnel (Sección)",Colonia
México,"Atizapán de Zaragoza",52916,"Loma de María Luisa",Colonia
México,"Atizapán de Zaragoza",52916,"Los Olivos",Colonia
México,"Atizapán de Zaragoza",52916,"Real del Pedregal",Fraccionamiento
México,"Atizapán de Zaragoza",52918,"Ampliación Emiliano Zapata I",Colonia
México,"Atizapán de Zaragoza",52918,"Ampliación Emiliano Zapata II",Colonia
México,"Atizapán de Zaragoza",52918,"Emiliano Zapata",Colonia
México,"Atizapán de Zaragoza",52918,"Ex-Hacienda el Pedregal",Colonia
México,"Atizapán de Zaragoza",52918,"Lomas de las Torres",Colonia
México,"Atizapán de Zaragoza",52918,"Lomas de Monte María",Colonia
México,"Atizapán de Zaragoza",52918,Miraflores,Colonia
México,"Atizapán de Zaragoza",52918,"Villa de las Palmas",Colonia
México,"Atizapán de Zaragoza",52918,"Villa de las Palmas Ampliación",Colonia
México,"Atizapán de Zaragoza",52919,"Ampliación Bosques de Ixtacala",Colonia
México,"Atizapán de Zaragoza",52919,"Bosques de Ixtacala",Colonia
México,"Atizapán de Zaragoza",52919,"Bosques de Primavera",Colonia
México,"Atizapán de Zaragoza",52919,Revolución,Colonia
México,"Atizapán de Zaragoza",52919,"Universidad Autonoma Metropolitana",Colonia
México,"Atizapán de Zaragoza",52920,"Cerro Grande",Colonia
México,"Atizapán de Zaragoza",52920,"Las Peñitas 3a Secc",Colonia
México,"Atizapán de Zaragoza",52920,Peñitas,Colonia
México,"Atizapán de Zaragoza",52920,"Peñitas I (Ampliación)",Colonia
México,"Atizapán de Zaragoza",52920,"San Antonio Pocitos",Colonia
México,"Atizapán de Zaragoza",52920,"San Mateo Tecoloapan",Pueblo
México,"Atizapán de Zaragoza",52923,"Villa Jardín",Colonia
México,"Atizapán de Zaragoza",52924,"San José el Jaral",Colonia
México,"Atizapán de Zaragoza",52924,"San José el Jaral I",Colonia
México,"Atizapán de Zaragoza",52925,"Lomas de La Hacienda",Fraccionamiento
México,"Atizapán de Zaragoza",52926,"Jardines de Monterrey",Colonia
México,"Atizapán de Zaragoza",52926,"Margarita Maza de Juárez",Colonia
México,"Atizapán de Zaragoza",52926,"Villa San José",Colonia
México,"Atizapán de Zaragoza",52927,"El Cerrito",Colonia
México,"Atizapán de Zaragoza",52927,"San Miguel Xochimanga",Colonia
México,"Atizapán de Zaragoza",52928,"Capulín Ampliación",Colonia
México,"Atizapán de Zaragoza",52928,"Ejidos San Miguel Chalma",Colonia
México,"Atizapán de Zaragoza",52928,"El Campanario",Fraccionamiento
México,"Atizapán de Zaragoza",52928,"General Lázaro Cárdenas del Río",Colonia
México,"Atizapán de Zaragoza",52928,"Lomas de San Miguel Norte",Colonia
México,"Atizapán de Zaragoza",52928,"Lomas de San Miguel Sur",Colonia
México,"Atizapán de Zaragoza",52928,"Lomas de Tepalcapa",Colonia
México,"Atizapán de Zaragoza",52928,"Lomas de Tepalcapa Ampliación",Colonia
México,"Atizapán de Zaragoza",52928,"Prados de Ixtacala I",Colonia
México,"Atizapán de Zaragoza",52928,"Prados de Ixtacala II",Colonia
México,"Atizapán de Zaragoza",52928,"San Juan Ixtacala Plano Norte",Colonia
México,"Atizapán de Zaragoza",52928,"San Juan Ixtacala Plano Sur",Colonia
México,"Atizapán de Zaragoza",52929,"Hacienda de la Luz",Colonia
México,"Atizapán de Zaragoza",52929,"Tierra de en Medio",Colonia
México,"Atizapán de Zaragoza",52929,"Villas de la Hacienda",Fraccionamiento
México,"Atizapán de Zaragoza",52930,"Bosque Esmeralda",Fraccionamiento
México,"Atizapán de Zaragoza",52930,Chiluca,Pueblo
México,"Atizapán de Zaragoza",52930,"Club de Golf Chiluca",Fraccionamiento
México,"Atizapán de Zaragoza",52930,"Lomas de Valle Escondido",Fraccionamiento
México,"Atizapán de Zaragoza",52930,"Plazas del Condado",Fraccionamiento
México,"Atizapán de Zaragoza",52930,"Residencial Campestre Chiluca",Fraccionamiento
México,"Atizapán de Zaragoza",52934,"Espíritu Santo",Ejido
México,"Atizapán de Zaragoza",52934,"Rancho Blanco",Colonia
México,"Atizapán de Zaragoza",52936,"La Estadía",Fraccionamiento
México,"Atizapán de Zaragoza",52936,"Prado Largo",Fraccionamiento
México,"Atizapán de Zaragoza",52937,"Club de Golf Valle Escondido",Fraccionamiento
México,"Atizapán de Zaragoza",52937,"Hacienda de Valle Escondido",Fraccionamiento
México,"Atizapán de Zaragoza",52937,"Valle Escondido",Fraccionamiento
México,"Atizapán de Zaragoza",52937,Viejo,Ranchería
México,"Atizapán de Zaragoza",52938,"Condado de Sayavedra",Fraccionamiento
México,"Atizapán de Zaragoza",52938,"Fincas de Sayavedra",Colonia
México,"Atizapán de Zaragoza",52938,"Rancho San Juan",Fraccionamiento
México,"Atizapán de Zaragoza",52939,"Las Margaritas",Fraccionamiento
México,"Atizapán de Zaragoza",52939,"Valle de México",Colonia
México,"Atizapán de Zaragoza",52940,"Alfredo V Bonfil",Ampliación
México,"Atizapán de Zaragoza",52940,"Alfredo V. Bonfil",Colonia
México,"Atizapán de Zaragoza",52940,"Luis Donaldo Colosio",Colonia
México,"Atizapán de Zaragoza",52940,"Prof. Cristóbal Higuera",Colonia
México,"Atizapán de Zaragoza",52940,"Prof. Cristóbal Higuera Ampliación",Colonia
México,"Atizapán de Zaragoza",52945,Atizapán,Ejido
México,"Atizapán de Zaragoza",52945,"La Explanada",Colonia
México,"Atizapán de Zaragoza",52945,"Real de Atizapán",Fraccionamiento
México,"Atizapán de Zaragoza",52945,"Rinconada de las Arboledas",Fraccionamiento
México,"Atizapán de Zaragoza",52945,"Vergel de Arboledas",Fraccionamiento
México,"Atizapán de Zaragoza",52946,"San Juan Bosco",Colonia
México,"Atizapán de Zaragoza",52947,"Lomas Lindas I Sección",Fraccionamiento
México,"Atizapán de Zaragoza",52947,"Lomas Lindas II Sección",Fraccionamiento
México,"Atizapán de Zaragoza",52948,"Boulevares de Atizapán",Fraccionamiento
México,"Atizapán de Zaragoza",52948,"Central de Abastos","Zona comercial"
México,"Atizapán de Zaragoza",52948,"El Pedregal de Atizapán",Fraccionamiento
México,"Atizapán de Zaragoza",52948,"El Riachuelo",Colonia
México,"Atizapán de Zaragoza",52948,"La Cima",Fraccionamiento
México,"Atizapán de Zaragoza",52949,"Las Águilas",Colonia
México,"Atizapán de Zaragoza",52949,"Sagitario I",Colonia
México,"Atizapán de Zaragoza",52949,"Sagitario II",Colonia
México,"Atizapán de Zaragoza",52949,"Seis de Octubre",Colonia
México,"Atizapán de Zaragoza",52950,"Las Arboledas",Fraccionamiento
México,"Atizapán de Zaragoza",52953,Ahuehuetes,Colonia
México,"Atizapán de Zaragoza",52953,"Las Colonias",Colonia
México,"Atizapán de Zaragoza",52953,Laureles,Fraccionamiento
México,"Atizapán de Zaragoza",52953,"Torres de Atizapán VI",Fraccionamiento
México,"Atizapán de Zaragoza",52953,"Torres de Atizapán VIII",Colonia
México,"Atizapán de Zaragoza",52956,"San Miguel",Ampliación
México,"Atizapán de Zaragoza",52957,"Club Hípico San Miguel",Fraccionamiento
México,"Atizapán de Zaragoza",52957,"Mayorazgos de la Concordia",Fraccionamiento
México,"Atizapán de Zaragoza",52957,"Mayorazgos de los Gigantes",Fraccionamiento
México,"Atizapán de Zaragoza",52957,"Mayorazgos del Bosque",Fraccionamiento
México,"Atizapán de Zaragoza",52958,"Los Clubes Metropolitanos",Colonia
México,"Atizapán de Zaragoza",52959,"Club de Golf Hacienda",Fraccionamiento
México,"Atizapán de Zaragoza",52960,"Barrio Norte",Colonia
México,"Atizapán de Zaragoza",52965,"La Condesa",Fraccionamiento
México,"Atizapán de Zaragoza",52965,"Unidad Urbana Zaragoza",Fraccionamiento
México,"Atizapán de Zaragoza",52966,"27 de Septiembre","Unidad habitacional"
México,"Atizapán de Zaragoza",52966,"México Nuevo",Colonia
México,"Atizapán de Zaragoza",52967,"Bosques de Atizapán",Fraccionamiento
México,"Atizapán de Zaragoza",52967,Coporo,Colonia
México,"Atizapán de Zaragoza",52967,"Rincón de los Bosques",Colonia
México,"Atizapán de Zaragoza",52967,"Rinconada de Atizapán",Colonia
México,"Atizapán de Zaragoza",52968,"Fraccionamiento Industrial El Pedregal","Zona industrial"
México,"Atizapán de Zaragoza",52968,"Zona Industrial 1 (Prof. Cristóbal Higuera)","Zona industrial"
México,"Atizapán de Zaragoza",52968,"Zona Industrial 2 (México Nuevo)","Zona industrial"
México,"Atizapán de Zaragoza",52970,"La Ermita",Colonia
México,"Atizapán de Zaragoza",52970,"Las Alamedas",Fraccionamiento
México,"Atizapán de Zaragoza",52975,"El Potrero",Colonia
México,"Atizapán de Zaragoza",52975,"Lomas de San Lorenzo",Colonia
México,"Atizapán de Zaragoza",52975,"Lomas de San Lorenzo Ampliación",Colonia
México,"Atizapán de Zaragoza",52975,"Rincón de la Montaña",Fraccionamiento
México,"Atizapán de Zaragoza",52976,"Atizapán Moderno",Fraccionamiento
México,"Atizapán de Zaragoza",52977,"14 de Diciembre","Unidad habitacional"
México,"Atizapán de Zaragoza",52977,"Lomas de Atizapán",Fraccionamiento
México,"Atizapán de Zaragoza",52977,"Lomas de Atizapán II",Fraccionamiento
México,"Atizapán de Zaragoza",52978,"Jardines de Atizapán",Fraccionamiento
México,"Atizapán de Zaragoza",52978,"Las Acacias",Fraccionamiento
México,"Atizapán de Zaragoza",52979,Alborada,Colonia
México,"Atizapán de Zaragoza",52979,"Lázaro Cárdenas",Colonia
México,"Atizapán de Zaragoza",52979,"Paseos de México",Fraccionamiento
México,"Atizapán de Zaragoza",52980,"Los Cajones",Colonia
México,"Atizapán de Zaragoza",52980,"San Martín de Porres",Colonia
México,"Atizapán de Zaragoza",52980,"San Martín de Porres Ampliación",Colonia
México,"Atizapán de Zaragoza",52985,"La Cruz",Colonia
México,"Atizapán de Zaragoza",52985,"La Nueva Era",Colonia
México,"Atizapán de Zaragoza",52985,"Lomas de Guadalupe",Colonia
México,"Atizapán de Zaragoza",52985,Morelos,Colonia
México,"Atizapán de Zaragoza",52985,"Rincón de la Charrería",Colonia
México,"Atizapán de Zaragoza",52986,"Ignacio López Rayón",Colonia
México,"Atizapán de Zaragoza",52987,"Bosques de San Martín",Colonia
México,"Atizapán de Zaragoza",52987,"Capulín Monte Sol",Colonia
México,"Atizapán de Zaragoza",52987,"Conjunto Habitacional Villa Sol",Fraccionamiento
México,"Atizapán de Zaragoza",52987,"Demetrio Vallejo",Colonia
México,"Atizapán de Zaragoza",52987,"Demetrio Vallejo Ampliación",Colonia
México,"Atizapán de Zaragoza",52987,"Ex Ejido el Mosco",Colonia
México,"Atizapán de Zaragoza",52987,"La Cañada",Fraccionamiento
México,"Atizapán de Zaragoza",52987,"Lomas de Capistrano",Colonia
México,"Atizapán de Zaragoza",52988,"Casitas Capistrano",Fraccionamiento
México,"Atizapán de Zaragoza",52989,"Nuevo Madin",Colonia
México,"Atizapán de Zaragoza",52989,"Residencial Lago Esmeralda",Fraccionamiento
México,"Atizapán de Zaragoza",52989,"Viejo Madín",Colonia
México,"Atizapán de Zaragoza",52990,Calacoaya,Pueblo
México,"Atizapán de Zaragoza",52990,"El Chaparral",Colonia
México,"Atizapán de Zaragoza",52990,"El Chaparral Ampliación",Colonia
México,"Atizapán de Zaragoza",52994,"Lomas de Bellavista",Fraccionamiento
México,"Atizapán de Zaragoza",52995,"Club de Golf Bellavista",Fraccionamiento
México,"Atizapán de Zaragoza",52996,"Calacoaya Residencial",Fraccionamiento
México,"Atizapán de Zaragoza",52996,"Conjunto Taxco",Colonia
México,"Atizapán de Zaragoza",52996,"Explanada Calacoaya",Fraccionamiento
México,"Atizapán de Zaragoza",52996,ISSEMYM,"Unidad habitacional"
México,"Atizapán de Zaragoza",52996,"Privada de Las Arboledas",Fraccionamiento
México,"Atizapán de Zaragoza",52996,"Privada las Huertas",Fraccionamiento
México,"Atizapán de Zaragoza",52996,"Rincón Colonial",Fraccionamiento
México,"Atizapán de Zaragoza",52997,"Cinco de Mayo",Colonia
México,"Atizapán de Zaragoza",52997,"El Calvario",Colonia
México,"Atizapán de Zaragoza",52998,"Fuentes de Satélite",Fraccionamiento
México,"Atizapán de Zaragoza",52998,"Fuentes del Sol",Fraccionamiento
México,"Atizapán de Zaragoza",52998,"Misión de la Presa",Fraccionamiento
México,"Atizapán de Zaragoza",52998,"Rancho Castro",Colonia
México,Atlacomulco,50450,Centro,Colonia
México,Atlacomulco,50453,"2 de Abril",Colonia
México,Atlacomulco,50453,Bongoni,Colonia
México,Atlacomulco,50453,"El Arbolito",Colonia
México,Atlacomulco,50453,"Felipe Ureña",Colonia
México,Atlacomulco,50453,Morelos,Colonia
México,Atlacomulco,50454,"2da Sección Electricistas",Fraccionamiento
México,Atlacomulco,50454,"Centro Administrativo",Colonia
México,Atlacomulco,50454,"El Calvario",Colonia
México,Atlacomulco,50454,Granjas,Colonia
México,Atlacomulco,50454,"Isidro Fabela",Colonia
México,Atlacomulco,50454,"Rincón de las Flores",Colonia
México,Atlacomulco,50454,"San Martín",Colonia
México,Atlacomulco,50455,"Cuatro Milpas",Colonia
México,Atlacomulco,50455,ISSEMYM,Fraccionamiento
México,Atlacomulco,50455,"La Ascensión",Colonia
México,Atlacomulco,50455,"La Mora",Colonia
México,Atlacomulco,50455,"Las Fuentes",Colonia
México,Atlacomulco,50455,"Las Mercedes",Colonia
México,Atlacomulco,50456,Atlavilla,Colonia
México,Atlacomulco,50456,"José Vasconcelos",Fraccionamiento
México,Atlacomulco,50456,"Miguel Portillo Saldaña",Fraccionamiento
México,Atlacomulco,50456,"Río Lerma (Tic Ti)",Colonia
México,Atlacomulco,50457,"Ampliación la Garita",Colonia
México,Atlacomulco,50457,Atenas,Colonia
México,Atlacomulco,50457,"El Jazmín",Colonia
México,Atlacomulco,50457,Geranios,Colonia
México,Atlacomulco,50457,"La Cruz",Colonia
México,Atlacomulco,50457,"La Garita",Colonia
México,Atlacomulco,50458,Atlacomulco,"Parque industrial"
México,Atlacomulco,50460,"San Bartolo Lanzados",Pueblo
México,Atlacomulco,50463,"Cerrito Colorado",Pueblo
México,Atlacomulco,50463,"Tierras Blancas",Pueblo
México,Atlacomulco,50464,Diximoxi,Pueblo
México,Atlacomulco,50464,"Maye el Fresno",Ranchería
México,Atlacomulco,50464,"San Bartolo el Arenal",Pueblo
México,Atlacomulco,50465,"La Mesa de Chosto",Pueblo
México,Atlacomulco,50465,"Santo Domingo Shomege (Shomege)",Pueblo
México,Atlacomulco,50466,"Chosto de los Jarros",Pueblo
México,Atlacomulco,50466,"La Lagunita Cantashí",Ranchería
México,Atlacomulco,50470,"San Pablo Atotonilco",Pueblo
México,Atlacomulco,50473,"El Salto",Pueblo
México,Atlacomulco,50473,"Monte María (El Nogal)",Ranchería
México,Atlacomulco,50474,"El Rincón de la Candelaria",Pueblo
México,Atlacomulco,50474,Tecoac,Pueblo
México,Atlacomulco,50475,"San Ignacio de Loyola",Pueblo
México,Atlacomulco,50475,"San José del Tunal",Pueblo
México,Atlacomulco,50475,"San Luis Boro",Pueblo
México,Atlacomulco,50476,"Dolores la Joya (La Joya)",Pueblo
México,Atlacomulco,50476,"El Magueyal",Ranchería
México,Atlacomulco,50477,Cotecito,Ranchería
México,Atlacomulco,50480,"San Francisco Chalchihuapan",Pueblo
México,Atlacomulco,50483,"San Felipe Pueblo Nuevo",Pueblo
México,Atlacomulco,50483,"Santiago Acutzilapan",Pueblo
México,Atlacomulco,50484,"San Antonio Enchisi",Pueblo
México,Atlacomulco,50485,"San Pedro del Rosal",Pueblo
México,Atlacomulco,50486,Cuendo,Pueblo
México,Atlacomulco,50486,"El Espejel",Ranchería
México,Atlacomulco,50486,"San Lorenzo Tlacotepec",Pueblo
México,Atlacomulco,50486,"Santa Cruz Bombatevi",Pueblo
México,Atlacomulco,50487,"Bombatevi Ejido (Ej. Santa Cruz Bombatevi)",Ranchería
México,Atlacomulco,50487,"La Palma",Pueblo
México,Atlacomulco,50487,"Las Tarrias",Ranchería
México,Atlacomulco,50490,"San Juan de los Jarros",Pueblo
México,Atlacomulco,50493,"Bobashi de Guadalupe",Pueblo
México,Atlacomulco,50494,"Manto del Río",Ejido
México,Atlacomulco,50495,"Manto del Río",Pueblo
México,Atlacomulco,50496,"San José Toxi",Pueblo
México,Atlacomulco,50496,"Santa Rosa",Ranchería
México,Atlacomulco,50497,"San Jerónimo de los Jarros",Pueblo
México,Atlautla,56970,"San Jacinto",Barrio
México,Atlautla,56973,"La Natividad",Barrio
México,Atlautla,56973,"San Lorenzo",Barrio
México,Atlautla,56973,"San Pedro",Barrio
México,Atlautla,56973,"Santo Domingo",Barrio
México,Atlautla,56974,"San Bartolo",Barrio
México,Atlautla,56974,"San Frnacisco",Barrio
México,Atlautla,56974,"San Martín",Barrio
México,Atlautla,56974,Santiago,Barrio
México,Atlautla,56975,Asunción,Barrio
México,Atlautla,56975,Ixtotempatl,Ranchería
México,Atlautla,56975,"San Felipe",Barrio
México,Atlautla,56975,"San Juan",Barrio
México,Atlautla,56975,"San Martín",Barrio
México,Atlautla,56976,"San Andrés Tlalamac",Pueblo
México,Atlautla,56979,"Justino Rivera Islas (Paraje Tepichilco)",Ranchería
México,Atlautla,56980,"San Juan Tehuixtitlán Centro",Colonia
México,Atlautla,56982,"Las Delicias",Fraccionamiento
México,Atlautla,56983,"Del Cornejal",Barrio
México,Atlautla,56983,Nexapa,Colonia
México,Atlautla,56983,"Popo Park",Fraccionamiento
México,Atlautla,56984,"El Arenal",Barrio
México,Atlautla,56984,"El mirador",Barrio
México,Atlautla,56984,Guadalupe,Barrio
México,Axapusco,55940,Axapusco,Pueblo
México,Axapusco,55940,Cuauhtémoc,Colonia
México,Axapusco,55940,"San Antonio",Barrio
México,Axapusco,55940,"San Bartolo Alto",Barrio
México,Axapusco,55940,"San Martín",Barrio
México,Axapusco,55940,Tlamapa,Pueblo
México,Axapusco,55943,Soapayuca,Hacienda
México,Axapusco,55943,Tezoncalli,Colonia
México,Axapusco,55950,"Guadalupe Relinas",Pueblo
México,Axapusco,55950,"San Antonio Coayuca",Pueblo
México,Axapusco,55950,"San Felipe Zacatepec",Pueblo
México,Axapusco,55952,"Santa María Aticpac",Pueblo
México,Axapusco,55952,Zacatepec,Ranchería
México,Axapusco,55954,"San Pablo Xuchi",Pueblo
México,Axapusco,55955,"San Nicolás Tetepantla",Exhacienda
México,Axapusco,55955,"Santo Domingo Aztacameca",Pueblo
México,Axapusco,55956,"Los Remedios",Colonia
México,Axapusco,55960,"San Antonio Ometusco",Pueblo
México,Axapusco,55963,"San Miguel Ometusco",Hacienda
México,Axapusco,55963,"Santa Ana",Ranchería
México,Axapusco,55963,Xala,Pueblo
México,Axapusco,55965,Jaltepec,Pueblo
México,Axapusco,55966,Atla,Pueblo
México,Ayapango,56760,"La Capilla",Colonia
México,Ayapango,56760,"La Soledad",Barrio
México,Ayapango,56760,"Predio el Calvario",Colonia
México,Ayapango,56763,"San Miguel",Ranchería
México,Ayapango,56763,Tetepetla,Colonia
México,Ayapango,56765,"El Arenal (Camino al Arenal)",Colonia
México,Ayapango,56765,"Las Casitas (Tepexpan)",Colonia
México,Ayapango,56765,"San Diego",Colonia
México,Ayapango,56765,"San Diego Chalcatepehuacán",Colonia
México,Ayapango,56766,Poxtla,Pueblo
México,Ayapango,56767,"San Juan E. Tlamapa",Pueblo
México,Ayapango,56770,"San José",Ranchería
México,Ayapango,56776,"San Bartolomé Mihuacán",Pueblo
México,Ayapango,56776,"San Martín Pahuacan",Pueblo
México,Ayapango,56776,"Sémolo Grande",Colonia
México,Calimaya,52200,Calimaya,Colonia
México,Calimaya,52200,"Calimaya de Diaz González",Pueblo
México,Calimaya,52200,"San Juan",Barrio
México,Calimaya,52200,"San Martín",Barrio
México,Calimaya,52200,"San Pedro - San Pablo",Barrio
México,Calimaya,52203,"El Rosario",Barrio
México,Calimaya,52203,"Los Ángeles",Barrio
México,Calimaya,52203,"Santa Cecilia",Barrio
México,Calimaya,52204,"Cruz Blanca",Barrio
México,Calimaya,52204,"Cruz Verde",Barrio
México,Calimaya,52204,Guadalupe,Barrio
México,Calimaya,52204,"Las Torres",Colonia
México,Calimaya,52205,"Del Calvario",Barrio
México,Calimaya,52205,Sauces,Colonia
México,Calimaya,52210,"Zaragoza de Guadalupe",Pueblo
México,Calimaya,52213,"El Calvario",Ranchería
México,Calimaya,52213,"San Diego la Huerta",Pueblo
México,Calimaya,52214,"La Loma",Ranchería
México,Calimaya,52215,"Francisco Villa",Colonia
México,Calimaya,52215,"Las Jarillas",Colonia
México,Calimaya,52220,"El Mesón",Fraccionamiento
México,Calimaya,52220,"San Andrés",Colonia
México,Calimaya,52220,"San Andrés Ocotlán",Pueblo
México,Calimaya,52223,"San Bartolito Tlaltelolco",Pueblo
México,Calimaya,52224,"La Concepción Coatipac (La Conchita)",Pueblo
México,Calimaya,52224,"Santa Cruz Tecuantitlán",Colonia
México,Calimaya,52224,"Valle del Nevado",Fraccionamiento
México,Calimaya,52225,"Arboledas (San Andrés)",Colonia
México,Calimaya,52226,"Bosque de las Fuentes Residencial",Fraccionamiento
México,Calimaya,52226,"El Mesón",Ranchería
México,Calimaya,52226,"Vistahermosa (Rancho los Jardines)",Ranchería
México,Calimaya,52227,"Hacienda de las Fuentes",Fraccionamiento
México,Calimaya,52227,"La Loma",Colonia
México,Calimaya,52227,"Villas del Campo",Fraccionamiento
México,Calimaya,52228,"Cruz de la Misión",Barrio
México,Calimaya,52230,"La Aurora II",Barrio
México,Calimaya,52230,"Santa María",Colonia
México,Calimaya,52230,"Santa María Nativitas",Pueblo
México,Calimaya,52233,"La Guadalupana",Barrio
México,Calimaya,52233,"San Lorenzo Cuauhtenco",Pueblo
México,Calimaya,52234,"San Marcos de la Cruz",Pueblo
México,Calimaya,52235,"El Arenal",Colonia
México,Calimaya,52235,"San Cristóbal",Ranchería
México,Calimaya,52236,"El Tarimoro",Colonia
México,Capulhuac,52700,Centro,Colonia
México,Capulhuac,52710,"Agua Blanca",Pueblo
México,Capulhuac,52710,"La Cruz",Pueblo
México,Capulhuac,52710,"La Cuchillla",Ejido
México,Capulhuac,52710,"Las Chinampas",Ejido
México,Capulhuac,52710,"Lomas de San Juan",Pueblo
México,Capulhuac,52710,"Los Sauces",Fraccionamiento
México,Capulhuac,52710,"San Juan Bautista",Pueblo
México,Capulhuac,52710,"San Miguel Almaya",Pueblo
México,Capulhuac,52710,"San Nicolás Tlazala",Pueblo
México,Capulhuac,52713,"Guadalupe Victoria",Pueblo
México,Capulhuac,52713,"San Isidro Tehualtepec","Poblado comunal"
México,Capulhuac,52714,Capetillo,Ranchería
México,Capulhuac,52714,"La Lagunilla",Colonia
México,Capulhuac,52715,"Molino de San Cayetano",Ranchería
México,Capulhuac,52720,"San Isidro",Barrio
México,Capulhuac,52723,Hueyutitla,Ranchería
México,Capulhuac,52723,"La Poza",Colonia
México,Capulhuac,52730,"San Miguelito",Barrio
México,Capulhuac,52733,"Santa María Coaxusco",Barrio
México,Chalco,56600,"Bosques de Chalco I",Fraccionamiento
México,Chalco,56600,"Bosques de Chalco II",Fraccionamiento
México,Chalco,56600,"Campestre Santa Cruz","Unidad habitacional"
México,Chalco,56600,"Casco de San Juan",Colonia
México,Chalco,56600,"Chalco de Díaz Covarrubias Centro",Colonia
México,Chalco,56600,"El Naranjo",Colonia
México,Chalco,56600,"Gonzalo López Cid",Colonia
México,Chalco,56600,"Granjas Chalco",Fraccionamiento
México,Chalco,56600,"Industrial Chalco",Colonia
México,Chalco,56600,"La Bomba",Colonia
México,Chalco,56600,"La Conchita",Barrio
México,Chalco,56600,"Las Huertas",Fraccionamiento
México,Chalco,56600,"Los Cipreses",Colonia
México,Chalco,56600,"Los Volcanes",Fraccionamiento
México,Chalco,56600,"Los Volcanes 2da. Sección",Fraccionamiento
México,Chalco,56600,"Marco Antonio Sosa",Colonia
México,Chalco,56600,"Margarita Córdoba Morán",Colonia
México,Chalco,56600,"Paseos de Chalco",Fraccionamiento
México,Chalco,56600,"Portal de Chalco",Fraccionamiento
México,Chalco,56600,"Punto Chalco",Fraccionamiento
México,Chalco,56600,"Rancho Amigo","Unidad habitacional"
México,Chalco,56600,"San Antonio",Barrio
México,Chalco,56600,"San Francisco",Barrio
México,Chalco,56600,"San Sebastián",Barrio
México,Chalco,56600,"Villas de Chalco","Unidad habitacional"
México,Chalco,56604,Ejidal,Colonia
México,Chalco,56604,"Jacalones I",Colonia
México,Chalco,56604,"Jacalones II",Colonia
México,Chalco,56604,"Nueva San Miguel",Colonia
México,Chalco,56604,"Tres Marías",Colonia
México,Chalco,56605,Agrarista,Colonia
México,Chalco,56605,"Agrarista Sector Alcanfores",Colonia
México,Chalco,56605,"Clara Córdoba Morán",Colonia
México,Chalco,56605,"El Paraíso",Colonia
México,Chalco,56605,"Fraternidad Antorchista",Colonia
México,Chalco,56605,"Humberto Vidal Mendoza",Colonia
México,Chalco,56605,"Nueva San Antonio",Colonia
México,Chalco,56605,"Nueva San Isidro",Colonia
México,Chalco,56606,"Unión de Guadalupe",Colonia
México,Chalco,56607,"21 de Marzo",Colonia
México,Chalco,56607,Covadonga,Colonia
México,Chalco,56607,"Culturas de México",Colonia
México,Chalco,56607,"Jardines de Chalco",Colonia
México,Chalco,56608,"Ampliación Emiliano Zapata",Colonia
México,Chalco,56608,"Emiliano Zapata",Colonia
México,Chalco,56608,"San Cristóbal",Colonia
México,Chalco,56609,"Santa Cruz Amalinalco",Colonia
México,Chalco,56620,Capultitla,Barrio
México,Chalco,56620,"El Recodo de San José Axalco",Colonia
México,Chalco,56620,Independencia,Colonia
México,Chalco,56620,"Jazmín de las Flores",Colonia
México,Chalco,56620,"Lomas de San Pablo",Barrio
México,Chalco,56620,Michoacana,Colonia
México,Chalco,56620,"San José",Colonia
México,Chalco,56620,"San Pablo Atlazalpan",Pueblo
México,Chalco,56623,"Santa Catarina Ayotzingo",Pueblo
México,Chalco,56624,"Caserío de Cortés",Colonia
México,Chalco,56624,"Las Nieves",Colonia
México,Chalco,56624,"Pedregal Tezompa",Colonia
México,Chalco,56624,"San Juan Tezompa",Pueblo
México,Chalco,56625,Guadalupe,Barrio
México,Chalco,56625,"Independencia Chimalpa",Colonia
México,Chalco,56625,"San Lorenzo Chimalpa",Pueblo
México,Chalco,56625,"San Martín Xico Nuevo",Pueblo
México,Chalco,56625,"San Mateo Huitzilzingo",Pueblo
México,Chalco,56640,"Los Álamos",Fraccionamiento
México,Chalco,56640,"San Gregorio Cuautzingo",Pueblo
México,Chalco,56640,"Santa Ana (Predio San Juan)",Colonia
México,Chalco,56641,"Ex-hacienda de Guadalupe","Unidad habitacional"
México,Chalco,56641,"La Candelaria Tlapala",Pueblo
México,Chalco,56641,"Llano del Moral",Colonia
México,Chalco,56642,"San Lucas Amalinalco",Pueblo
México,Chalco,56642,"San Lucas Amalinalco",Ampliación
México,Chalco,56643,"El Socorro",Colonia
México,Chalco,56643,"La Chimenea",Colonia
México,Chalco,56643,"San Buenaventura 7a Sección","Unidad habitacional"
México,Chalco,56643,"San Marcos Huixtoco",Pueblo
México,Chalco,56644,"Conjunto Habitacional Los Héroes Chalco",Fraccionamiento
México,Chalco,56644,"Ex-Hacienda San Juan","Unidad habitacional"
México,Chalco,56644,"Pueblo Nuevo","Unidad habitacional"
México,Chalco,56644,"San Martín Cuautlalpan",Pueblo
México,Chalco,56644,"Villas de San Martín",Fraccionamiento
México,Chalco,56646,"Santa María Huexoculco",Pueblo
México,Chalco,56647,"Hacienda del Moral (El Moral)",Colonia
México,Chalco,56647,"San Mateo Tezoquipan Miraflores",Pueblo
México,"Chapa de Mota",54350,"Chapa de Mota",Pueblo
México,"Chapa de Mota",54360,Barajas,Ejido
México,"Chapa de Mota",54360,"Macavaca (Santa Ana Macavaca)",Hacienda
México,"Chapa de Mota",54360,Ventey,Barrio
México,"Chapa de Mota",54363,Barajas,Pueblo
México,"Chapa de Mota",54363,Damate,Pueblo
México,"Chapa de Mota",54363,"La Soledad",Barrio
México,"Chapa de Mota",54364,"El Chabacano",Barrio
México,"Chapa de Mota",54364,"Las Ánimas",Pueblo
México,"Chapa de Mota",54364,"San Francisco de las Tablas",Pueblo
México,"Chapa de Mota",54364,"San José Ampabi",Ranchería
México,"Chapa de Mota",54365,Venú,Barrio
México,"Chapa de Mota",54365,Xhoñe,Barrio
México,"Chapa de Mota",54366,Mefi,Barrio
México,"Chapa de Mota",54367,"Santa María",Ranchería
México,"Chapa de Mota",54367,Xhote,Ranchería
México,"Chapa de Mota",54373,"Los Limones",Ranchería
México,"Chapa de Mota",54373,Tenjay,Ranchería
México,"Chapa de Mota",54374,"La Concepción",Barrio
México,"Chapa de Mota",54374,"La Palma",Ranchería
México,"Chapa de Mota",54375,Cadenqui,Pueblo
México,"Chapa de Mota",54375,"El Salto",Barrio
México,"Chapa de Mota",54375,"La Alameda",Barrio
México,"Chapa de Mota",54380,Danxhó,Barrio
México,"Chapa de Mota",54380,"Dhalle (Ejido de Dongu)",Ranchería
México,"Chapa de Mota",54380,"Santa Elena",Pueblo
México,"Chapa de Mota",54383,"Ex-hacienda de Bodengui",Ranchería
México,"Chapa de Mota",54383,"La Ladera",Barrio
México,"Chapa de Mota",54384,"La Esperanza",Pueblo
México,"Chapa de Mota",54384,"La Loma",Ranchería
México,"Chapa de Mota",54385,Dongu,Pueblo
México,"Chapa de Mota",54385,"San Felipe Coamango",Pueblo
México,"Chapa de Mota",54386,"El Puerto",Pueblo
México,"Chapa de Mota",54386,"San Gabriel",Pueblo
México,"Chapa de Mota",54386,"San Juan Tuxtepec",Pueblo
México,"Chapa de Mota",54387,"El Quinte",Pueblo
México,"Chapa de Mota",54387,"San Felipe Coamango",Ejido
México,Chapultepec,52240,Chapultepec,Pueblo
México,Chapultepec,52243,"Del Campesino",Colonia
México,Chapultepec,52243,"Las Américas",Colonia
México,Chapultepec,52244,"Santa Teresa","Unidad habitacional"
México,Chapultepec,52250,"La Presa (Ejido de Chapultepec)",Colonia
México,Chapultepec,52250,"San Isidro",Colonia
México,Chapultepec,52253,"El Calvario",Colonia
México,Chapultepec,52254,"Los Ciruelos  (Rancho el Iris)",Ranchería
México,Chapultepec,52254,"Vista Hermosa (Rancho el Huevito)",Ranchería
México,Chiautla,56030,Huitznahuac,Barrio
México,Chiautla,56030,"Pueblo Nuevo",Barrio
México,Chiautla,56030,"San Andrés Chiautla Centro",Colonia
México,Chiautla,56030,"San Francisco",Barrio
México,Chiautla,56030,"San Juan",Barrio
México,Chiautla,56030,"San Sebastián",Barrio
México,Chiautla,56030,"Santa Catarina",Barrio
México,Chiautla,56033,Ixquitlán,Barrio
México,Chiautla,56033,"Santiago Chimalpa",Pueblo
México,Chiautla,56034,"San Bartolo",Barrio
México,Chiautla,56035,"La Concepción",Colonia
México,Chiautla,56035,"La Frontera",Colonia
México,Chiautla,56035,Ocopulco,Pueblo
México,Chiautla,56036,Amajac,Pueblo
México,Chiautla,56036,Atenguillo,Pueblo
México,Chiautla,56036,"Los Pirules",Residencial
México,Chiautla,56037,Arboledas,Residencial
México,Chiautla,56037,California,Residencial
México,Chiautla,56037,Nonoalco,Pueblo
México,Chiautla,56037,"San Alberto",Residencial
México,Chiautla,56037,"San Andrés",Residencial
México,Chiautla,56037,"San Antonio",Residencial
México,Chiautla,56037,"San Luis",Residencial
México,Chiautla,56038,Guadalupe,Ranchería
México,Chiautla,56040,"San Lucas Huitzilhuacán",Pueblo
México,Chiautla,56040,Tepetitlán,Pueblo
México,Chiautla,56040,Tlaltecahuacán,Pueblo
México,Chicoloapan,56370,"San Vicente Chicoloapan de Juárez Centro",Colonia
México,Chicoloapan,56373,"Bonito El Manzano","Unidad habitacional"
México,Chicoloapan,56373,"Bonito San Vicente","Unidad habitacional"
México,Chicoloapan,56373,"El Arenal",Barrio
México,Chicoloapan,56373,"El Encino",Fraccionamiento
México,Chicoloapan,56373,"Hacienda Vista Real","Conjunto habitaciona"
México,Chicoloapan,56373,"Los Ángeles",Barrio
México,Chicoloapan,56373,"San Antonio",Barrio
México,Chicoloapan,56373,"San Juan",Barrio
México,Chicoloapan,56373,"Santa Cecilia",Barrio
México,Chicoloapan,56373,Tejocote,Barrio
México,Chicoloapan,56375,"El Vergel",Barrio
México,Chicoloapan,56375,"Hacienda Piedras Negras","Unidad habitacional"
México,Chicoloapan,56375,Presidentes,Colonia
México,Chicoloapan,56376,"Ampliación Santa Rosa",Campamento
México,Chicoloapan,56376,"Auris II",Colonia
México,Chicoloapan,56376,"Auris III",Colonia
México,Chicoloapan,56376,"Santa Rosa",Colonia
México,Chicoloapan,56377,"2 de Marzo",Colonia
México,Chicoloapan,56377,"Ampliación Presidentes",Campamento
México,Chicoloapan,56377,Arboledas,"Unidad habitacional"
México,Chicoloapan,56377,"Auris I",Colonia
México,Chicoloapan,56377,"México 86",Barrio
México,Chicoloapan,56377,Navidad,Barrio
México,Chicoloapan,56377,"San José",Colonia
México,Chicoloapan,56377,"San Miguel",Barrio
México,Chicoloapan,56377,Tlatel,Barrio
México,Chicoloapan,56377,"Venustiano Carranza",Colonia
México,Chicoloapan,56380,"Lomas Chicoloapan","Unidad habitacional"
México,Chicoloapan,56380,"Real de San Vicente I","Unidad habitacional"
México,Chicoloapan,56383,"Ciudad Galaxia los Reyes","Unidad habitacional"
México,Chicoloapan,56383,"Hacienda los Reyes","Unidad habitacional"
México,Chicoloapan,56383,"Lomas de Chicoloapan III","Unidad habitacional"
México,Chicoloapan,56383,"Real de San Vicente II","Unidad habitacional"
México,Chicoloapan,56384,"La Venta Cuautlalpan",Ejido
México,Chicoloapan,56384,"Loma San Pedro",Colonia
México,Chicoloapan,56386,"Geovillas de Costitlán","Unidad habitacional"
México,Chicoloapan,56386,"Hacienda de Costitlán","Unidad habitacional"
México,Chicoloapan,56386,"La Copalera",Ejido
México,Chicoloapan,56386,"Rancho San Miguel","Unidad habitacional"
México,Chicoloapan,56386,"Real de Costitlán I","Unidad habitacional"
México,Chicoloapan,56386,"Real de Costitlán II","Unidad habitacional"
México,Chicoloapan,56386,"San Patricio",Colonia
México,Chicoloapan,56387,"La Noria",Colonia
México,Chicoloapan,56387,"Loma de Guadalupe",Colonia
México,Chicoloapan,56390,"Ejército del Trabajo",Colonia
México,Chicoloapan,56390,"Emiliano Zapata",Colonia
México,Chicoloapan,56390,"Francisco Villa",Colonia
México,Chicoloapan,56390,Revolución,Colonia
México,Chicoloapan,56396,"Centro Turístico Ejidal",Ejido
México,Chicoloapan,56396,"Pozo Número Dos ,La Campana",Ejido
México,Chicoloapan,56396,"Pozo Número Seis ,La Longaniza",Ejido
México,Chiconcuac,56270,"Emiliano Zapata",Colonia
México,Chiconcuac,56270,"San Diego",Barrio
México,Chiconcuac,56270,"San Miguel",Barrio
México,Chiconcuac,56270,"San Pedro",Barrio
México,Chiconcuac,56270,"Santa María",Colonia
México,Chiconcuac,56272,"San Pablito Calmimilolco",Pueblo
México,Chiconcuac,56273,"El Araujo",Colonia
México,Chiconcuac,56273,"Las Joyas",Colonia
México,Chiconcuac,56274,"El Mamut",Colonia
México,Chiconcuac,56280,"San Cristóbal",Ejido
México,Chimalhuacán,56330,"Santa María Chimalhuacán",Pueblo
México,Chimalhuacán,56333,"Santa María Chimalhuacán Ampliación Carrizo",Ejido
México,Chimalhuacán,56333,"Santa María Chimalhuacán Ampliación Hidalgo",Ejido
México,Chimalhuacán,56334,Artesanos,Barrio
México,Chimalhuacán,56334,Canasteros,Barrio
México,Chimalhuacán,56334,Carpinteros,Barrio
México,Chimalhuacán,56334,"El Molino",Fraccionamiento
México,Chimalhuacán,56334,Fundidores,Barrio
México,Chimalhuacán,56334,Herreros,Barrio
México,Chimalhuacán,56334,"Luis Córdoba Reyes",Colonia
México,Chimalhuacán,56334,"Marco Antonio Sosa",Colonia
México,Chimalhuacán,56334,"Melchor Ocampo",Colonia
México,Chimalhuacán,56334,Mineros,Barrio
México,Chimalhuacán,56334,Pescadores,Barrio
México,Chimalhuacán,56334,"San Pablo",Barrio
México,Chimalhuacán,56334,"San Pablo Parte Baja",Barrio
México,Chimalhuacán,56334,"San Pedro",Barrio
México,Chimalhuacán,56334,"San Pedro Parte Baja",Barrio
México,Chimalhuacán,56334,Tepalcate,Colonia
México,Chimalhuacán,56335,"Acuitlapilco Primera Sección",Colonia
México,Chimalhuacán,56335,"Acuitlapilco Segunda Sección",Colonia
México,Chimalhuacán,56335,"Acuitlapilco Tercera Sección",Colonia
México,Chimalhuacán,56335,Apapasco,Colonia
México,Chimalhuacán,56335,Arboledas,Colonia
México,Chimalhuacán,56335,"Ciudad Alegre",Colonia
México,Chimalhuacán,56335,Constructores,Barrio
México,Chimalhuacán,56335,"Corte Portezuelos",Colonia
México,Chimalhuacán,56335,"Cuatro de Febrero",Colonia
México,Chimalhuacán,56335,"El Llano de Santa María",Colonia
México,Chimalhuacán,56335,Guadalupe,Colonia
México,Chimalhuacán,56335,"Jardines de Acuitlapilco",Colonia
México,Chimalhuacán,56335,"Lomas de Santa María",Colonia
México,Chimalhuacán,56335,"Luis Donaldo Colosio",Colonia
México,Chimalhuacán,56335,"Nueva Tepalcates",Colonia
México,Chimalhuacán,56335,Primavera,Colonia
México,Chimalhuacán,56335,"Rancho de las Nieves",Colonia
México,Chimalhuacán,56335,"San Miguel",Colonia
México,Chimalhuacán,56335,"Santa María Nativitas",Barrio
México,Chimalhuacán,56335,"Unión Antorchista",Colonia
México,Chimalhuacán,56337,Apelsa,Fraccionamiento
México,Chimalhuacán,56337,Arenitas,Colonia
México,Chimalhuacán,56337,Copalera,Colonia
México,Chimalhuacán,56337,Cornejal,Colonia
México,Chimalhuacán,56337,"El Capulín",Colonia
México,Chimalhuacán,56337,"El Pocito",Colonia
México,Chimalhuacán,56337,"La Mina",Colonia
México,Chimalhuacán,56337,Ladera,Colonia
México,Chimalhuacán,56337,"Lomas de Chimalhuacán",Colonia
México,Chimalhuacán,56337,"Lomas de Totolco Tlatelco",Colonia
México,Chimalhuacán,56337,Olmedo,Colonia
México,Chimalhuacán,56337,"San Andrés",Barrio
México,Chimalhuacán,56337,"San Isidro",Barrio
México,Chimalhuacán,56337,"San Juan Zapotla",Colonia
México,Chimalhuacán,56337,"Santo Domingo",Colonia
México,Chimalhuacán,56337,Tepenepantla,Colonia
México,Chimalhuacán,56337,Tlaixco,Colonia
México,Chimalhuacán,56338,"El Chocolín",Campamento
México,Chimalhuacán,56338,Huatongo,Colonia
México,Chimalhuacán,56338,"La Palma",Ejido
México,Chimalhuacán,56338,"Loma de Buenavista",Colonia
México,Chimalhuacán,56338,"Lomas de San Isidro",Colonia
México,Chimalhuacán,56338,"Lomas San Pablo",Colonia
México,Chimalhuacán,56338,"San Pablo",Ampliación
México,Chimalhuacán,56338,"San Pablo",Ejido
México,Chimalhuacán,56340,"Ampliación San Lorenzo (Parte Alta)",Colonia
México,Chimalhuacán,56340,"Cerro de Las Palomas",Colonia
México,Chimalhuacán,56340,"San Lorenzo",Fraccionamiento
México,Chimalhuacán,56340,"San Lorenzo Chimalco",Villa
México,Chimalhuacán,56340,"San Lorenzo Parte Alta",Barrio
México,Chimalhuacán,56343,"Adolfo López Mateos",Colonia
México,Chimalhuacán,56343,"Ampliación San Agustín",Colonia
México,Chimalhuacán,56343,"Ampliación San Agustín Zona Oriente",Colonia
México,Chimalhuacán,56343,"Ampliación San Agustín Zona Poniente",Colonia
México,Chimalhuacán,56343,"Balcones de San Agustín",Colonia
México,Chimalhuacán,56343,"Buenos Aires",Colonia
México,Chimalhuacán,56343,"Diecisiete de Marzo",Colonia
México,Chimalhuacán,56343,Israel,Colonia
México,Chimalhuacán,56343,"Jardines de San Agustín (La Isla, Sancho Ganadero)",Colonia
México,Chimalhuacán,56343,"Los Olivos",Fraccionamiento
México,Chimalhuacán,56343,Miramar,Colonia
México,Chimalhuacán,56343,"San José Buenavista",Fraccionamiento
México,Chimalhuacán,56343,"SUTAUR Oriente",Fraccionamiento
México,Chimalhuacán,56343,Tequesquinahuac,Colonia
México,Chimalhuacán,56343,"Tierra Santa (Maravillas)",Fraccionamiento
México,Chimalhuacán,56343,"Villa San Agustín Atlapulco",Colonia
México,Chimalhuacán,56343,"Zona Comunal San Agustín",Colonia
México,Chimalhuacán,56344,"Ejido San Agustín Atlapulco",Colonia
México,Chimalhuacán,56344,"Villa los Colorines",Fraccionamiento
México,Chimalhuacán,56346,"Filiberto Gómez",Colonia
México,Chimalhuacán,56346,"Progreso de Oriente",Colonia
México,Chimalhuacán,56346,Xaltipac,Colonia
México,Chimalhuacán,56350,"Ampliación Xochiaca parte Alta",Colonia
México,Chimalhuacán,56350,"Diecisiete de Septiembre",Colonia
México,Chimalhuacán,56350,"La Joyita",Colonia
México,Chimalhuacán,56350,"Santa Cecilia Xochiaca",Barrio
México,Chimalhuacán,56350,Xochiaca,Barrio
México,Chimalhuacán,56350,"Xochiaca 2a Sección",Barrio
México,Chimalhuacán,56350,"Xochitenco 3a Sección",Villa
México,Chimalhuacán,56350,"Xochitenco Parte Alta",Colonia
México,Chimalhuacán,56353,"Arturo Montiel",Colonia
México,Chimalhuacán,56353,Orfebres,Barrio
México,Chimalhuacán,56353,Saraperos,Barrio
México,Chimalhuacán,56353,Tlatelco,Colonia
México,Chimalhuacán,56356,Canteros,Barrio
México,Chimalhuacán,56356,Jugueteros,Barrio
México,Chimalhuacán,56356,Plateros,Barrio
México,Chimalhuacán,56356,"Santa Cruz",Colonia
México,Chimalhuacán,56356,Talabarteros,Barrio
México,Chimalhuacán,56356,Tejedores,Barrio
México,Chimalhuacán,56356,Vidrieros,Barrio
México,Chimalhuacán,56360,"San Juan Xochitenco",Colonia
México,Chimalhuacán,56360,"Xochitenco 1a Sección",Villa
México,Chimalhuacán,56360,"Xochitenco 2a Sección",Villa
México,Chimalhuacán,56363,Alfareros,Barrio
México,Chimalhuacán,56363,Ebanistas,Barrio
México,Chimalhuacán,56363,"La Rosita",Barrio
México,Chimalhuacán,56363,"Nueva Margarita",Colonia
México,Chimalhuacán,56363,Transportistas,Barrio
México,Chimalhuacán,56366,Cesteros,Barrio
México,Chimalhuacán,56366,Curtidores,Barrio
México,Chimalhuacán,56366,Hojalateros,Barrio
México,Chimalhuacán,56366,Labradores,Barrio
México,Chimalhuacán,56366,Talladores,Barrio
México,Chimalhuacán,56366,"Tlatel Xochitenco",Colonia
México,"Coacalco de Berriozábal",55700,"Bonito Coacalco",Condominio
México,"Coacalco de Berriozábal",55700,"Bonito Coacalco I (La Cruz)","Conjunto habitaciona"
México,"Coacalco de Berriozábal",55700,"Colonial Coacalco","Conjunto habitaciona"
México,"Coacalco de Berriozábal",55700,"Conjunto Salamanca",Condominio
México,"Coacalco de Berriozábal",55700,"El Laurel (El Gigante)","Conjunto habitaciona"
México,"Coacalco de Berriozábal",55700,"El Toloache",Residencial
México,"Coacalco de Berriozábal",55700,"El Vergel",Condominio
México,"Coacalco de Berriozábal",55700,"Fuentes de San Francisco",Condominio
México,"Coacalco de Berriozábal",55700,"Hacienda Capultitla",Residencial
México,"Coacalco de Berriozábal",55700,"Hacienda Cruztitla I","Conjunto habitaciona"
México,"Coacalco de Berriozábal",55700,"Hacienda Cruztitla II","Conjunto habitaciona"
México,"Coacalco de Berriozábal",55700,"Hacienda las Garzas","Conjunto habitaciona"
México,"Coacalco de Berriozábal",55700,Jajalpa,Condominio
México,"Coacalco de Berriozábal",55700,"La Cualac",Campamento
México,"Coacalco de Berriozábal",55700,"Las Hiedras",Condominio
México,"Coacalco de Berriozábal",55700,"Marquet o Real de Coacalco",Condominio
México,"Coacalco de Berriozábal",55700,"Parque Taxco Viejo",Condominio
México,"Coacalco de Berriozábal",55700,"Privadas Coacalco",Condominio
México,"Coacalco de Berriozábal",55700,"Residencial Paraíso I",Residencial
México,"Coacalco de Berriozábal",55700,"Residencial Paraíso II",Residencial
México,"Coacalco de Berriozábal",55700,"San Francisco Coacalco (Cabecera Municipal)",Pueblo
México,"Coacalco de Berriozábal",55700,Santander,Residencial
México,"Coacalco de Berriozábal",55700,"Secretos (Chabacano)",Residencial
México,"Coacalco de Berriozábal",55700,Sirapark,Residencial
México,"Coacalco de Berriozábal",55700,"Villa Florencia",Residencial
México,"Coacalco de Berriozábal",55700,Zacuautitla,Colonia
México,"Coacalco de Berriozábal",55705,"República Mexicana",Colonia
México,"Coacalco de Berriozábal",55707,"Calpulli del Valle","Conjunto habitaciona"
México,"Coacalco de Berriozábal",55707,Ejidal,Colonia
México,"Coacalco de Berriozábal",55707,"El Obelisco","Conjunto habitaciona"
México,"Coacalco de Berriozábal",55707,"Ex-Rancho San Felipe",Campamento
México,"Coacalco de Berriozábal",55707,"La Besana",Campamento
México,"Coacalco de Berriozábal",55707,"La Cima",Condominio
México,"Coacalco de Berriozábal",55707,"Lomas San Felipe",Campamento
México,"Coacalco de Berriozábal",55708,Hidalgo,Colonia
México,"Coacalco de Berriozábal",55709,"Conjunto San Diego",Condominio
México,"Coacalco de Berriozábal",55709,"COOR Coacalco","Unidad habitacional"
México,"Coacalco de Berriozábal",55709,"El Gigante (imevis)",Campamento
México,"Coacalco de Berriozábal",55709,"El Gigante (San José)",Colonia
México,"Coacalco de Berriozábal",55709,"El Tercer Gigante (imevis)",Campamento
México,"Coacalco de Berriozábal",55709,"Villas Gigante",Fraccionamiento
México,"Coacalco de Berriozábal",55710,"Arcos las Torres",Condominio
México,"Coacalco de Berriozábal",55710,"Las Rosas","Conjunto habitaciona"
México,"Coacalco de Berriozábal",55710,"Rancho la Providencia","Conjunto habitaciona"
México,"Coacalco de Berriozábal",55710,"Residencial Las Dalias I,II,III Y IV",Fraccionamiento
México,"Coacalco de Berriozábal",55710,"Sección Jardín ""Las Plazas"" (Unidad Coacalco)",Fraccionamiento
México,"Coacalco de Berriozábal",55710,"Villa de las Flores 1a Sección (Unidad Coacalco)",Fraccionamiento
México,"Coacalco de Berriozábal",55710,"Villa de las Flores 2a Sección (Unidad Coacalco)",Fraccionamiento
México,"Coacalco de Berriozábal",55712,Dalias,"Conjunto habitaciona"
México,"Coacalco de Berriozábal",55712,"San Francisco Coacalco (Sección Hacienda)","Conjunto habitaciona"
México,"Coacalco de Berriozábal",55712,"San Francisco Coacalco (Sección Héroes)","Conjunto habitaciona"
México,"Coacalco de Berriozábal",55713,"Ampliación Villa de Reyes",Colonia
México,"Coacalco de Berriozábal",55713,"La Floresta",Condominio
México,"Coacalco de Berriozábal",55713,"Rincón de las Fuentes",Condominio
México,"Coacalco de Berriozábal",55713,"Rinconada Coacalco",Condominio
México,"Coacalco de Berriozábal",55713,"Villa de Reyes",Condominio
México,"Coacalco de Berriozábal",55714,"Hacienda San Pablo","Conjunto habitaciona"
México,"Coacalco de Berriozábal",55714,Independencia,Campamento
México,"Coacalco de Berriozábal",55714,"Los Almendros",Condominio
México,"Coacalco de Berriozábal",55714,"Los Olivos",Condominio
México,"Coacalco de Berriozábal",55714,"Niños Héroes",Condominio
México,"Coacalco de Berriozábal",55714,"Potrero II",Condominio
México,"Coacalco de Berriozábal",55714,"Rincón Coahuilense",Condominio
México,"Coacalco de Berriozábal",55714,"San Lorenzo Tetlixtac",Pueblo
México,"Coacalco de Berriozábal",55714,Tetlacolili,Condominio
México,"Coacalco de Berriozábal",55715,"El Arenal o El Pantano",Campamento
México,"Coacalco de Berriozábal",55715,"La Magdalena Huizachitla",Pueblo
México,"Coacalco de Berriozábal",55715,"Los Capulines",Campamento
México,"Coacalco de Berriozábal",55715,"Los Sabinos II",Residencial
México,"Coacalco de Berriozábal",55716,"Jardines de San José 1a Secc",Fraccionamiento
México,"Coacalco de Berriozábal",55716,"Jardines de San José 2a Secc",Fraccionamiento
México,"Coacalco de Berriozábal",55716,"Sección las Villas (Unidad Coacalco)",Fraccionamiento
México,"Coacalco de Berriozábal",55717,"Bosques del Valle 1a Sección",Fraccionamiento
México,"Coacalco de Berriozábal",55717,"Bosques del Valle 2a Sección",Fraccionamiento
México,"Coacalco de Berriozábal",55717,"El Chaparral",Condominio
México,"Coacalco de Berriozábal",55717,"El Laurel",Condominio
México,"Coacalco de Berriozábal",55717,"Ex-Hacienda San Felipe 1a. Sección","Conjunto habitaciona"
México,"Coacalco de Berriozábal",55717,"Ex-Hacienda San Felipe 2a. Sección","Conjunto habitaciona"
México,"Coacalco de Berriozábal",55717,"Ex-Hacienda San Felipe 3a. Sección","Conjunto habitaciona"
México,"Coacalco de Berriozábal",55717,"Las Bugambilias","Conjunto habitaciona"
México,"Coacalco de Berriozábal",55717,"Los Portales Oriente","Unidad habitacional"
México,"Coacalco de Berriozábal",55717,"Los Portales Poniente","Unidad habitacional"
México,"Coacalco de Berriozábal",55717,"Periodistas Revolucionarios","Conjunto habitaciona"
México,"Coacalco de Berriozábal",55717,"Rancho la Palma 1a Sección","Conjunto habitaciona"
México,"Coacalco de Berriozábal",55717,"Rancho la Palma 2a Sección","Conjunto habitaciona"
México,"Coacalco de Berriozábal",55717,"Rancho la Palma 3a Sección","Conjunto habitaciona"
México,"Coacalco de Berriozábal",55717,"Rancho la Palma 4a. Sección","Conjunto habitaciona"
México,"Coacalco de Berriozábal",55718,Coacalco,"Parque industrial"
México,"Coacalco de Berriozábal",55718,"Joyas de Coacalco",Condominio
México,"Coacalco de Berriozábal",55718,"La Guadalupana",Condominio
México,"Coacalco de Berriozábal",55718,"Las Garzas",Fraccionamiento
México,"Coacalco de Berriozábal",55718,"Los Cedros I y II",Residencial
México,"Coacalco de Berriozábal",55718,"Potrero I",Condominio
México,"Coacalco de Berriozábal",55718,"Potrero la Laguna 1a Sección","Unidad habitacional"
México,"Coacalco de Berriozábal",55718,"Potrero la Laguna 2a Sección","Unidad habitacional"
México,"Coacalco de Berriozábal",55718,"Potrero Popular I",Fraccionamiento
México,"Coacalco de Berriozábal",55718,"Potrero Popular II",Campamento
México,"Coacalco de Berriozábal",55718,"Privada las Garzas","Conjunto habitaciona"
México,"Coacalco de Berriozábal",55718,"Santa María II","Conjunto habitaciona"
México,"Coacalco de Berriozábal",55718,"Santa María III","Conjunto habitaciona"
México,"Coacalco de Berriozábal",55718,"Unidad José María Morelos y Pavón","Unidad habitacional"
México,"Coacalco de Berriozábal",55719,"El Pantano",Fraccionamiento
México,"Coacalco de Berriozábal",55719,"Plaza las Flores",Residencial
México,"Coacalco de Berriozábal",55719,"Rinconada San Felipe I","Conjunto habitaciona"
México,"Coacalco de Berriozábal",55719,"Rinconada San Felipe II","Conjunto habitaciona"
México,"Coacalco de Berriozábal",55719,"San Rafael Coacalco","Unidad habitacional"
México,"Coacalco de Berriozábal",55719,"Santa María I","Conjunto habitaciona"
México,"Coacalco de Berriozábal",55720,"Parque Residencial Coacalco 1a Sección",Fraccionamiento
México,"Coacalco de Berriozábal",55720,"Parque Residencial Coacalco 2a Sección",Fraccionamiento
México,"Coacalco de Berriozábal",55720,"Parque Residencial Coacalco 3a Sección",Fraccionamiento
México,"Coacalco de Berriozábal",55726,"Granjas San Cristóbal",Fraccionamiento
México,"Coacalco de Berriozábal",55726,"Hacienda del Teruel",Condominio
México,"Coacalco de Berriozábal",55726,"La Vista","Conjunto habitaciona"
México,"Coacalco de Berriozábal",55726,"Star I",Condominio
México,"Coacalco de Berriozábal",55726,"Star II",Condominio
México,"Coacalco de Berriozábal",55726,"Valle Florido",Residencial
México,"Coacalco de Berriozábal",55726,"Villa Florida","Conjunto habitaciona"
México,"Coacalco de Berriozábal",55728,"Camino Real (imevis)",Campamento
México,"Coacalco de Berriozábal",55728,"COOR Granjas","Unidad habitacional"
México,"Coacalco de Berriozábal",55728,"El Granero",Campamento
México,"Coacalco de Berriozábal",55728,"El Oasis","Conjunto habitaciona"
México,"Coacalco de Berriozábal",55728,"Las Brisas",Condominio
México,"Coacalco de Berriozábal",55729,"Los Sabinos I",Residencial
México,"Coacalco de Berriozábal",55729,"Sitatyr Arboledas",Condominio
México,"Coacalco de Berriozábal",55730,"Villa las Manzanas",Condominio
México,"Coacalco de Berriozábal",55736,Chalmita,Campamento
México,"Coacalco de Berriozábal",55736,"La Aurora",Campamento
México,"Coacalco de Berriozábal",55736,"Lomas de Coacalco 1a. Sección",Fraccionamiento
México,"Coacalco de Berriozábal",55736,"Lomas de Coacalco 2a. Sección (Bosques)",Fraccionamiento
México,"Coacalco de Berriozábal",55737,"Conjunto Jalatlaco","Conjunto habitaciona"
México,"Coacalco de Berriozábal",55737,Mediterraneo,Condominio
México,"Coacalco de Berriozábal",55738,"Arte y Publicidad Miguel Hidalgo","Conjunto habitaciona"
México,"Coacalco de Berriozábal",55738,"Asociación de Comerciantes de Coacalco",Condominio
México,"Coacalco de Berriozábal",55738,"Bonito Coacalco II (La Loma)","Conjunto habitaciona"
México,"Coacalco de Berriozábal",55738,"El Ranchito (imevis)",Campamento
México,"Coacalco de Berriozábal",55738,"Hacienda Taxco Viejo",Condominio
México,"Coacalco de Berriozábal",55738,"Loma Bonita",Colonia
México,"Coacalco de Berriozábal",55738,"Xalatlaco (Imevis)",Campamento
México,"Coacalco de Berriozábal",55739,"Los Acuales",Colonia
México,"Coatepec Harinas",51700,"Coatepec Harinas",Pueblo
México,"Coatepec Harinas",51700,"Primera de San Miguel (La Punta)",Ranchería
México,"Coatepec Harinas",51703,Santiaguito,Ranchería
México,"Coatepec Harinas",51704,"Segunda de San Miguel (El Cerrito)",Barrio
México,"Coatepec Harinas",51705,"Primera de Zacanguillo (Santo Niño Doctor)",Ranchería
México,"Coatepec Harinas",51713,Guadalupe,Colonia
México,"Coatepec Harinas",51714,Cochisquila,Pueblo
México,"Coatepec Harinas",51714,Cuentla,Ranchería
México,"Coatepec Harinas",51714,"Plan de San Francisco",Ranchería
México,"Coatepec Harinas",51715,"Primera de Analco",Ranchería
México,"Coatepec Harinas",51716,Acuitlapilco,Pueblo
México,"Coatepec Harinas",51716,"El Potrero",Colonia
México,"Coatepec Harinas",51720,"Loma de Acuitlapilco",Pueblo
México,"Coatepec Harinas",51720,"San José del Progreso (San José)",Pueblo
México,"Coatepec Harinas",51720,"San Martín el Salto",Ranchería
México,"Coatepec Harinas",51720,"Santo Niño",Ranchería
México,"Coatepec Harinas",51720,Zacatones,Ranchería
México,"Coatepec Harinas",51723,"Agua Bendita",Pueblo
México,"Coatepec Harinas",51723,"El Picacho",Ranchería
México,"Coatepec Harinas",51723,"El Telar",Pueblo
México,"Coatepec Harinas",51723,"La Conchita",Ranchería
México,"Coatepec Harinas",51723,"La Providencia",Ranchería
México,"Coatepec Harinas",51723,"Las Trojes",Ranchería
México,"Coatepec Harinas",51723,"Potrero Redondo",Pueblo
México,"Coatepec Harinas",51724,"Primera de Santa Ana",Ranchería
México,"Coatepec Harinas",51724,"Primera del Monte (La Presa)",Pueblo
México,"Coatepec Harinas",51724,"Segunda de Analco",Ranchería
México,"Coatepec Harinas",51724,"Segunda de Santa Ana",Barrio
México,"Coatepec Harinas",51724,"Segunda de Zacanguillo",Ranchería
México,"Coatepec Harinas",51724,"Segunda del Monte (La Presa)",Pueblo
México,"Coatepec Harinas",51725,"Las Jaras",Ranchería
México,"Coatepec Harinas",51726,"Agua Amarga",Pueblo
México,"Coatepec Harinas",51726,"Los Fresnos",Ranchería
México,"Coatepec Harinas",51726,"San Fernando",Ranchería
México,"Coatepec Harinas",51727,"Capulín Redondo",Ranchería
México,"Coatepec Harinas",51727,"El Potrerito",Ranchería
México,"Coatepec Harinas",51727,Huayanalco,Ranchería
México,"Coatepec Harinas",51727,"La Javiela",Ranchería
México,"Coatepec Harinas",51727,"La Rosa",Ranchería
México,"Coatepec Harinas",51727,"Piedras Anchas",Ranchería
México,"Coatepec Harinas",51727,Tecolotepec,Pueblo
México,"Coatepec Harinas",51727,Teocotitla,Ranchería
México,"Coatepec Harinas",51730,"Llano Grande",Pueblo
México,"Coatepec Harinas",51730,"Puerta del Carmen",Ranchería
México,"Coatepec Harinas",51733,"Alta de Laja Azul",Ranchería
México,"Coatepec Harinas",51733,"Baja de Laja Azul",Pueblo
México,"Coatepec Harinas",51733,"Meyuca de Morelos",Pueblo
México,"Coatepec Harinas",51734,"El Cedrito",Pueblo
México,"Coatepec Harinas",51734,"El Reynoso",Pueblo
México,"Coatepec Harinas",51734,"San Luis",Pueblo
México,"Coatepec Harinas",51735,"Adolfo López Mateos",Colonia
México,"Coatepec Harinas",51735,"La Cercada",Ranchería
México,"Coatepec Harinas",51750,Chiltepec,Pueblo
México,"Coatepec Harinas",51750,"La Laguna",Ranchería
México,"Coatepec Harinas",51750,"Las Vueltas",Pueblo
México,"Coatepec Harinas",51753,"La Galera",Ranchería
México,"Coatepec Harinas",51753,"Monte de las Vueltas",Ranchería
México,"Coatepec Harinas",51754,"Cruz de Piedra",Pueblo
México,"Coatepec Harinas",51754,"Ixtlahuaca de Villada",Pueblo
México,"Coatepec Harinas",51754,"Las Mesas",Pueblo
México,"Coatepec Harinas",51754,"San Pedro",Ranchería
México,Cocotitlán,56680,"20 de Noviembre",Colonia
México,Cocotitlán,56680,"La Vía",Colonia
México,Cocotitlán,56680,"La Y (Atoyac)",Colonia
México,Cocotitlán,56680,Oyotepec,Colonia
México,Cocotitlán,56680,Techichilco,Barrio
México,Cocotitlán,56680,Tlapipinca,Colonia
México,Cocotitlán,56683,"San Andrés Metla",Pueblo
México,Cocotitlán,56684,Atoyac,Ejido
México,Cocotitlán,56684,"La Virgen",Colonia
México,Coyotepec,54660,Coyotepec,Pueblo
México,Coyotepec,54665,Caltenco,Barrio
México,Coyotepec,54665,"El Gavillero",Ejido
México,Coyotepec,54665,"La Planada",Barrio
México,Coyotepec,54665,Reyes,Barrio
México,Coyotepec,54665,"Santa Bárbara",Barrio
México,Coyotepec,54666,Cimapan,Barrio
México,Coyotepec,54666,Ixtapacalco,Barrio
México,Coyotepec,54666,"San Francisco",Barrio
México,Coyotepec,54667,Acoacalco,Barrio
México,Coyotepec,54667,Chautongo,Barrio
México,Coyotepec,54667,"La Bolsa",Colonia
México,Coyotepec,54667,Santiago,Barrio
México,Coyotepec,54668,"Lomas de San Juan",Colonia
México,Coyotepec,54668,"Pueblo Nuevo",Barrio
México,Coyotepec,54668,"San Juan",Barrio
México,Cuautitlán,54800,"Cuautitlán Centro",Colonia
México,Cuautitlán,54800,"El Nopalito",Barrio
México,Cuautitlán,54800,"Los Morales 1a Sección",Fraccionamiento
México,Cuautitlán,54800,"Misiones II",Fraccionamiento
México,Cuautitlán,54800,"Paseo de Santa María",Fraccionamiento
México,Cuautitlán,54800,Romita,Colonia
México,Cuautitlán,54800,"San Juan",Fraccionamiento
México,Cuautitlán,54803,"Hacienda de Cuautitlán",Fraccionamiento
México,Cuautitlán,54803,"Joyas de Cuautitlán",Fraccionamiento
México,Cuautitlán,54803,"La Alborada",Fraccionamiento
México,Cuautitlán,54804,Tecoac-Monales,Barrio
México,Cuautitlán,54805,"Ejidos de Guadalupe",Colonia
México,Cuautitlán,54807,"El Huerto",Barrio
México,Cuautitlán,54807,"Paseos de Cuautitlán",Fraccionamiento
México,Cuautitlán,54807,"San Francisco Cascantitla",Fraccionamiento
México,Cuautitlán,54830,"El Machero",Ejido
México,Cuautitlán,54830,"El Mirador",Ranchería
México,Cuautitlán,54830,"Parque San Mateo (Hacienda San Mateo)",Fraccionamiento
México,Cuautitlán,54831,Macolo,Colonia
México,Cuautitlán,54831,"Santa Bárbara",Ejido
México,Cuautitlán,54831,"Santa María Huecatitla",Pueblo
México,Cuautitlán,54834,"San José Puente Grande",Colonia
México,Cuautitlán,54840,"Dos Ríos Segunda Sección",Colonia
México,Cuautitlán,54840,"El Carmen",Barrio
México,Cuautitlán,54840,"Galaxia Cuautitlán",Fraccionamiento
México,Cuautitlán,54840,"Juan Diego",Fraccionamiento
México,Cuautitlán,54840,"La Guadalupana",Fraccionamiento
México,Cuautitlán,54840,"La Laguna",Colonia
México,Cuautitlán,54840,"Los Morales 2a Sección",Fraccionamiento
México,Cuautitlán,54840,"San Mateo Ixtacalco",Pueblo
México,Cuautitlán,54840,"San Roque",Colonia
México,Cuautitlán,54850,"Dos Ríos Primera Sección",Colonia
México,Cuautitlán,54850,"El Tejocote",Ranchería
México,Cuautitlán,54850,"La Trinidad",Ranchería
México,Cuautitlán,54850,"Paseos del Bosque",Fraccionamiento
México,Cuautitlán,54850,"Puente la Cruz",Ranchería
México,Cuautitlán,54850,"Rancho Santa Elena",Fraccionamiento
México,Cuautitlán,54850,"Real de San Fernando",Fraccionamiento
México,Cuautitlán,54850,Xaltipa,Ranchería
México,Cuautitlán,54855,Tizoc,Fraccionamiento
México,Cuautitlán,54857,Tlaxculpas,Ejido
México,Cuautitlán,54857,"Villas de Cuautitlán",Fraccionamiento
México,Cuautitlán,54857,"Villas Olivo",Fraccionamiento
México,Cuautitlán,54858,"Cebadales Primera Sección","Unidad habitacional"
México,Cuautitlán,54860,"San Mateo Ixtacalco Fracción Tlaxculpas",Ejido
México,Cuautitlán,54870,"El Paraíso","Unidad habitacional"
México,Cuautitlán,54870,"Lázaro Cárdenas",Colonia
México,Cuautitlán,54870,"Misiones I",Fraccionamiento
México,Cuautitlán,54870,"Rancho San Blas",Fraccionamiento
México,Cuautitlán,54870,"San Blas I",Fraccionamiento
México,Cuautitlán,54870,"San Blas II",Fraccionamiento
México,Cuautitlán,54870,"San José Milla",Barrio
México,Cuautitlán,54870,"Santa Ana Tlaltepan",Barrio
México,Cuautitlán,54875,Cristal,Fraccionamiento
México,Cuautitlán,54875,"Foresta Residencial",Fraccionamiento
México,Cuautitlán,54875,"Las Patricias I y II",Fraccionamiento
México,Cuautitlán,54875,"Los Olivos",Fraccionamiento
México,Cuautitlán,54875,Mayorazgos,Fraccionamiento
México,Cuautitlán,54877,"El Paraíso FOVISSSTE","Unidad habitacional"
México,Cuautitlán,54878,"El Infiernillo",Colonia
México,Cuautitlán,54879,"El Cerrito",Colonia
México,Cuautitlán,54879,"El Partidor",Colonia
México,Cuautitlán,54879,"La Palma",Colonia
México,Cuautitlán,54879,"Loma Bonita",Colonia
México,Cuautitlán,54879,Necapa,Colonia
México,Cuautitlán,54879,"Nueva Españita",Colonia
México,Cuautitlán,54879,"Puente Jabonero",Colonia
México,Cuautitlán,54879,"Villa Jardín",Fraccionamiento
México,"Cuautitlán Izcalli",54700,"Cuautitlán Izcalli Centro Urbano",Colonia
México,"Cuautitlán Izcalli",54700,"Elite Plaza","Unidad habitacional"
México,"Cuautitlán Izcalli",54710,Bellavista,Colonia
México,"Cuautitlán Izcalli",54710,"Cofradía II",Fraccionamiento
México,"Cuautitlán Izcalli",54710,"El Rosario",Pueblo
México,"Cuautitlán Izcalli",54710,"La Era","Unidad habitacional"
México,"Cuautitlán Izcalli",54710,"Lomas de los Angeles",Colonia
México,"Cuautitlán Izcalli",54710,"San José Buenavista",Colonia
México,"Cuautitlán Izcalli",54710,"San José Huilango",Pueblo
México,"Cuautitlán Izcalli",54710,"San José Huilango",Ejido
México,"Cuautitlán Izcalli",54710,"San Pablo de los Gallos",Colonia
México,"Cuautitlán Izcalli",54710,"Santa María Tianguistengo",Pueblo
México,"Cuautitlán Izcalli",54710,"Santa María Tianguistengo",Ejido
México,"Cuautitlán Izcalli",54712,"Bosques de Xhala",Colonia
México,"Cuautitlán Izcalli",54712,"Las Animas",Colonia
México,"Cuautitlán Izcalli",54712,"San Mateo Ixtacalco Fracción la Capilla",Colonia
México,"Cuautitlán Izcalli",54713,"El Sabino",Colonia
México,"Cuautitlán Izcalli",54713,"San Lorenzo Río Tenco",Pueblo
México,"Cuautitlán Izcalli",54713,"San Mateo Ixtacalco",Pueblo
México,"Cuautitlán Izcalli",54713,"Santa Bárbara",Pueblo
México,"Cuautitlán Izcalli",54714,"El Socorro",Colonia
México,"Cuautitlán Izcalli",54714,"Parque industrial Xhala","Zona industrial"
México,"Cuautitlán Izcalli",54714,"San Sebastián Xhala",Pueblo
México,"Cuautitlán Izcalli",54715,"Adolfo López Mateos","Unidad habitacional"
México,"Cuautitlán Izcalli",54715,"Arboledas de San Miguel",Fraccionamiento
México,"Cuautitlán Izcalli",54715,"Bosques de la Hacienda 1a Sección",Fraccionamiento
México,"Cuautitlán Izcalli",54715,"Bosques de la Hacienda 2a Sección",Fraccionamiento
México,"Cuautitlán Izcalli",54715,"Bosques de la Hacienda 3a Sección","Unidad habitacional"
México,"Cuautitlán Izcalli",54715,"Cofradía de San Miguel",Fraccionamiento
México,"Cuautitlán Izcalli",54715,"Cofradía III",Fraccionamiento
México,"Cuautitlán Izcalli",54715,"Cofradía IV",Fraccionamiento
México,"Cuautitlán Izcalli",54715,"Ex-Hacienda San Miguel",Fraccionamiento
México,"Cuautitlán Izcalli",54715,"Jardines de San Miguel",Fraccionamiento
México,"Cuautitlán Izcalli",54715,"Jardines de San Miguel lll","Unidad habitacional"
México,"Cuautitlán Izcalli",54715,"Rinconada Cuautitlán",Fraccionamiento
México,"Cuautitlán Izcalli",54715,"Valle de la Hacienda",Fraccionamiento
México,"Cuautitlán Izcalli",54716,"Parque industrial La Luz","Zona industrial"
México,"Cuautitlán Izcalli",54716,"Residencial la Luz",Fraccionamiento
México,"Cuautitlán Izcalli",54716,"San Lorenzo Río Tenco",Ejido
México,"Cuautitlán Izcalli",54719,Axotlán,Ejido
México,"Cuautitlán Izcalli",54719,Axotlán,Pueblo
México,"Cuautitlán Izcalli",54719,"Claustros de San Miguel",Fraccionamiento
México,"Cuautitlán Izcalli",54719,"Paseos de Izcalli",Fraccionamiento
México,"Cuautitlán Izcalli",54719,"Paseos del Encanto",Colonia
México,"Cuautitlán Izcalli",54719,"URBI Quinta Montecarlo",Fraccionamiento
México,"Cuautitlán Izcalli",54720,"Conjunto Urbano La Piedad","Conjunto habitaciona"
México,"Cuautitlán Izcalli",54720,"CTM NR1 Núcleos","Unidad habitacional"
México,"Cuautitlán Izcalli",54720,"Del Río","Unidad habitacional"
México,"Cuautitlán Izcalli",54720,Ferrocarrilera,"Unidad habitacional"
México,"Cuautitlán Izcalli",54720,"INFONAVIT Norte 1a Sección","Unidad habitacional"
México,"Cuautitlán Izcalli",54720,"INFONAVIT Norte 2a Sección","Unidad habitacional"
México,"Cuautitlán Izcalli",54720,"INFONAVIT Norte Consorcio","Unidad habitacional"
México,"Cuautitlán Izcalli",54720,"Jardines de la Hacienda Sur",Fraccionamiento
México,"Cuautitlán Izcalli",54720,"La Piedad",Ejido
México,"Cuautitlán Izcalli",54720,"La Piedad",Colonia
México,"Cuautitlán Izcalli",54720,"La Piedad Fase A","Unidad habitacional"
México,"Cuautitlán Izcalli",54720,Liverpool,"Unidad habitacional"
México,"Cuautitlán Izcalli",54720,"Lomas de San Francisco Tepojaco",Fraccionamiento
México,"Cuautitlán Izcalli",54720,México,"Unidad habitacional"
México,"Cuautitlán Izcalli",54720,"San Marcos Cuamatla",Colonia
México,"Cuautitlán Izcalli",54720,"Sección Parques",Fraccionamiento
México,"Cuautitlán Izcalli",54720,"Viveros II","Unidad habitacional"
México,"Cuautitlán Izcalli",54725,"La Aurora",Colonia
México,"Cuautitlán Izcalli",54725,"La Aurora",Pueblo
México,"Cuautitlán Izcalli",54725,"Las Auroritas",Colonia
México,"Cuautitlán Izcalli",54725,"Rinconada San Miguel",Fraccionamiento
México,"Cuautitlán Izcalli",54725,"San Antonio","Unidad habitacional"
México,"Cuautitlán Izcalli",54729,"Jardines de la Hacienda Norte",Fraccionamiento
México,"Cuautitlán Izcalli",54729,"San Juan Atlamica",Pueblo
México,"Cuautitlán Izcalli",54730,"Arcos de la Hacienda",Fraccionamiento
México,"Cuautitlán Izcalli",54730,"Complejo Industrial Cuamatla","Zona industrial"
México,"Cuautitlán Izcalli",54730,"El Cerrito","Unidad habitacional"
México,"Cuautitlán Izcalli",54730,"Parque industrial Cuautitlán","Zona industrial"
México,"Cuautitlán Izcalli",54730,"Parque industrial La Joya","Zona industrial"
México,"Cuautitlán Izcalli",54730,"Rincón Colonial",Fraccionamiento
México,"Cuautitlán Izcalli",54730,"San Isidro",Colonia
México,"Cuautitlán Izcalli",54740,"Atlanta 1a Sección",Fraccionamiento
México,"Cuautitlán Izcalli",54740,"Atlanta 2a Sección",Fraccionamiento
México,"Cuautitlán Izcalli",54740,Cumbria,Fraccionamiento
México,"Cuautitlán Izcalli",54740,Ensueños,Fraccionamiento
México,"Cuautitlán Izcalli",54740,"La Perla",Colonia
México,"Cuautitlán Izcalli",54740,"Residencial los Lirios","Unidad habitacional"
México,"Cuautitlán Izcalli",54740,"Santa Rosa de Lima",Colonia
México,"Cuautitlán Izcalli",54740,"Santa Rosa de Lima",Ampliación
México,"Cuautitlán Izcalli",54740,"Urbi Hacienda Balboa",Residencial
México,"Cuautitlán Izcalli",54743,"Campo 1","Unidad habitacional"
México,"Cuautitlán Izcalli",54743,"Colonial Taxco",Fraccionamiento
México,"Cuautitlán Izcalli",54743,"Fidel Velázquez","Unidad habitacional"
México,"Cuautitlán Izcalli",54743,"Francisco Villa",Colonia
México,"Cuautitlán Izcalli",54743,"Fuentes del Tepeyac",Fraccionamiento
México,"Cuautitlán Izcalli",54743,"INFONAVIT Centro","Unidad habitacional"
México,"Cuautitlán Izcalli",54743,"INFONAVIT Tepalcapa","Unidad habitacional"
México,"Cuautitlán Izcalli",54743,"Plaza Dorada","Unidad habitacional"
México,"Cuautitlán Izcalli",54743,"Santa María Guadalupe las Torres 1a Sección",Colonia
México,"Cuautitlán Izcalli",54743,"Santa María Guadalupe las Torres 2a Sección",Colonia
México,"Cuautitlán Izcalli",54743,"Santiago Tepalcapa",Pueblo
México,"Cuautitlán Izcalli",54743,Tulipanes,"Unidad habitacional"
México,"Cuautitlán Izcalli",54744,"Colinas del Lago",Fraccionamiento
México,"Cuautitlán Izcalli",54744,"Jorge Jiménez Cantú",Colonia
México,"Cuautitlán Izcalli",54744,"La Joyita",Colonia
México,"Cuautitlán Izcalli",54744,Nopaltepec,"Unidad habitacional"
México,"Cuautitlán Izcalli",54744,"Valle de las Flores",Colonia
México,"Cuautitlán Izcalli",54745,"La Conasupo",Fraccionamiento
México,"Cuautitlán Izcalli",54745,"Los Ailes",Colonia
México,"Cuautitlán Izcalli",54745,"Los Pinos",Colonia
México,"Cuautitlán Izcalli",54745,"San Francisco Tepojaco",Ejido
México,"Cuautitlán Izcalli",54745,"San Francisco Tepojaco",Pueblo
México,"Cuautitlán Izcalli",54750,"Arcos del Alba",Fraccionamiento
México,"Cuautitlán Izcalli",54750,"Generalísimo José María Morelos y Pavón (Sección Sur)","Unidad habitacional"
México,"Cuautitlán Izcalli",54750,"Generalísimo José María Morelos y Pavón Sección Norte","Unidad habitacional"
México,"Cuautitlán Izcalli",54750,"Jardines del Alba",Fraccionamiento
México,"Cuautitlán Izcalli",54750,"Las Conchitas",Colonia
México,"Cuautitlán Izcalli",54753,"Bosques del Alba I","Unidad habitacional"
México,"Cuautitlán Izcalli",54753,"Bosques del Alba II","Unidad habitacional"
México,"Cuautitlán Izcalli",54753,"Fuentes del Bosque",Residencial
México,"Cuautitlán Izcalli",54753,"Luis Echeverría",Colonia
México,"Cuautitlán Izcalli",54759,"Loma Bonita",Colonia
México,"Cuautitlán Izcalli",54760,"Bosques de Morelos",Colonia
México,"Cuautitlán Izcalli",54760,"Halcón Oriente",Fraccionamiento
México,"Cuautitlán Izcalli",54760,"Lago de Guadalupe",Fraccionamiento
México,"Cuautitlán Izcalli",54760,"Plan de Guadalupe",Colonia
México,"Cuautitlán Izcalli",54760,"Rincón del Bosque",Fraccionamiento
México,"Cuautitlán Izcalli",54760,"Tres de Mayo",Colonia
México,"Cuautitlán Izcalli",54763,"Ampliación Ejidal San Isidro",Colonia
México,"Cuautitlán Izcalli",54763,"Ejidal San Isidro",Colonia
México,"Cuautitlán Izcalli",54763,"INFONAVIT Sur ""Niños Héroes""","Unidad habitacional"
México,"Cuautitlán Izcalli",54763,"La Presita",Colonia
México,"Cuautitlán Izcalli",54763,"Las Gaviotas","Unidad habitacional"
México,"Cuautitlán Izcalli",54763,"Las Huertas","Unidad habitacional"
México,"Cuautitlán Izcalli",54763,"Las Mariposas","Unidad habitacional"
México,"Cuautitlán Izcalli",54763,"Los Pájaros","Unidad habitacional"
México,"Cuautitlán Izcalli",54763,"Plan Maestro San Martín Obispo",Colonia
México,"Cuautitlán Izcalli",54763,"Residencial la Joya",Fraccionamiento
México,"Cuautitlán Izcalli",54763,"San Martín Obispo o Tepetlixpan",Ejido
México,"Cuautitlán Izcalli",54763,"San Martín Tepetlixpa",Pueblo
México,"Cuautitlán Izcalli",54763,"Tres Picos",Colonia
México,"Cuautitlán Izcalli",54763,"Unidad Cívica Bacardi",Fraccionamiento
México,"Cuautitlán Izcalli",54763,"Villas del Sol",Fraccionamiento
México,"Cuautitlán Izcalli",54764,"Santa María de Guadalupe la Quebrada",Colonia
México,"Cuautitlán Izcalli",54765,"El Tikal",Colonia
México,"Cuautitlán Izcalli",54765,"Lomas del Bosque",Colonia
México,"Cuautitlán Izcalli",54765,"Mirador Santa Rosa",Colonia
México,"Cuautitlán Izcalli",54766,"Bosques del Lago",Fraccionamiento
México,"Cuautitlán Izcalli",54766,"Campestre del Lago",Fraccionamiento
México,"Cuautitlán Izcalli",54767,"Granjas Lomas de Guadalupe",Colonia
México,"Cuautitlán Izcalli",54769,"Bosques del Perinorte","Unidad habitacional"
México,"Cuautitlán Izcalli",54769,"Cumbre Norte","Unidad habitacional"
México,"Cuautitlán Izcalli",54769,"Hacienda del Parque 1A Sección",Fraccionamiento
México,"Cuautitlán Izcalli",54769,"Hacienda del Parque 2a Sección",Fraccionamiento
México,"Cuautitlán Izcalli",54769,Joyas,"Unidad habitacional"
México,"Cuautitlán Izcalli",54769,"La Quebrada Ampliación",Fraccionamiento
México,"Cuautitlán Izcalli",54769,"La Quebrada Centro",Fraccionamiento
México,"Cuautitlán Izcalli",54769,"Paseo de los Jardines","Unidad habitacional"
México,"Cuautitlán Izcalli",54769,"Punta Norte","Zona comercial"
México,"Cuautitlán Izcalli",54769,"San Martín Obispo","Parque industrial"
México,"Cuautitlán Izcalli",54769,"Torres Algibe",Fraccionamiento
México,"Cuautitlán Izcalli",54769,"Valle Esmeralda","Unidad habitacional"
México,"Cuautitlán Izcalli",54769,"Villas del Perinorte","Unidad habitacional"
México,"Donato Guerra",51030,"Cabecera de Indígenas",Pueblo
México,"Donato Guerra",51030,"Donato Guerra",Pueblo
México,"Donato Guerra",51030,"San Agustín de las Palmas",Pueblo
México,"Donato Guerra",51034,"San Lucas Texcaltitlán",Pueblo
México,"Donato Guerra",51035,"San Lucas Texcaltitlán (Sabanillas)",Ejido
México,"Donato Guerra",51035,"Santiago Huitlapaltepec",Pueblo
México,"Donato Guerra",51040,"San Simón de la Laguna",Pueblo
México,"Donato Guerra",51043,"San Antonio de la Laguna",Pueblo
México,"Donato Guerra",51044,"Estación Puerto de la Cruz",Paraje
México,"Donato Guerra",51044,"San Antonio Hidalgo",Ranchería
México,"Donato Guerra",51044,"San Martín Obispo",Ranchería
México,"Donato Guerra",51044,"San Martín Obispo (San Martín San Pedro)",Pueblo
México,"Donato Guerra",51045,"Batan Chico",Ranchería
México,"Donato Guerra",51045,"Batan Grande",Ranchería
México,"Donato Guerra",51046,"San Francisco Mihualtepec",Pueblo
México,"Donato Guerra",51046,"San Miguel Xooltepec",Pueblo
México,"Donato Guerra",51050,"De Arriba de San Juan Xoconusco",Barrio
México,"Donato Guerra",51050,"San Juan Xoconusco",Pueblo
México,"Donato Guerra",51054,"Mesas Altas de Xoconusco",Pueblo
México,"Donato Guerra",51055,"El Capulín",Ranchería
México,"Donato Guerra",51055,"La Fundición",Ranchería
México,"Donato Guerra",51055,"Llano Redondo de Zaragoza",Ranchería
México,"Donato Guerra",51055,Macheros,Ranchería
México,"Ecatepec de Morelos",55000,"Ecatepec Centro","Unidad habitacional"
México,"Ecatepec de Morelos",55000,"San Cristóbal Centro",Colonia
México,"Ecatepec de Morelos",55010,"Ampliación Guadalupe Victoria",Colonia
México,"Ecatepec de Morelos",55010,"Barrio Nuevo Tultitlán",Fraccionamiento
México,"Ecatepec de Morelos",55010,"Bonito Arboledas",Fraccionamiento
México,"Ecatepec de Morelos",55010,"Bonito las Flores","Conjunto habitaciona"
México,"Ecatepec de Morelos",55010,"Camino Nacional",Fraccionamiento
México,"Ecatepec de Morelos",55010,"El Diamante",Colonia
México,"Ecatepec de Morelos",55010,"El Manchon",Colonia
México,"Ecatepec de Morelos",55010,"El Obraje (Diamante)",Colonia
México,"Ecatepec de Morelos",55010,"El Progreso de Guadalupe Victoria",Colonia
México,"Ecatepec de Morelos",55010,"Guadalupe Victoria",Pueblo
México,"Ecatepec de Morelos",55010,"Las Piedras",Colonia
México,"Ecatepec de Morelos",55010,"Los Lirios",Fraccionamiento
México,"Ecatepec de Morelos",55010,"Mathzi I",Colonia
México,"Ecatepec de Morelos",55010,"Mathzi II",Colonia
México,"Ecatepec de Morelos",55010,"Mathzi III",Colonia
México,"Ecatepec de Morelos",55010,"Pozo de la Pila","Unidad habitacional"
México,"Ecatepec de Morelos",55010,"Privada de Ecatepec",Fraccionamiento
México,"Ecatepec de Morelos",55010,"Rancho Victoria","Conjunto habitaciona"
México,"Ecatepec de Morelos",55010,"Rancho Victoria II","Unidad habitacional"
México,"Ecatepec de Morelos",55010,"Villa Esmeralda","Conjunto habitaciona"
México,"Ecatepec de Morelos",55014,"Parque Residencial Coacalco",Fraccionamiento
México,"Ecatepec de Morelos",55016,"Guadalupe Victoria","Unidad habitacional"
México,"Ecatepec de Morelos",55016,"La Joya",Colonia
México,"Ecatepec de Morelos",55016,"Mesa de Leones",Colonia
México,"Ecatepec de Morelos",55016,"Tía Joaquina","Unidad habitacional"
México,"Ecatepec de Morelos",55016,"Tío Marin","Unidad habitacional"
México,"Ecatepec de Morelos",55016,"Torres de Altavista","Unidad habitacional"
México,"Ecatepec de Morelos",55016,"Villas de la Joya","Unidad habitacional"
México,"Ecatepec de Morelos",55017,"El Tejocote",Colonia
México,"Ecatepec de Morelos",55018,"Ecatepec 2000","Unidad habitacional"
México,"Ecatepec de Morelos",55018,"FOVISSSTE (José María Morelos y Pavón)","Unidad habitacional"
México,"Ecatepec de Morelos",55018,"Granja el Rosal",Fraccionamiento
México,"Ecatepec de Morelos",55018,"San Carlos","Unidad habitacional"
México,"Ecatepec de Morelos",55020,"10 de Abril",Colonia
México,"Ecatepec de Morelos",55020,"Bosques de San Javier","Conjunto habitaciona"
México,"Ecatepec de Morelos",55020,"Boulevares de San Cristóbal",Fraccionamiento
México,"Ecatepec de Morelos",55020,"Boulevares la Nacional",Fraccionamiento
México,"Ecatepec de Morelos",55020,Bursaab,Fraccionamiento
México,"Ecatepec de Morelos",55020,"El Calvario",Barrio
México,"Ecatepec de Morelos",55020,"El Terremote",Fraccionamiento
México,"Ecatepec de Morelos",55020,"Ex-Hacienda Jauregui",Colonia
México,"Ecatepec de Morelos",55020,"La Monera","Unidad habitacional"
México,"Ecatepec de Morelos",55020,"La Monera",Colonia
México,"Ecatepec de Morelos",55020,Martell,Fraccionamiento
México,"Ecatepec de Morelos",55020,"Misión de los 40","Unidad habitacional"
México,"Ecatepec de Morelos",55020,Panitzin,Colonia
México,"Ecatepec de Morelos",55020,"Plazas Ecatepec",Fraccionamiento
México,"Ecatepec de Morelos",55020,"Residencial San Cristóbal",Fraccionamiento
México,"Ecatepec de Morelos",55020,"Sergio Méndez Arceo","Unidad habitacional"
México,"Ecatepec de Morelos",55020,"Tierra Blanca",Colonia
México,"Ecatepec de Morelos",55020,"Tierra Blanca 2a. Sección",Colonia
México,"Ecatepec de Morelos",55020,"Unidad Magisterial Eva Samano","Unidad habitacional"
México,"Ecatepec de Morelos",55023,"Los Héroes Ecatepec Sección I",Fraccionamiento
México,"Ecatepec de Morelos",55023,"Los Héroes Ecatepec Sección II",Fraccionamiento
México,"Ecatepec de Morelos",55023,"Los Héroes Ecatepec Sección III",Fraccionamiento
México,"Ecatepec de Morelos",55023,"Los Héroes Ecatepec Sección IV",Fraccionamiento
México,"Ecatepec de Morelos",55024,"Ejidal Emiliano Zapata",Colonia
México,"Ecatepec de Morelos",55024,"El Carmen",Colonia
México,"Ecatepec de Morelos",55024,"San Cristóbal",Ejido
México,"Ecatepec de Morelos",55025,"Ampliación el Carmen",Colonia
México,"Ecatepec de Morelos",55025,"Galaxia Ecatepec","Unidad habitacional"
México,"Ecatepec de Morelos",55025,"Los Sauces",Colonia
México,"Ecatepec de Morelos",55025,"San Benjamin",Fraccionamiento
México,"Ecatepec de Morelos",55025,"Santa Águeda",Fraccionamiento
México,"Ecatepec de Morelos",55027,"El Árbol",Colonia
México,"Ecatepec de Morelos",55027,"La Huerta",Colonia
México,"Ecatepec de Morelos",55028,"Vista Hermosa",Colonia
México,"Ecatepec de Morelos",55029,"Abel Martínez Montañez",Fraccionamiento
México,"Ecatepec de Morelos",55029,"Ampliación Progreso Guadalupe Victoria",Colonia
México,"Ecatepec de Morelos",55029,"Ehécatl (Paseos de Ecatepec)","Unidad habitacional"
México,"Ecatepec de Morelos",55029,Golondrinas,Colonia
México,"Ecatepec de Morelos",55029,"Granjas Ecatepec 1a Sección",Colonia
México,"Ecatepec de Morelos",55029,"Granjas Ecatepec 2a Sección",Colonia
México,"Ecatepec de Morelos",55029,Independencia,Colonia
México,"Ecatepec de Morelos",55029,"Laguna del Rey",Colonia
México,"Ecatepec de Morelos",55029,"Luis Donaldo Colosio",Colonia
México,"Ecatepec de Morelos",55029,"Playa Golondrinas",Colonia
México,"Ecatepec de Morelos",55029,"Potrero del Rey I y II",Colonia
México,"Ecatepec de Morelos",55029,"Privada del Sol",Fraccionamiento
México,"Ecatepec de Morelos",55029,"San Andrés Ejidos",Colonia
México,"Ecatepec de Morelos",55029,"San Francisco de Asís",Colonia
México,"Ecatepec de Morelos",55030,"Ampliación Izcalli Ecatepec Tata Félix",Fraccionamiento
México,"Ecatepec de Morelos",55030,"Chula Vista",Colonia
México,"Ecatepec de Morelos",55030,"Colinas de Ecatepec","Conjunto habitaciona"
México,"Ecatepec de Morelos",55030,"Doce de Diciembre",Barrio
México,"Ecatepec de Morelos",55030,"Hogares Marla",Fraccionamiento
México,"Ecatepec de Morelos",55030,"Izcalli Ecatepec","Unidad habitacional"
México,"Ecatepec de Morelos",55030,"La Curiela",Barrio
México,"Ecatepec de Morelos",55030,"La Mora",Barrio
México,"Ecatepec de Morelos",55030,"Tata Félix",Colonia
México,"Ecatepec de Morelos",55036,"La Panorámica",Colonia
México,"Ecatepec de Morelos",55037,"El Capulín",Barrio
México,"Ecatepec de Morelos",55038,Floresta,Fraccionamiento
México,"Ecatepec de Morelos",55039,"Las Palmas I",Fraccionamiento
México,"Ecatepec de Morelos",55039,"Las Palmas II",Fraccionamiento
México,"Ecatepec de Morelos",55040,"Álamos de San Cristóbal",Fraccionamiento
México,"Ecatepec de Morelos",55040,"Boulevares Impala",Fraccionamiento
México,"Ecatepec de Morelos",55040,"Casas Coloniales Morelos",Fraccionamiento
México,"Ecatepec de Morelos",55040,"Fuentes de San Cristóbal",Fraccionamiento
México,"Ecatepec de Morelos",55040,"Hogares Mexicanos","Unidad habitacional"
México,"Ecatepec de Morelos",55040,"Jardines de Ecatepec",Fraccionamiento
México,"Ecatepec de Morelos",55040,"La Propiedad",Fraccionamiento
México,"Ecatepec de Morelos",55040,"Renovación Jajalpa",Fraccionamiento
México,"Ecatepec de Morelos",55040,"San Juan Alcahuacan",Barrio
México,"Ecatepec de Morelos",55044,"Real de Ecatepec","Unidad habitacional"
México,"Ecatepec de Morelos",55044,"San Antón",Residencial
México,"Ecatepec de Morelos",55050,"Adolfo Ruiz Cortines",Colonia
México,"Ecatepec de Morelos",55050,"Aquiles Serdán",Colonia
México,"Ecatepec de Morelos",55050,"Bosques de Ecatepec",Fraccionamiento
México,"Ecatepec de Morelos",55050,"El Salado",Colonia
México,"Ecatepec de Morelos",55050,"Ex Rancho Jajalpa",Colonia
México,"Ecatepec de Morelos",55050,"Gustavo Baz Prada",Colonia
México,"Ecatepec de Morelos",55050,"Hacienda Santa María",Fraccionamiento
México,"Ecatepec de Morelos",55050,"Izcalli Jardines","Unidad habitacional"
México,"Ecatepec de Morelos",55050,"La Pradera",Fraccionamiento
México,"Ecatepec de Morelos",55050,"Nuevo Diaz Ordaz",Colonia
México,"Ecatepec de Morelos",55050,"Pirules de Villancico 2a Sección","Unidad habitacional"
México,"Ecatepec de Morelos",55050,"Rancho Jajalpa",Colonia
México,"Ecatepec de Morelos",55050,"Residencial Fuentes de Ecatepec",Fraccionamiento
México,"Ecatepec de Morelos",55050,"San Martín de Porres",Colonia
México,"Ecatepec de Morelos",55050,"Vivienda del Taxista",Colonia
México,"Ecatepec de Morelos",55055,"Ampliación Llano de los Báez Sección Izcalli",Colonia
México,"Ecatepec de Morelos",55055,"El Sol de Ecatepec",Colonia
México,"Ecatepec de Morelos",55055,"Jardines de los Báez 1a Sección",Fraccionamiento
México,"Ecatepec de Morelos",55055,"Jardines de los Báez 2a Sección",Fraccionamiento
México,"Ecatepec de Morelos",55055,"Jardines de los Báez 3a Sección",Fraccionamiento
México,"Ecatepec de Morelos",55055,"Jubilados y Pensionados",Colonia
México,"Ecatepec de Morelos",55055,"La Veleta","Unidad habitacional"
México,"Ecatepec de Morelos",55055,"Llano de los Báez","Unidad habitacional"
México,"Ecatepec de Morelos",55055,"Llano de los Báez",Colonia
México,"Ecatepec de Morelos",55056,"Villas de Ecatepec",Fraccionamiento
México,"Ecatepec de Morelos",55057,"Rinconada San Martín","Unidad habitacional"
México,"Ecatepec de Morelos",55059,"Pirules de Villancico 1a Sección","Unidad habitacional"
México,"Ecatepec de Morelos",55060,"La Guadalupana",Fraccionamiento
México,"Ecatepec de Morelos",55060,"Los Héroes Ecatepec Sección V",Fraccionamiento
México,"Ecatepec de Morelos",55060,"Privadas de Ecatepec","Unidad habitacional"
México,"Ecatepec de Morelos",55060,"Venta de Carpio",Fraccionamiento
México,"Ecatepec de Morelos",55063,"Ciudad Cuauhtémoc Sección Chiconautla 3000",Colonia
México,"Ecatepec de Morelos",55064,"Ampliación San Isidro Atlautenco",Colonia
México,"Ecatepec de Morelos",55064,"Ciudad Cuauhtémoc Sección Nopalera I y II",Colonia
México,"Ecatepec de Morelos",55064,"Joyas de Atlautenco","Unidad habitacional"
México,"Ecatepec de Morelos",55064,"San Isidro Atlautenco",Pueblo
México,"Ecatepec de Morelos",55064,"Vistas de Ecatepec (Sección A)",Fraccionamiento
México,"Ecatepec de Morelos",55064,"Vistas de Ecatepec (Sección B)",Fraccionamiento
México,"Ecatepec de Morelos",55065,"Santa Cruz Venta de Carpio",Barrio
México,"Ecatepec de Morelos",55066,"Campo Santo",Colonia
México,"Ecatepec de Morelos",55066,"Casas Reales",Colonia
México,"Ecatepec de Morelos",55066,"El Potrero",Fraccionamiento
México,"Ecatepec de Morelos",55066,"Jaime Salvador",Colonia
México,"Ecatepec de Morelos",55066,"La Cerca",Colonia
México,"Ecatepec de Morelos",55066,"La Preciosa",Colonia
México,"Ecatepec de Morelos",55066,"Las Brisas",Colonia
México,"Ecatepec de Morelos",55066,"Los Ídolos",Fraccionamiento
México,"Ecatepec de Morelos",55066,"México Nuevo",Colonia
México,"Ecatepec de Morelos",55066,"Pirules de Bayisco",Colonia
México,"Ecatepec de Morelos",55066,"Portal Chiconautla","Unidad habitacional"
México,"Ecatepec de Morelos",55066,"Santa María Chiconautla",Pueblo
México,"Ecatepec de Morelos",55066,"Santo Tomás Chiconautla",Pueblo
México,"Ecatepec de Morelos",55066,Terremote,Barrio
México,"Ecatepec de Morelos",55066,Zopilocalco,Colonia
México,"Ecatepec de Morelos",55067,"Barrio I",Fraccionamiento
México,"Ecatepec de Morelos",55067,"Barrio II",Fraccionamiento
México,"Ecatepec de Morelos",55067,"Barrio III",Fraccionamiento
México,"Ecatepec de Morelos",55067,"C.T.M. Guadalupana",Fraccionamiento
México,"Ecatepec de Morelos",55067,"Ciudad Cuauhtémoc Sección Cuitlahuac",Colonia
México,"Ecatepec de Morelos",55067,"Ciudad Cuauhtémoc Sección Embajada",Colonia
México,"Ecatepec de Morelos",55067,"Ciudad Cuauhtémoc Sección Geo 2000",Colonia
México,"Ecatepec de Morelos",55067,"Ciudad Cuauhtémoc Sección Moctezuma",Colonia
México,"Ecatepec de Morelos",55067,"Ciudad Cuauhtémoc Sección Quetzalcoatl",Colonia
México,"Ecatepec de Morelos",55067,"Ciudad Cuauhtémoc Sección Tepetzingo",Colonia
México,"Ecatepec de Morelos",55067,"Ciudad Cuauhtémoc Sección Tepoztlaco",Colonia
México,"Ecatepec de Morelos",55067,"Ciudad Cuauhtémoc Sección Tizoc",Colonia
México,"Ecatepec de Morelos",55067,"Ciudad Cuauhtémoc Sección Tlaloc",Colonia
México,"Ecatepec de Morelos",55067,"Ciudad Cuauhtémoc Sección Tonatiuh",Colonia
México,"Ecatepec de Morelos",55067,"Ciudad Cuauhtémoc Sección Xochiquetzal",Colonia
México,"Ecatepec de Morelos",55067,Coyometla,Colonia
México,"Ecatepec de Morelos",55067,"El Hoyo del Tepetate",Colonia
México,"Ecatepec de Morelos",55067,"La Fortaleza","Unidad habitacional"
México,"Ecatepec de Morelos",55067,"Los Llanetes",Fraccionamiento
México,"Ecatepec de Morelos",55067,"Moneda de 100 Pesos",Fraccionamiento
México,"Ecatepec de Morelos",55067,"Niños Héroes",Colonia
México,"Ecatepec de Morelos",55067,"Tepetzingo el Chico",Colonia
México,"Ecatepec de Morelos",55067,Tepopotla,Colonia
México,"Ecatepec de Morelos",55068,"El Hoyo",Fraccionamiento
México,"Ecatepec de Morelos",55068,"El Mirador",Fraccionamiento
México,"Ecatepec de Morelos",55068,"Ignacio Pichardo Pagaza",Colonia
México,"Ecatepec de Morelos",55068,"Santo Tomás Chiconautla",Ejido
México,"Ecatepec de Morelos",55069,"Bosques de Santo Tomás",Fraccionamiento
México,"Ecatepec de Morelos",55069,"El Pozo",Colonia
México,"Ecatepec de Morelos",55069,"La Cerca",Colonia
México,"Ecatepec de Morelos",55069,"La Garita",Colonia
México,"Ecatepec de Morelos",55069,"La Preciosa",Colonia
México,"Ecatepec de Morelos",55069,"Los Pajaritos",Colonia
México,"Ecatepec de Morelos",55069,Techachahe,Colonia
México,"Ecatepec de Morelos",55069,Tetela,Colonia
México,"Ecatepec de Morelos",55070,"19 de Septiembre",Colonia
México,"Ecatepec de Morelos",55070,"Ampliación 19 de Septiembre",Colonia
México,"Ecatepec de Morelos",55070,"Carlos Salinas de Gortari",Colonia
México,"Ecatepec de Morelos",55070,"Colonial Ecatepec",Fraccionamiento
México,"Ecatepec de Morelos",55070,"Jardines de Morelos Sección Bosques",Fraccionamiento
México,"Ecatepec de Morelos",55070,"Jardines de Morelos Sección Cerros",Fraccionamiento
México,"Ecatepec de Morelos",55070,"Jardines de Morelos Sección Elementos",Fraccionamiento
México,"Ecatepec de Morelos",55070,"Jardines de Morelos Sección Flores",Fraccionamiento
México,"Ecatepec de Morelos",55070,"Jardines de Morelos Sección Fuentes",Fraccionamiento
México,"Ecatepec de Morelos",55070,"Jardines de Morelos Sección Islas",Fraccionamiento
México,"Ecatepec de Morelos",55070,"Jardines de Morelos Sección Lagos",Fraccionamiento
México,"Ecatepec de Morelos",55070,"Jardines de Morelos Sección Montes",Fraccionamiento
México,"Ecatepec de Morelos",55070,"Jardines de Morelos Sección Playas",Fraccionamiento
México,"Ecatepec de Morelos",55070,"Jardines de Morelos Sección Ríos",Fraccionamiento
México,"Ecatepec de Morelos",55070,"Julia Marin",Fraccionamiento
México,"Ecatepec de Morelos",55070,"Llanos de Morelos I",Colonia
México,"Ecatepec de Morelos",55070,"Llanos de Morelos II",Colonia
México,"Ecatepec de Morelos",55070,"Plan de Arroyo",Colonia
México,"Ecatepec de Morelos",55070,"Profopec (Polígonos VII)",Fraccionamiento
México,"Ecatepec de Morelos",55070,"Sol II",Colonia
México,"Ecatepec de Morelos",55070,"Villas del Sol",Fraccionamiento
México,"Ecatepec de Morelos",55074,"Ampliación 19 de Septiembre 1A Sección",Colonia
México,"Ecatepec de Morelos",55074,"Ejido de Atlautenco",Colonia
México,"Ecatepec de Morelos",55074,"La Purísima",Colonia
México,"Ecatepec de Morelos",55074,"La Venta (La Guadalupana)",Fraccionamiento
México,"Ecatepec de Morelos",55074,"Los Alcatraces",Fraccionamiento
México,"Ecatepec de Morelos",55074,"Los Cordeles",Colonia
México,"Ecatepec de Morelos",55074,"Los Pinos",Colonia
México,"Ecatepec de Morelos",55074,"Mexicanos Unidos I",Colonia
México,"Ecatepec de Morelos",55074,"Mexicanos Unidos II",Colonia
México,"Ecatepec de Morelos",55074,"Playas de San Juan",Colonia
México,"Ecatepec de Morelos",55074,"San Isidro Atlautenco",Fraccionamiento
México,"Ecatepec de Morelos",55074,Uprovi,Colonia
México,"Ecatepec de Morelos",55074,"Viento Nuevo",Colonia
México,"Ecatepec de Morelos",55075,"Jardines de Morelos 5a Sección",Fraccionamiento
México,"Ecatepec de Morelos",55076,"Las Américas",Colonia
México,"Ecatepec de Morelos",55080,"Arboledas de San Carlos","Unidad habitacional"
México,"Ecatepec de Morelos",55080,"El Bosque",Fraccionamiento
México,"Ecatepec de Morelos",55080,"Francisco Villa",Colonia
México,"Ecatepec de Morelos",55080,"Jesús Sanchéz","Conjunto habitaciona"
México,"Ecatepec de Morelos",55080,"Lomas de Atzolco",Colonia
México,"Ecatepec de Morelos",55080,"Lomas de Ecatepec","Unidad habitacional"
México,"Ecatepec de Morelos",55080,"Nuevo Laredo",Fraccionamiento
México,"Ecatepec de Morelos",55080,"San Carlos",Colonia
México,"Ecatepec de Morelos",55080,"Xochicuac I",Colonia
México,"Ecatepec de Morelos",55080,"Xochicuac II",Colonia
México,"Ecatepec de Morelos",55084,"El Ranchito",Colonia
México,"Ecatepec de Morelos",55085,"Viveros Tulpetlac",Colonia
México,"Ecatepec de Morelos",55087,"La Cruz de San Cristóbal",Barrio
México,"Ecatepec de Morelos",55087,"Lomas de San Carlos Zona Comunal",Colonia
México,"Ecatepec de Morelos",55090,"Bonito Ecatepec",Fraccionamiento
México,"Ecatepec de Morelos",55090,"Ecatepec 40 Casas","Unidad habitacional"
México,"Ecatepec de Morelos",55090,"El Arbolito Jajalpa",Colonia
México,"Ecatepec de Morelos",55090,"El Jaguey",Fraccionamiento
México,"Ecatepec de Morelos",55090,"El Pocito",Colonia
México,"Ecatepec de Morelos",55090,"El Potrero",Fraccionamiento
México,"Ecatepec de Morelos",55090,Jajalpa,"Unidad habitacional"
México,"Ecatepec de Morelos",55090,"Jajalpa Olímpica",Residencial
México,"Ecatepec de Morelos",55090,"Las Palmas Ecatepec",Colonia
México,"Ecatepec de Morelos",55090,"Los Laureles",Fraccionamiento
México,"Ecatepec de Morelos",55090,"Obrera Jajalpa",Colonia
México,"Ecatepec de Morelos",55090,"Río Piedras",Fraccionamiento
México,"Ecatepec de Morelos",55090,"San José Jajalpa",Colonia
México,"Ecatepec de Morelos",55094,"Villas Jajalpa",Fraccionamiento
México,"Ecatepec de Morelos",55095,Jajalpa,"Zona industrial"
México,"Ecatepec de Morelos",55100,"Francisco I. Madero",Colonia
México,"Ecatepec de Morelos",55100,"Industrias Ecatepec",Fraccionamiento
México,"Ecatepec de Morelos",55100,"Jardines de Cerro Gordo",Fraccionamiento
México,"Ecatepec de Morelos",55100,"Los Reyes Ecatepec",Colonia
México,"Ecatepec de Morelos",55100,"Patrimonio Social",Colonia
México,"Ecatepec de Morelos",55100,"Primero de Mayo",Fraccionamiento
México,"Ecatepec de Morelos",55100,"Pro Revolución",Fraccionamiento
México,"Ecatepec de Morelos",55100,"Río de Luz",Fraccionamiento
México,"Ecatepec de Morelos",55100,Tulpetlac,"Conjunto habitaciona"
México,"Ecatepec de Morelos",55100,"Villa 1o de Mayo","Unidad habitacional"
México,"Ecatepec de Morelos",55100,"Villas 1o de Agosto",Fraccionamiento
México,"Ecatepec de Morelos",55100,"Viviendas Venta de Carpio",Colonia
México,"Ecatepec de Morelos",55104,"Granjas Populares Guadalupe Tulpetlac",Colonia
México,"Ecatepec de Morelos",55105,"El Paraíso",Colonia
México,"Ecatepec de Morelos",55105,"Ignacio L. Vallarta",Colonia
México,"Ecatepec de Morelos",55107,"Industrias Tulpetlac",Fraccionamiento
México,"Ecatepec de Morelos",55114,"Tolotzin I",Colonia
México,"Ecatepec de Morelos",55115,"José María Morelos y Pavón Sagitario X",Colonia
México,"Ecatepec de Morelos",55117,"Josefa Ortiz de Domínguez Sagitario VII",Colonia
México,"Ecatepec de Morelos",55118,"Alfredo del Mazo",Colonia
México,"Ecatepec de Morelos",55118,"Ampliación Joyas de Ecatepec",Colonia
México,"Ecatepec de Morelos",55118,"Colonos de México (Alfredo Torres Martínez)",Colonia
México,"Ecatepec de Morelos",55118,"Cuchilla de la Draga",Colonia
México,"Ecatepec de Morelos",55118,"Joyas de Ecatepec",Colonia
México,"Ecatepec de Morelos",55118,"Juan de la Barrera",Colonia
México,"Ecatepec de Morelos",55118,"Progreso de la Unión",Colonia
México,"Ecatepec de Morelos",55118,"Sosa Ecatepec","Unidad habitacional"
México,"Ecatepec de Morelos",55119,"El Dique",Colonia
México,"Ecatepec de Morelos",55119,"Potrero Chico",Colonia
México,"Ecatepec de Morelos",55119,"Valle de Ecatepec Estado de México CTM XIII",Fraccionamiento
México,"Ecatepec de Morelos",55120,"Ciudad Azteca Sección Oriente",Fraccionamiento
México,"Ecatepec de Morelos",55120,"Ciudad Azteca Sección Poniente",Fraccionamiento
México,"Ecatepec de Morelos",55125,"Aldeas de Aragón I","Unidad habitacional"
México,"Ecatepec de Morelos",55125,"Aldeas de Aragón II","Unidad habitacional"
México,"Ecatepec de Morelos",55126,"Profopec (Polígono I)",Fraccionamiento
México,"Ecatepec de Morelos",55127,"Profopec IV (Polígono IV El Cegor)",Fraccionamiento
México,"Ecatepec de Morelos",55128,"José Antonio Torres",Colonia
México,"Ecatepec de Morelos",55129,"Josefa Ortiz de Domínguez",Colonia
México,"Ecatepec de Morelos",55129,"La Florida (Ciudad Azteca)",Fraccionamiento
México,"Ecatepec de Morelos",55130,"Ciudad y Puerto","Unidad habitacional"
México,"Ecatepec de Morelos",55130,"Nuevo Paseo de San Agustín",Fraccionamiento
México,"Ecatepec de Morelos",55130,"Nuevo Paseo de San Agustín 2a Secc",Fraccionamiento
México,"Ecatepec de Morelos",55130,"Nuevo Paseo de San Agustín 3a Sección",Fraccionamiento
México,"Ecatepec de Morelos",55130,"Nuevo Paseo San Agustín 3a B",Fraccionamiento
México,"Ecatepec de Morelos",55130,"Olímpica 68 I",Colonia
México,"Ecatepec de Morelos",55130,"Plaza de Santa Clara",Fraccionamiento
México,"Ecatepec de Morelos",55130,"Vicente Coss Ramírez",Colonia
México,"Ecatepec de Morelos",55135,"Laderas del Peñón","Unidad habitacional"
México,"Ecatepec de Morelos",55137,"INDECO Santa Clara (Campiñas de Aragón)","Unidad habitacional"
México,"Ecatepec de Morelos",55138,"Valle de Santiago",Fraccionamiento
México,"Ecatepec de Morelos",55139,"Campiñas de Aragón",Colonia
México,"Ecatepec de Morelos",55140,"Jardines de Aragón",Fraccionamiento
México,"Ecatepec de Morelos",55140,"Rinconada de Aragón",Fraccionamiento
México,"Ecatepec de Morelos",55146,"Tolotzin II",Colonia
México,"Ecatepec de Morelos",55147,"Los Álamos",Fraccionamiento
México,"Ecatepec de Morelos",55148,"Alborada de Aragón","Unidad habitacional"
México,"Ecatepec de Morelos",55148,"Villas de Aragón",Colonia
México,"Ecatepec de Morelos",55149,"Ignacio Allende",Colonia
México,"Ecatepec de Morelos",55158,"Profopec (Polígono II)",Fraccionamiento
México,"Ecatepec de Morelos",55170,"16 de Septiembre",Colonia
México,"Ecatepec de Morelos",55170,"Central Michoacana",Colonia
México,"Ecatepec de Morelos",55170,"Sagitario IV",Colonia
México,"Ecatepec de Morelos",55176,"Profopec (Polígono V)",Fraccionamiento
México,"Ecatepec de Morelos",55180,"México Colonial II",Colonia
México,"Ecatepec de Morelos",55187,"Profopec (Polígono III)",Fraccionamiento
México,"Ecatepec de Morelos",55188,"México Colonial I",Colonia
México,"Ecatepec de Morelos",55189,"Novela Mexicana I",Colonia
México,"Ecatepec de Morelos",55190,"Lázaro Cárdenas V Zona",Colonia
México,"Ecatepec de Morelos",55200,"División del Norte",Colonia
México,"Ecatepec de Morelos",55200,"Emiliano Zapata 1a Sección",Colonia
México,"Ecatepec de Morelos",55200,"Granjas Valle de Guadalupe Sección B",Colonia
México,"Ecatepec de Morelos",55200,"Gustavo Díaz Ordaz",Colonia
México,"Ecatepec de Morelos",55210,"La Estrella",Colonia
México,"Ecatepec de Morelos",55210,"La Popular",Colonia
México,"Ecatepec de Morelos",55210,"Valle de Anáhuac Sección A",Fraccionamiento
México,"Ecatepec de Morelos",55218,"Cuchilla A. Rosales",Colonia
México,"Ecatepec de Morelos",55220,"Emiliano Zapata 1a Sección A",Colonia
México,"Ecatepec de Morelos",55220,"Jardines de San Gabriel",Fraccionamiento
México,"Ecatepec de Morelos",55220,"Jardines del Tepeyac",Colonia
México,"Ecatepec de Morelos",55220,"Vicente Guerrero",Colonia
México,"Ecatepec de Morelos",55230,"La Media Luna",Colonia
México,"Ecatepec de Morelos",55234,"La Glorieta",Colonia
México,"Ecatepec de Morelos",55235,"Unidad Obrero CTM XIV","Unidad habitacional"
México,"Ecatepec de Morelos",55236,"Ampliación Códice Mendocino",Colonia
México,"Ecatepec de Morelos",55236,"Códice Mendocino I",Colonia
México,"Ecatepec de Morelos",55236,"Códice Mendocino II",Colonia
México,"Ecatepec de Morelos",55236,"Sagitario V",Colonia
México,"Ecatepec de Morelos",55237,"Estrella de Oriente",Fraccionamiento
México,"Ecatepec de Morelos",55238,"Ejercito del Trabajo II",Colonia
México,"Ecatepec de Morelos",55238,"Felipe Ángeles (Antes Sagitario II)",Colonia
México,"Ecatepec de Morelos",55238,"Izcalli Santa Clara",Fraccionamiento
México,"Ecatepec de Morelos",55238,"Sagitario I",Colonia
México,"Ecatepec de Morelos",55238,"Sagitario III",Colonia
México,"Ecatepec de Morelos",55240,Alborada,"Unidad habitacional"
México,"Ecatepec de Morelos",55240,"La Florida",Colonia
México,"Ecatepec de Morelos",55240,"Melchor Muzquiz",Colonia
México,"Ecatepec de Morelos",55242,"Villas Cosmos",Colonia
México,"Ecatepec de Morelos",55243,"Haciendas de Aragón",Fraccionamiento
México,"Ecatepec de Morelos",55244,"Castillos de Aragón",Colonia
México,"Ecatepec de Morelos",55244,"Parques de Aragón",Colonia
México,"Ecatepec de Morelos",55244,"Paseos de Aragón",Colonia
México,"Ecatepec de Morelos",55245,"México Independiente",Colonia
México,"Ecatepec de Morelos",55246,"Petroquímica Ecatepec",Fraccionamiento
México,"Ecatepec de Morelos",55247,"Ciudad Oriente",Colonia
México,"Ecatepec de Morelos",55247,"CROC Aragón","Unidad habitacional"
México,"Ecatepec de Morelos",55248,"Fuentes de Aragón",Fraccionamiento
México,"Ecatepec de Morelos",55249,"Ecatepec Federación (Mártires de Río Blanco)","Unidad habitacional"
México,"Ecatepec de Morelos",55249,"Poesía Mexicana",Colonia
México,"Ecatepec de Morelos",55260,"Nueva Aragón",Colonia
México,"Ecatepec de Morelos",55264,"Fernando de Alba Nezahualpilli",Colonia
México,"Ecatepec de Morelos",55264,"Prizo I","Unidad habitacional"
México,"Ecatepec de Morelos",55264,"Prizo II","Unidad habitacional"
México,"Ecatepec de Morelos",55264,"Prizo III","Unidad habitacional"
México,"Ecatepec de Morelos",55266,"México Insurgente",Colonia
México,"Ecatepec de Morelos",55266,"México Revolucionario",Colonia
México,"Ecatepec de Morelos",55267,"Ciudad Amanecer",Colonia
México,"Ecatepec de Morelos",55267,"Quinto Sol",Colonia
México,"Ecatepec de Morelos",55267,"Sauces II",Fraccionamiento
México,"Ecatepec de Morelos",55267,"Sauces V",Fraccionamiento
México,"Ecatepec de Morelos",55268,"Novela Mexicana II",Colonia
México,"Ecatepec de Morelos",55268,"Sauces Coalición",Fraccionamiento
México,"Ecatepec de Morelos",55268,"Sauces VI","Unidad habitacional"
México,"Ecatepec de Morelos",55269,"México Prehispánico I",Colonia
México,"Ecatepec de Morelos",55269,"México Prehispánico II",Colonia
México,"Ecatepec de Morelos",55269,"Sauces I",Fraccionamiento
México,"Ecatepec de Morelos",55269,"Sauces P.R.I.",Fraccionamiento
México,"Ecatepec de Morelos",55270,"El Chamizal",Colonia
México,"Ecatepec de Morelos",55270,"Emiliano Zapata 2a Secc",Colonia
México,"Ecatepec de Morelos",55270,"Granjas Valle de Guadalupe Sección A",Colonia
México,"Ecatepec de Morelos",55270,"Granjas Valle de Guadalupe Sección C",Colonia
México,"Ecatepec de Morelos",55280,"Ampliación Valle de Aragón Sección A",Colonia
México,"Ecatepec de Morelos",55280,"Nuevo Valle de Aragón",Colonia
México,"Ecatepec de Morelos",55280,"Renacimiento de Aragón",Colonia
México,"Ecatepec de Morelos",55280,"Valle de Aragón 3ra Sección Oriente",Fraccionamiento
México,"Ecatepec de Morelos",55280,"Valle de Aragón 3ra Sección Poniente",Fraccionamiento
México,"Ecatepec de Morelos",55284,"Renacimiento Chico",Colonia
México,"Ecatepec de Morelos",55287,"Fernando Alba Ixtlaxóchitl",Colonia
México,"Ecatepec de Morelos",55288,Nezahualpilli,Colonia
México,"Ecatepec de Morelos",55289,"Bugambilias de Aragón","Conjunto habitaciona"
México,"Ecatepec de Morelos",55290,"Arboledas de Aragón",Fraccionamiento
México,"Ecatepec de Morelos",55290,"Granjas Independencia",Colonia
México,"Ecatepec de Morelos",55290,"Granjas Independencia Sección A",Colonia
México,"Ecatepec de Morelos",55290,"Granjas Independencia Sección B",Colonia
México,"Ecatepec de Morelos",55290,"Granjas Independencia Sección C",Colonia
México,"Ecatepec de Morelos",55290,"Solidaridad 90 (Mártires de Río Blanco)",Colonia
México,"Ecatepec de Morelos",55294,"Av. Central CROC","Unidad habitacional"
México,"Ecatepec de Morelos",55295,"Ampliación Nicolás Bravo",Colonia
México,"Ecatepec de Morelos",55295,"Ampliación Pedro Ojeda Paullada",Colonia
México,"Ecatepec de Morelos",55295,"Franja Valle de Guadalupe",Colonia
México,"Ecatepec de Morelos",55295,"Lic. Pedro Ojeda Paullada","Unidad habitacional"
México,"Ecatepec de Morelos",55296,A.S.A.,"Unidad habitacional"
México,"Ecatepec de Morelos",55296,"Las Flores de Aragón","Unidad habitacional"
México,"Ecatepec de Morelos",55296,"Nicolás Bravo",Colonia
México,"Ecatepec de Morelos",55297,"Héroes de Granaditas",Colonia
México,"Ecatepec de Morelos",55298,"Ejercito del Trabajo III",Colonia
México,"Ecatepec de Morelos",55299,"Ejercito del Trabajo I",Colonia
México,"Ecatepec de Morelos",55300,"Piedra Grande",Colonia
México,"Ecatepec de Morelos",55308,"Benito Juárez La Mesa",Colonia
México,"Ecatepec de Morelos",55308,"Benito Juárez Xalostoc Norte",Colonia
México,"Ecatepec de Morelos",55310,"Cuauhtémoc Xalostoc",Colonia
México,"Ecatepec de Morelos",55310,"San Pedro Xalostoc",Pueblo
México,"Ecatepec de Morelos",55316,"Ampliación San Pedro Xalostoc",Colonia
México,"Ecatepec de Morelos",55317,"El Arbolito Xalostoc",Colonia
México,"Ecatepec de Morelos",55320,"El Cardonal Xalostoc",Colonia
México,"Ecatepec de Morelos",55320,"El Nardo",Colonia
México,"Ecatepec de Morelos",55320,"Esfuerzo Nacional","Zona industrial"
México,"Ecatepec de Morelos",55320,"Santa María Xalostoc",Colonia
México,"Ecatepec de Morelos",55330,"5 de Septiembre",Colonia
México,"Ecatepec de Morelos",55330,"Ampliación San Francisco Xalostoc",Colonia
México,"Ecatepec de Morelos",55330,"Jardines de Xalostoc",Colonia
México,"Ecatepec de Morelos",55330,"La Laguna 21",Colonia
México,"Ecatepec de Morelos",55330,"Las Vegas Xalostoc",Colonia
México,"Ecatepec de Morelos",55330,"Prados de Xalostoc",Colonia
México,"Ecatepec de Morelos",55330,"San Francisco Xalostoc",Colonia
México,"Ecatepec de Morelos",55330,"Tolotzin V",Colonia
México,"Ecatepec de Morelos",55338,"Melchor Ocampo",Colonia
México,"Ecatepec de Morelos",55339,"Villas de Guadalupe Xalostoc",Fraccionamiento
México,"Ecatepec de Morelos",55340,"Benito Juárez Xalostoc",Colonia
México,"Ecatepec de Morelos",55340,"Rustica Xalostoc",Colonia
México,"Ecatepec de Morelos",55340,"Viveros de Xalostoc",Colonia
México,"Ecatepec de Morelos",55347,"Ampliación San José Xalostoc",Colonia
México,"Ecatepec de Morelos",55348,"Parque Industrial Xalostoc","Zona industrial"
México,"Ecatepec de Morelos",55349,"Urbana Ixhuatepec",Colonia
México,"Ecatepec de Morelos",55360,"El Salado",Colonia
México,"Ecatepec de Morelos",55360,"San José Xalostoc",Colonia
México,"Ecatepec de Morelos",55369,"Ampliación San Miguel Xalostoc",Colonia
México,"Ecatepec de Morelos",55390,Altavilla,Fraccionamiento
México,"Ecatepec de Morelos",55390,"San Miguel Xalostoc",Colonia
México,"Ecatepec de Morelos",55400,"Aldeas I","Unidad habitacional"
México,"Ecatepec de Morelos",55400,"Aldeas II","Unidad habitacional"
México,"Ecatepec de Morelos",55400,ISSEMYM,"Unidad habitacional"
México,"Ecatepec de Morelos",55400,Nieves,"Unidad habitacional"
México,"Ecatepec de Morelos",55400,"Santa María Tulpetlac",Pueblo
México,"Ecatepec de Morelos",55404,"Ecatepec las Fuentes","Unidad habitacional"
México,"Ecatepec de Morelos",55404,"El Chamizalito",Colonia
México,"Ecatepec de Morelos",55404,"El Charco",Colonia
México,"Ecatepec de Morelos",55404,"El Charco II",Colonia
México,"Ecatepec de Morelos",55404,"Santa María Tulpetlac",Ejido
México,"Ecatepec de Morelos",55405,"La Purísima",Colonia
México,"Ecatepec de Morelos",55407,"Cuchilla Lázaro Cárdenas","Unidad habitacional"
México,"Ecatepec de Morelos",55407,"Talleres Gráficos","Unidad habitacional"
México,"Ecatepec de Morelos",55410,"El Ostor",Colonia
México,"Ecatepec de Morelos",55410,"Lomas de San Carlos Cantera",Colonia
México,"Ecatepec de Morelos",55410,Tecuescomac,Colonia
México,"Ecatepec de Morelos",55414,"El Parque",Colonia
México,"Ecatepec de Morelos",55414,"La Ladera",Colonia
México,"Ecatepec de Morelos",55414,"La Nopalera 2a. Sección Tulpetlac",Colonia
México,"Ecatepec de Morelos",55414,"Lomas Verdes Tlaljuyaca",Colonia
México,"Ecatepec de Morelos",55414,"Margarita Maza de Juárez",Colonia
México,"Ecatepec de Morelos",55414,"Nueva Rufino Tamayo",Colonia
México,"Ecatepec de Morelos",55414,"Tepetlac Texalpa",Colonia
México,"Ecatepec de Morelos",55415,"Ampliación Almarcigo",Colonia
México,"Ecatepec de Morelos",55415,"Buenos Aires",Colonia
México,"Ecatepec de Morelos",55415,"El Almarcigo Norte",Colonia
México,"Ecatepec de Morelos",55415,"El Almarcigo Sur",Colonia
México,"Ecatepec de Morelos",55415,"El Rosal",Colonia
México,"Ecatepec de Morelos",55415,Mexihuiloya,Colonia
México,"Ecatepec de Morelos",55416,"Benito Juárez 1ra Sección","Unidad habitacional"
México,"Ecatepec de Morelos",55416,"Benito Juárez 2da Sección","Unidad habitacional"
México,"Ecatepec de Morelos",55416,"Benito Juárez 3ra Sección","Unidad habitacional"
México,"Ecatepec de Morelos",55416,"La Virgen",Colonia
México,"Ecatepec de Morelos",55416,"Progreso Tlajoyuca",Colonia
México,"Ecatepec de Morelos",55416,Texalpa,Colonia
México,"Ecatepec de Morelos",55417,"Guadalupe Coatzochico",Colonia
México,"Ecatepec de Morelos",55418,"Ampliación Santa María Tulpetlac",Colonia
México,"Ecatepec de Morelos",55418,Cuauhtémoc,Colonia
México,"Ecatepec de Morelos",55418,"El Callejón",Colonia
México,"Ecatepec de Morelos",55418,"Mexicalco I",Colonia
México,"Ecatepec de Morelos",55418,"Mexicalco II y IV",Colonia
México,"Ecatepec de Morelos",55418,"Mexicalco III",Colonia
México,"Ecatepec de Morelos",55418,"Progreso Chico Tulpetlac",Colonia
México,"Ecatepec de Morelos",55418,"Rufino Tamayo",Colonia
México,"Ecatepec de Morelos",55418,"Villas Tulpetlac",Fraccionamiento
México,"Ecatepec de Morelos",55419,"El Cortijo",Colonia
México,"Ecatepec de Morelos",55419,Tlatempa,Colonia
México,"Ecatepec de Morelos",55420,"Cerro Gordo","Zona industrial"
México,"Ecatepec de Morelos",55425,"Cerro Gordo",Colonia
México,"Ecatepec de Morelos",55429,Bellavista,"Unidad habitacional"
México,"Ecatepec de Morelos",55429,"La Cuesta Santa Clara",Colonia
México,"Ecatepec de Morelos",55429,Tepetzicasco,Colonia
México,"Ecatepec de Morelos",55430,"Conjunto Ejecutivo","Conjunto habitaciona"
México,"Ecatepec de Morelos",55430,"Jardines de Casa Nueva",Fraccionamiento
México,"Ecatepec de Morelos",55430,"José María Pino Suárez",Colonia
México,"Ecatepec de Morelos",55430,"Junta de San Juan","Unidad habitacional"
México,"Ecatepec de Morelos",55450,"Jardines de Santa Clara",Fraccionamiento
México,"Ecatepec de Morelos",55450,"Prados de Santa Clara",Fraccionamiento
México,"Ecatepec de Morelos",55458,"Conjunto Guanajuato","Conjunto habitaciona"
México,"Ecatepec de Morelos",55459,"América Santa Clara",Colonia
México,"Ecatepec de Morelos",55490,"Faja de Oro",Colonia
México,"Ecatepec de Morelos",55490,"Finca San Miguel","Unidad habitacional"
México,"Ecatepec de Morelos",55490,"Miguel Hidalgo",Colonia
México,"Ecatepec de Morelos",55498,"Héroes de la Independencia",Colonia
México,"Ecatepec de Morelos",55500,"Conjunto Tepeyac Hidalgo","Conjunto habitaciona"
México,"Ecatepec de Morelos",55506,Buenavista,Colonia
México,"Ecatepec de Morelos",55507,"La Palma",Colonia
México,"Ecatepec de Morelos",55508,"Ampliación Coanalco",Colonia
México,"Ecatepec de Morelos",55508,"Coanalco Buenavista",Colonia
México,"Ecatepec de Morelos",55509,"La Presa",Colonia
México,"Ecatepec de Morelos",55509,"Plan de Ayala",Colonia
México,"Ecatepec de Morelos",55510,"El Pozo",Colonia
México,"Ecatepec de Morelos",55510,"Tablas del Pozo",Colonia
México,"Ecatepec de Morelos",55510,Tepeolulco,Colonia
México,"Ecatepec de Morelos",55515,"La Teja",Colonia
México,"Ecatepec de Morelos",55515,"Los Bordos",Colonia
México,"Ecatepec de Morelos",55516,"Boca Barranca",Colonia
México,"Ecatepec de Morelos",55517,"El Mirador",Colonia
México,"Ecatepec de Morelos",55518,"Arboledas de Xalostoc",Colonia
México,"Ecatepec de Morelos",55518,"La Agüita",Colonia
México,"Ecatepec de Morelos",55518,"La Lomita",Colonia
México,"Ecatepec de Morelos",55519,"La Esperanza",Colonia
México,"Ecatepec de Morelos",55519,"San Andrés de la Cañada",Pueblo
México,"Ecatepec de Morelos",55520,"Carlos Hank González",Colonia
México,"Ecatepec de Morelos",55530,"El Gallito",Colonia
México,"Ecatepec de Morelos",55530,"El Gallito","Unidad habitacional"
México,"Ecatepec de Morelos",55530,"San Jaco (El Gallito)",Colonia
México,"Ecatepec de Morelos",55530,"Santa Clara","Unidad habitacional"
México,"Ecatepec de Morelos",55540,"Real de Santa Clara","Unidad habitacional"
México,"Ecatepec de Morelos",55540,"Rinconada de Santa Clara","Unidad habitacional"
México,"Ecatepec de Morelos",55540,"Santa Clara Coatitla",Pueblo
México,"Ecatepec de Morelos",55547,"Santa Clara","Zona industrial"
México,"Ecatepec de Morelos",55548,"Área Zapotecas",Colonia
México,"Ecatepec de Morelos",55548,"Cantera Guadalupana",Colonia
México,"Ecatepec de Morelos",55548,"Dos de Octubre",Colonia
México,"Ecatepec de Morelos",55549,"Área Santa Cruz",Colonia
México,Ecatzingo,56990,"De Santa Catarina",Barrio
México,Ecatzingo,56990,"San José",Barrio
México,Ecatzingo,56990,"San Martín",Barrio
México,Ecatzingo,56990,"Santa Catarina",Barrio
México,Ecatzingo,56990,"Santa Gertrudis",Barrio
México,Ecatzingo,56990,Xolaltenco,Barrio
México,Ecatzingo,56993,Oxpanco,Ranchería
México,Ecatzingo,56993,"San Marcos Tecomaxusco",Pueblo
México,Ecatzingo,56993,Tepicila,Colonia
México,Ecatzingo,56996,Huexotitla,Ranchería
México,Ecatzingo,56996,"Ixtactepectípac (Rancho Ixtactepectípac)",Ranchería
México,Ecatzingo,56996,"San Juan Tlacotompa (Tlacotompa)",Pueblo
México,Ecatzingo,56999,Nexapa,Paraje
México,"El Oro",50600,"El Carmen",Colonia
México,"El Oro",50600,"El Oro de Hidalgo",Pueblo
México,"El Oro",50600,"San Rafael",Colonia
México,"El Oro",50601,"Santiago Oxtempan",Pueblo
México,"El Oro",50603,"Francisco I Madero",Colonia
México,"El Oro",50603,"Monte Alto",Ranchería
México,"El Oro",50604,Cuauhtémoc,Colonia
México,"El Oro",50610,"Aquiles Serdán",Colonia
México,"El Oro",50610,"Benito Juárez",Colonia
México,"El Oro",50613,"San Nicolás el Oro (Agua Escondida)",Ejido
México,"El Oro",50614,"San Nicolás Tultenango",Pueblo
México,"El Oro",50614,"Santiago Oxtempan",Ejido
México,"El Oro",50615,"El Mogote",Pueblo
México,"El Oro",50615,"Estación Tultenango",Paraje
México,"El Oro",50615,"La Nopalera",Pueblo
México,"El Oro",50616,"La Soledad",Pueblo
México,"El Oro",50616,"Venta del Aire",Pueblo
México,"El Oro",50625,"Las Peñitas",Barrio
México,"El Oro",50625,"Santa Rosa de Guadalupe",Pueblo
México,"El Oro",50625,"Santa Rosa de Lima",Pueblo
México,"El Oro",50626,"San Nicolás el Oro",Pueblo
México,"El Oro",50627,"Cerro Llorón",Ranchería
México,"El Oro",50627,"El Gigante",Ranchería
México,"El Oro",50627,"La Presa Brockman",Pueblo
México,"El Oro",50627,"Llanito Cuatro",Pueblo
México,"El Oro",50627,"Loma de la Cima",Pueblo
México,"El Oro",50627,"Santa Cruz el Tejocote",Pueblo
México,"El Oro",50630,Tapaxco,Pueblo
México,"El Oro",50630,Yomeje,Ranchería
México,"El Oro",50633,"Adolfo López Mateos",Pueblo
México,"El Oro",50633,Bassoco,Ranchería
México,"El Oro",50633,"La Jordana",Pueblo
México,"El Oro",50633,"La Palma",Pueblo
México,"El Oro",50634,"Benemérito Pueblo Nuevo de los Ángeles",Barrio
México,"El Oro",50634,Citeje,Pueblo
México,"El Oro",50634,"Pueblo Nuevo de los Ángeles",Ranchería
México,"El Oro",50634,"San Isidro, Pueblo Nuevo de los Ángeles",Barrio
México,"El Oro",50635,Endotejiare,Pueblo
México,"El Oro",50635,"La Magdalena Morelos",Pueblo
México,"El Oro",50635,"La Mesa",Pueblo
México,"El Oro",50636,"Laguna Seca",Pueblo
México,"El Oro",50637,Buenavista,Pueblo
México,"El Oro",50637,"La Concepción I",Pueblo
México,"El Oro",50637,"La Concepción II",Pueblo
México,"El Oro",50637,"La Lomita",Ranchería
México,"El Oro",50637,"San Juan Bosco",Pueblo
México,Huehuetoca,54680,Huehuetoca,Pueblo
México,Huehuetoca,54683,"Ex-Hacienda de Jalpa",Fraccionamiento
México,Huehuetoca,54683,"San Bartolo",Pueblo
México,Huehuetoca,54683,"San Pedro Xalpa",Hacienda
México,Huehuetoca,54684,"Jardines de Huehuetoca",Fraccionamiento
México,Huehuetoca,54684,"Puente Grande",Pueblo
México,Huehuetoca,54684,"Real de Huehuetoca",Fraccionamiento
México,Huehuetoca,54684,"Xalpa Sa",Hacienda
México,Huehuetoca,54685,"Arboledas de Huehuetoca",Fraccionamiento
México,Huehuetoca,54685,"Casa Nueva",Fraccionamiento
México,Huehuetoca,54685,"Galaxia Huehuetoca",Fraccionamiento
México,Huehuetoca,54685,"Huehuetoca del Maurel",Fraccionamiento
México,Huehuetoca,54685,"La Cañada",Barrio
México,Huehuetoca,54685,"Portal del Sol",Fraccionamiento
México,Huehuetoca,54685,Salitrillo,Pueblo
México,Huehuetoca,54687,"Barranca Prieta",Barrio
México,Huehuetoca,54687,"Hacienda las Misiones","Conjunto habitaciona"
México,Huehuetoca,54687,"Santa María",Pueblo
México,Huehuetoca,54690,"Ejido de Jalpa",Ejido
México,Huehuetoca,54693,"Privadas del Valle",Fraccionamiento
México,Huehuetoca,54693,Rancheria,Barrio
México,Huehuetoca,54693,"San Miguel Jagüeyes",Pueblo
México,Huehuetoca,54693,"URBI Villa del rey","Conjunto habitaciona"
México,Huehuetoca,54694,"La Guadalupana Bicentenario Huehuetoca",Colonia
México,Huehuetoca,54694,"Santa Teresa 1","Conjunto habitaciona"
México,Huehuetoca,54694,"Santa Teresa 2","Conjunto habitaciona"
México,Huehuetoca,54694,"Santa Teresa 6","Conjunto habitaciona"
México,Huehuetoca,54694,"Santa Teresa IX","Conjunto habitaciona"
México,Huehuetoca,54695,"Santa Teresa 3 y 3 Bis","Conjunto habitaciona"
México,Huehuetoca,54695,"Santa Teresa 4 y 4 Bis","Conjunto habitaciona"
México,Huehuetoca,54695,"Santa Teresa 5 y 5 Bis","Conjunto habitaciona"
México,Huehuetoca,54696,"Ciudad Integral Huehuetoca (Guadalupe la Guiñada)",Fraccionamiento
México,Huehuetoca,54696,"El Dorado",Fraccionamiento
México,Huehuetoca,54696,"Santiago Tlaltepaxco",Pueblo
México,Huehuetoca,54697,"Campo Militar San Miguel Jagueyes","Zona federal"
México,Huehuetoca,54697,Jorobas,Barrio
México,Huehuetoca,54697,"Loma Bonita",Barrio
México,Huehuetoca,54697,"Lumbrera 13",Barrio
México,Huehuetoca,54697,"Lumbrera 14 A",Barrio
México,Hueypoxtla,55670,Hueypoxtla,Pueblo
México,Hueypoxtla,55670,Huicalco,Colonia
México,Hueypoxtla,55673,Centenario,Colonia
México,Hueypoxtla,55673,España,Colonia
México,Hueypoxtla,55673,Juárez,Colonia
México,Hueypoxtla,55673,Roma,Colonia
México,Hueypoxtla,55676,"Casa Blanca",Pueblo
México,Hueypoxtla,55679,"San Miguel Tepetates",Colonia
México,Hueypoxtla,55679,"Santa María Ajoloapan",Pueblo
México,Hueypoxtla,55680,"San Francisco Zacacalco",Pueblo
México,Hueypoxtla,55683,Tianguistongo,Pueblo
México,Hueypoxtla,55684,"San Pedro la Gloria",Ranchería
México,Hueypoxtla,55685,"Tezontlalpan de Zapata",Pueblo
México,Hueypoxtla,55689,Nopala,Pueblo
México,Hueypoxtla,55690,"San Marcos Jilotzingo",Pueblo
México,Hueypoxtla,55694,"El Carmen",Pueblo
México,Hueypoxtla,55697,"Emiliano Zapata (Ex-Hacienda de San José Batha)",Pueblo
México,Huixquilucan,52760,"El Cerrito",Ranchería
México,Huixquilucan,52760,"El Plan",Ranchería
México,Huixquilucan,52760,"El Retiro",Ranchería
México,Huixquilucan,52760,"Huixquilucan de Degollado Centro",Colonia
México,Huixquilucan,52760,"San Juan Bautista",Barrio
México,Huixquilucan,52760,"San Martín",Barrio
México,Huixquilucan,52760,"San Melchor",Barrio
México,Huixquilucan,52760,"San Miguel",Barrio
México,Huixquilucan,52760,"San Ramón",Ranchería
México,Huixquilucan,52760,"Santa María",Ranchería
México,Huixquilucan,52763,"Hacienda de las Palmas",Fraccionamiento
México,Huixquilucan,52763,"Villa Florence",Fraccionamiento
México,Huixquilucan,52764,"Jesús del Monte",Colonia
México,Huixquilucan,52764,"La Retama",Colonia
México,Huixquilucan,52765,"Esfuerzo Obrero",Colonia
México,Huixquilucan,52765,"Industria Militar y Cove",Colonia
México,Huixquilucan,52765,"San Fernando",Fraccionamiento
México,Huixquilucan,52765,"San Fernando",Colonia
México,Huixquilucan,52766,"El Mirasol",Ranchería
México,Huixquilucan,52766,"San Jacinto",Ranchería
México,Huixquilucan,52766,"Santiago Yancuitlalpan",Pueblo
México,Huixquilucan,52766,Zacamulpa,Pueblo
México,Huixquilucan,52767,"El Palacio",Pueblo
México,Huixquilucan,52767,"El Xiguiro",Barrio
México,Huixquilucan,52767,"Ignacio Allende",Pueblo
México,Huixquilucan,52768,"San Juan Yautepec",Pueblo
México,Huixquilucan,52769,"Agua de Santo",Ranchería
México,Huixquilucan,52769,"La Cañada",Ranchería
México,Huixquilucan,52769,"La Cima",Colonia
México,Huixquilucan,52770,"Las Canteras",Colonia
México,Huixquilucan,52770,"Paseos del Bosque",Condominio
México,Huixquilucan,52773,"Del Rio",Barrio
México,Huixquilucan,52773,"El Escobal",Barrio
México,Huixquilucan,52773,"El Manzano",Barrio
México,Huixquilucan,52773,"El Rayo",Barrio
México,Huixquilucan,52773,"La Capilla",Ranchería
México,Huixquilucan,52773,"La Magdalena Chichicaspa",Pueblo
México,Huixquilucan,52773,"La Manzana (La Rinconada)",Barrio
México,Huixquilucan,52773,"Magdalena Chichicaspa (Las Campanitas)",Ejido
México,Huixquilucan,52774,"Bosque Real",Fraccionamiento
México,Huixquilucan,52774,"El Arenal",Colonia
México,Huixquilucan,52774,"El Pedregal",Colonia
México,Huixquilucan,52775,"Constituyentes de 1917",Colonia
México,Huixquilucan,52775,"Tierra y Libertad",Colonia
México,Huixquilucan,52776,"La Unidad",Colonia
México,Huixquilucan,52776,"Loma del Carmen",Colonia
México,Huixquilucan,52777,"El Bosque",Colonia
México,Huixquilucan,52777,"Federal Burocrática",Colonia
México,Huixquilucan,52777,Paradice,"Unidad habitacional"
México,Huixquilucan,52778,"Ampliación Palo Solo",Colonia
México,Huixquilucan,52778,"Palo Solo",Colonia
México,Huixquilucan,52779,"Green House",Fraccionamiento
México,Huixquilucan,52779,"Lomas Country Club",Fraccionamiento
México,Huixquilucan,52779,"Montón Cuarteles",Colonia
México,Huixquilucan,52779,Pirules,Colonia
México,Huixquilucan,52780,"Lomas de Tecamachalco Sección Bosques I y II",Fraccionamiento
México,Huixquilucan,52780,"Lomas de Tecamachalco Sección Cumbres",Colonia
México,Huixquilucan,52783,"Bosques de la Herradura",Fraccionamiento
México,Huixquilucan,52783,"Rinconada de la Herradura",Fraccionamiento
México,Huixquilucan,52784,"La Herradura",Fraccionamiento
México,Huixquilucan,52784,"La Herradura Sección I",Fraccionamiento
México,Huixquilucan,52784,"La Herradura Sección II",Fraccionamiento
México,Huixquilucan,52784,"La Herradura Sección III",Fraccionamiento
México,Huixquilucan,52785,"Balcones de la Herradura",Fraccionamiento
México,Huixquilucan,52785,Galardón,"Conjunto habitaciona"
México,Huixquilucan,52785,"Jardines de la Herradura",Colonia
México,Huixquilucan,52785,"Lomas de La Herradura",Fraccionamiento
México,Huixquilucan,52786,"Lomas Anáhuac",Fraccionamiento
México,Huixquilucan,52786,Magnocentro,Fraccionamiento
México,Huixquilucan,52786,"Parques de la Herradura",Fraccionamiento
México,Huixquilucan,52787,"Bosques de las Palmas",Fraccionamiento
México,Huixquilucan,52787,Interlomas,Colonia
México,Huixquilucan,52787,"Palmas Altas",Colonia
México,Huixquilucan,52787,"Paseo de las Palmas",Fraccionamiento
México,Huixquilucan,52787,"Valle de las Palmas",Fraccionamiento
México,Huixquilucan,52787,"Villa de las Lomas",Colonia
México,Huixquilucan,52788,"Conjunto Urbano El Bosque",Fraccionamiento
México,Huixquilucan,52788,"Frondoso Torres",Condominio
México,Huixquilucan,52788,"Lomas de las Palmas",Fraccionamiento
México,Huixquilucan,52788,"Lomas del Olivo",Fraccionamiento
México,Huixquilucan,52789,"El Olivo",Colonia
México,Huixquilucan,52789,"Lomas del Sol",Fraccionamiento
México,Huixquilucan,52790,"La Pera",Colonia
México,Huixquilucan,52790,"San Francisco Dos Ríos",Pueblo
México,Huixquilucan,52793,"El Mirador",Colonia
México,Huixquilucan,52793,"El Obraje",Colonia
México,Huixquilucan,52793,"San Bartolomé Coatepec",Pueblo
México,Huixquilucan,52793,Trejo,Colonia
México,Huixquilucan,52794,"El Guarda",Ranchería
México,Huixquilucan,52794,"El Hielo",Colonia
México,Huixquilucan,52794,"La Glorieta",Ranchería
México,Huixquilucan,52795,Canales,Colonia
México,Huixquilucan,52795,"Santa Cruz Ayotuxco",Pueblo
México,Huixquilucan,52796,"San Cristóbal Texcalucan",Pueblo
México,Huixquilucan,52797,"San José Huiloteapan",Ranchería
México,Huixquilucan,52798,"Cerro de San Francisco",Colonia
México,Huixquilucan,52798,"San Francisco Ayotuxco",Pueblo
México,Huixquilucan,52799,"Agua Bendita",Ranchería
México,Huixquilucan,52799,"Agua Blanca",Ranchería
México,Huixquilucan,52799,"El Laurel",Ranchería
México,Huixquilucan,52799,"Llano Grande",Ranchería
México,Huixquilucan,52799,"Piedra Grande",Ranchería
México,"Isidro Fabela",54480,Tlazala,Colonia
México,"Isidro Fabela",54480,"Tlazala de Fabela",Pueblo
México,"Isidro Fabela",54483,Laureles,Colonia
México,"Isidro Fabela",54484,Miraflores,Colonia
México,"Isidro Fabela",54485,"La Palma",Colonia
México,"Isidro Fabela",54486,Aurora,Colonia
México,"Isidro Fabela",54490,Miraflores,Ejido
México,"Isidro Fabela",54493,"Palma (Ejido San Francisco)",Ejido
México,"Isidro Fabela",54494,"Los Jarros",Ejido
México,"Isidro Fabela",54495,"Cañada de Onofres",Ejido
México,Ixtapaluca,56530,"Capilla I","Unidad habitacional"
México,Ixtapaluca,56530,"Capilla III","Unidad habitacional"
México,Ixtapaluca,56530,"Geovillas San Jacinto",Fraccionamiento
México,Ixtapaluca,56530,"Ixtapaluca Centro",Colonia
México,Ixtapaluca,56530,"Jacarandas I y II",Fraccionamiento
México,Ixtapaluca,56530,"La Era",Colonia
México,Ixtapaluca,56530,"La Venta",Colonia
México,Ixtapaluca,56530,"Real del Campo",Fraccionamiento
México,Ixtapaluca,56530,Zoquiapan,Colonia
México,Ixtapaluca,56535,"El Capulín",Ejido
México,Ixtapaluca,56535,"Geovillas Santa Bárbara",Fraccionamiento
México,Ixtapaluca,56535,"Hacienda las Palmas I y II","Conjunto habitaciona"
México,Ixtapaluca,56535,"Jardín Industrial","Zona industrial"
México,Ixtapaluca,56535,"Las Palmas Tercera Etapa","Conjunto habitaciona"
México,Ixtapaluca,56536,"San Buenaventura",Fraccionamiento
México,Ixtapaluca,56536,"San José de la Palma","Unidad habitacional"
México,Ixtapaluca,56537,Acozac,Fraccionamiento
México,Ixtapaluca,56537,"Capilla II","Unidad habitacional"
México,Ixtapaluca,56537,"Capilla IV","Unidad habitacional"
México,Ixtapaluca,56537,Tezontle-Zoquiapan,Colonia
México,Ixtapaluca,56538,"Santa Bárbara",Colonia
México,Ixtapaluca,56539,"El Caracol",Colonia
México,Ixtapaluca,56539,"La Huerta",Colonia
México,Ixtapaluca,56539,"La Magdalena",Colonia
México,Ixtapaluca,56540,Citlalmina,Colonia
México,Ixtapaluca,56540,"Rancho el Carmen","Unidad habitacional"
México,Ixtapaluca,56550,Derramadero,Colonia
México,Ixtapaluca,56550,"Emiliano Zapata",Colonia
México,Ixtapaluca,56553,"El Molino",Colonia
México,Ixtapaluca,56555,"Residencial Ayotla",Fraccionamiento
México,Ixtapaluca,56556,"José de la Mora",Fraccionamiento
México,Ixtapaluca,56556,Tlapacoya,Pueblo
México,Ixtapaluca,56558,"Ampliación Emiliano Zapata",Colonia
México,Ixtapaluca,56560,Ayotla,Pueblo
México,Ixtapaluca,56560,"El Calvario",Colonia
México,Ixtapaluca,56563,"Loma Bonita",Colonia
México,Ixtapaluca,56564,"El Mirador",Colonia
México,Ixtapaluca,56565,"Ampliación Acozac",Colonia
México,Ixtapaluca,56565,"Linda Vista",Colonia
México,Ixtapaluca,56565,"Lomas de Ayotla",Colonia
México,Ixtapaluca,56565,Magisterial,"Unidad habitacional"
México,Ixtapaluca,56565,"Santo Tomás",Colonia
México,Ixtapaluca,56566,"6 de Junio",Colonia
México,Ixtapaluca,56566,"Ampliación 6 de Junio",Colonia
México,Ixtapaluca,56566,Caserío,"Unidad habitacional"
México,Ixtapaluca,56566,"Fermín Álvarez",Colonia
México,Ixtapaluca,56566,"Geovillas de Ayotla",Fraccionamiento
México,Ixtapaluca,56566,Ilhuicamina,Colonia
México,Ixtapaluca,56566,Izcalli,Fraccionamiento
México,Ixtapaluca,56566,"La Retama",Colonia
México,Ixtapaluca,56566,Lavaderos,Colonia
México,Ixtapaluca,56566,"Luis Donaldo Colosio",Colonia
México,Ixtapaluca,56566,"Rancho Guadalupe",Fraccionamiento
México,Ixtapaluca,56566,"Rancho San José","Unidad habitacional"
México,Ixtapaluca,56566,"Rigoberta Menchú",Colonia
México,Ixtapaluca,56566,"Vergel de Guadalupe",Colonia
México,Ixtapaluca,56567,"Ampliación Escalerillas",Colonia
México,Ixtapaluca,56567,"Ampliación Morelos",Colonia
México,Ixtapaluca,56567,"Buena Vista",Colonia
México,Ixtapaluca,56567,"Cerro del Tejolote",Colonia
México,Ixtapaluca,56567,Contadero,Colonia
México,Ixtapaluca,56567,Escalerillas,Colonia
México,Ixtapaluca,56567,Guadalupana,Colonia
México,Ixtapaluca,56567,"Humberto Gutiérrez",Colonia
México,Ixtapaluca,56567,"Lomas de Ixtapaluca",Fraccionamiento
México,Ixtapaluca,56567,"Melchor Ocampo I, II, III, IV y V",Colonia
México,Ixtapaluca,56567,Morelos,Colonia
México,Ixtapaluca,56567,"Ricardo Calva Reyes",Colonia
México,Ixtapaluca,56567,"Wenceslao Victoria Soto",Colonia
México,Ixtapaluca,56568,"El Capulín",Colonia
México,Ixtapaluca,56568,"Nueva Antorchista",Colonia
México,Ixtapaluca,56568,"Unión Antorchista",Colonia
México,Ixtapaluca,56569,"1° de Mayo",Colonia
México,Ixtapaluca,56569,"El Mirto",Colonia
México,Ixtapaluca,56569,"El Nopalito",Colonia
México,Ixtapaluca,56569,"Rincón del Bosque",Colonia
México,Ixtapaluca,56569,"San Miguel",Colonia
México,Ixtapaluca,56570,Arbolada,Fraccionamiento
México,Ixtapaluca,56570,"Geovillas Ixtapaluca 2000","Unidad habitacional"
México,Ixtapaluca,56576,"18 de Agosto",Colonia
México,Ixtapaluca,56576,"Aquiles Córdoba",Colonia
México,Ixtapaluca,56576,"Estado de México",Colonia
México,Ixtapaluca,56576,"Luis Cordova Reyes",Colonia
México,Ixtapaluca,56576,"Residencial Park",Fraccionamiento
México,Ixtapaluca,56576,"Rey Izcoatl",Colonia
México,Ixtapaluca,56576,"San Antonio","Unidad habitacional"
México,Ixtapaluca,56576,"San Antonio",Colonia
México,Ixtapaluca,56576,"San Juan Tlalpizahuac",Colonia
México,Ixtapaluca,56576,Tlacaelel,Colonia
México,Ixtapaluca,56576,Tlalpizahuac,Pueblo
México,Ixtapaluca,56577,"Alfredo del Mazo",Colonia
México,Ixtapaluca,56577,"Hornos Santa Bárbara",Colonia
México,Ixtapaluca,56577,"Santa Cruz Tlalpizahuac",Colonia
México,Ixtapaluca,56577,"Santa Cruz Tlapacoya",Colonia
México,Ixtapaluca,56577,"Valle Verde",Colonia
México,Ixtapaluca,56579,"20 de Noviembre",Colonia
México,Ixtapaluca,56580,Coatepec,Pueblo
México,Ixtapaluca,56580,Independencia,Colonia
México,Ixtapaluca,56580,"Lomas de Coatepec",Colonia
México,Ixtapaluca,56580,"Rancho Verde I y II",Colonia
México,Ixtapaluca,56580,"Rosa de Castilla",Colonia
México,Ixtapaluca,56580,"San Juan",Colonia
México,Ixtapaluca,56584,"La Mesa",Colonia
México,Ixtapaluca,56584,"La Pastoría",Ranchería
México,Ixtapaluca,56584,"Pueblo Nuevo (San Isidro Labrador)",Colonia
México,Ixtapaluca,56584,Tetitla,Colonia
México,Ixtapaluca,56585,Chililico,Ejido
México,Ixtapaluca,56585,"El Rayo",Colonia
México,Ixtapaluca,56585,"Elsa Córdova Morán",Colonia
México,Ixtapaluca,56585,"Jesús María",Colonia
México,Ixtapaluca,56585,"La Esperanza",Colonia
México,Ixtapaluca,56585,"Los Héroes","Unidad habitacional"
México,Ixtapaluca,56585,"Plutarco Elias Calles",Colonia
México,Ixtapaluca,56585,"Rosa de San Francisco","Unidad habitacional"
México,Ixtapaluca,56586,"Geovillas Jesús María",Fraccionamiento
México,Ixtapaluca,56586,Tlayehuale,Colonia
México,Ixtapaluca,56587,"Ampliación San Francisco",Colonia
México,Ixtapaluca,56587,"Francisco Santillán (Atzizintla Tres)",Ranchería
México,Ixtapaluca,56587,"Los Hornos",Colonia
México,Ixtapaluca,56587,"Mirador de San Francisco",Colonia
México,Ixtapaluca,56587,"San Francisco (Las Joyas)",Ejido
México,Ixtapaluca,56587,"San Francisco Acuautla",Pueblo
México,Ixtapaluca,56588,"Ampliación Tejalpa",Colonia
México,Ixtapaluca,56588,"Ejido la Virgen",Colonia
México,Ixtapaluca,56588,"El Carmen",Colonia
México,Ixtapaluca,56588,"El Patronato del Maguey (Santa Rosa)",Ejido
México,Ixtapaluca,56588,"El Pozo del Venado",Ejido
México,Ixtapaluca,56588,"Juan Antonio Soberanes",Colonia
México,Ixtapaluca,56588,"Julio Chávez López (UPREZ)",Colonia
México,Ixtapaluca,56588,"Linderos de Ixtapaluca (El Tablón)",Ejido
México,Ixtapaluca,56588,"Puente del Tablón",Ejido
México,Ixtapaluca,56588,"Puente el Mezquite",Ejido
México,Ixtapaluca,56588,Tejalpa,Colonia
México,Ixtapaluca,56588,"Xalpa (Camino de los Alcanfores)",Ejido
México,Ixtapaluca,56589,"Ampliación Zoquiapan",Colonia
México,Ixtapaluca,56589,"Bezana Canutillo",Colonia
México,Ixtapaluca,56589,"Camino a Mina Milagro (El Potrero)",Colonia
México,Ixtapaluca,56589,"Camino Mina Rosita",Colonia
México,Ixtapaluca,56589,"Cuatro Vientos",Fraccionamiento
México,Ixtapaluca,56589,"Hornos de Zoquiapan",Colonia
México,Ixtapaluca,56589,"Huertas de Canutillo",Pueblo
México,Ixtapaluca,56589,"Jorge Jiménez Cantú",Colonia
México,Ixtapaluca,56589,"La Cañada",Colonia
México,Ixtapaluca,56589,"Margarita Moran",Colonia
México,Ixtapaluca,56589,"San Jerónimo Cuatro Vientos",Colonia
México,Ixtapaluca,56589,Teponaxtle,Colonia
México,Ixtapaluca,56590,"El Guarda",Ranchería
México,Ixtapaluca,56590,"Llano Grande (Rancho Viejo)",Colonia
México,Ixtapaluca,56590,"Río Frío de Juárez",Pueblo
México,Ixtapaluca,56599,"El Campamento (Las Cocinas)",Ejido
México,Ixtapaluca,56599,"El Corazón",Colonia
México,Ixtapaluca,56599,"El Cuarenta",Ranchería
México,Ixtapaluca,56599,"El Treinta y Nueve (Dos Jagüeyes)",Ejido
México,Ixtapaluca,56599,"El Treinta y Siete (Kilómetro 19)",Ejido
México,Ixtapaluca,56599,"General Manuel Avila Camacho",Pueblo
México,Ixtapaluca,56599,"Loma Ancha",Ranchería
México,Ixtapaluca,56599,"Los Cedros",Ejido
México,Ixtapaluca,56599,"San Isidro",Ranchería
México,"Ixtapan de la Sal",51900,"Ixtapan de la Sal",Pueblo
México,"Ixtapan de la Sal",51904,"San Pedro",Colonia
México,"Ixtapan de la Sal",51904,"Santa Ana",Barrio
México,"Ixtapan de la Sal",51905,"10 de Agosto",Colonia
México,"Ixtapan de la Sal",51905,Revolución,Colonia
México,"Ixtapan de la Sal",51905,"Santa Catarina",Colonia
México,"Ixtapan de la Sal",51906,"3 de Mayo",Colonia
México,"Ixtapan de la Sal",51906,"5 de Febrero",Colonia
México,"Ixtapan de la Sal",51906,INFONAVIT,"Unidad habitacional"
México,"Ixtapan de la Sal",51906,"Los Cedros",Colonia
México,"Ixtapan de la Sal",51907,Bugambilias,Fraccionamiento
México,"Ixtapan de la Sal",51907,Ixtapita,Colonia
México,"Ixtapan de la Sal",51907,"San Gaspar",Barrio
México,"Ixtapan de la Sal",51910,"El Abrojo",Pueblo
México,"Ixtapan de la Sal",51915,Juárez,Colonia
México,"Ixtapan de la Sal",51915,"Los Naranjos",Pueblo
México,"Ixtapan de la Sal",51915,"Santa Ana Xochuca",Pueblo
México,"Ixtapan de la Sal",51916,Ahuacatitlán,Pueblo
México,"Ixtapan de la Sal",51916,"El Rincón de Dios Yerbas Buenas",Ranchería
México,"Ixtapan de la Sal",51916,"La Falda",Ranchería
México,"Ixtapan de la Sal",51916,"Plan de San Miguel",Pueblo
México,"Ixtapan de la Sal",51916,"San José del Arenal",Pueblo
México,"Ixtapan de la Sal",51916,"San Miguel Laderas",Pueblo
México,"Ixtapan de la Sal",51916,"Yerbas Buenas",Pueblo
México,"Ixtapan de la Sal",51917,"El Progreso",Colonia
México,"Ixtapan de la Sal",51917,"Llano de la Unión",Pueblo
México,"Ixtapan de la Sal",51917,"Llano de San Diego",Ranchería
México,"Ixtapan de la Sal",51917,"Palo Blanco",Colonia
México,"Ixtapan de la Sal",51917,"San Diego Alcalá",Ranchería
México,"Ixtapan de la Sal",51920,"El Colorín",Ranchería
México,"Ixtapan de la Sal",51920,"Portezuelos Uno (San Andrés)",Ranchería
México,"Ixtapan de la Sal",51920,"San Pedro Tlacochaca",Ranchería
México,"Ixtapan de la Sal",51920,Tlacochaca,Pueblo
México,"Ixtapan de la Sal",51923,"Portezuelos Dos",Ranchería
México,"Ixtapan de la Sal",51923,Yautepec,Pueblo
México,"Ixtapan de la Sal",51924,"El Salitre",Pueblo
México,"Ixtapan de la Sal",51924,Ixtamil,Fraccionamiento
México,"Ixtapan de la Sal",51924,"San Diego",Ranchería
México,"Ixtapan de la Sal",51930,Malinaltenango,Pueblo
México,"Ixtapan de la Sal",51933,"El Arenal de las Ollas",Ranchería
México,"Ixtapan de la Sal",51933,"El Refugio",Ranchería
México,"Ixtapan de la Sal",51933,"Puerta Grande",Pueblo
México,"Ixtapan de la Sal",51933,"San Alejo",Pueblo
México,"Ixtapan de la Sal",51933,"San Pedro Tecomatepec",Pueblo
México,"Ixtapan de la Sal",51936,Coaxusco,Pueblo
México,"Ixtapan de la Sal",51937,"Mesón Nuevo",Pueblo
México,"Ixtapan del Oro",51070,"Ixtapan del Oro",Pueblo
México,"Ixtapan del Oro",51070,"Miahuatlán de Hidalgo",Pueblo
México,"Ixtapan del Oro",51070,"San Martín Ocoxochitepec",Pueblo
México,"Ixtapan del Oro",51074,"San Miguel Ixtapan",Pueblo
México,"Ixtapan del Oro",51080,"El Chilar",Ranchería
México,"Ixtapan del Oro",51083,"La Puerta",Ranchería
México,"Ixtapan del Oro",51089,Ayalita,Ranchería
México,"Ixtapan del Oro",51089,"San Telmo","Poblado comunal"
México,"Ixtapan del Oro",51089,"Santa Cruz Viejo",Pueblo
México,"Ixtapan del Oro",51090,Tutuapan,Ranchería
México,"Ixtapan del Oro",51098,"La Calera",Pueblo
México,"Ixtapan del Oro",51099,Milpillas,Pueblo
México,Ixtlahuaca,50740,"Ixtlahuaca de Rayón Centro",Pueblo
México,Ixtlahuaca,50740,"La Concepción de los Baños",Ejido
México,Ixtlahuaca,50740,Magisterial,Fraccionamiento
México,Ixtlahuaca,50740,Profedixi,Fraccionamiento
México,Ixtlahuaca,50740,"Profedixi II",Colonia
México,Ixtlahuaca,50740,"San Francisco",Colonia
México,Ixtlahuaca,50740,"San Francisco de Asís",Colonia
México,Ixtlahuaca,50740,Sedue,Colonia
México,Ixtlahuaca,50743,"Los Reyes",Fraccionamiento
México,Ixtlahuaca,50744,ISSEMYM,Fraccionamiento
México,Ixtlahuaca,50744,"Número 5",Colonia
México,Ixtlahuaca,50744,"Químico José Donaciano y Mier",Fraccionamiento
México,Ixtlahuaca,50750,"20 de Noviembre",Ejido
México,Ixtlahuaca,50750,"Jalpa de Dolores",Ranchería
México,Ixtlahuaca,50750,"Jalpa de los Baños",Pueblo
México,Ixtlahuaca,50750,"San Antonio de los Remedios",Pueblo
México,Ixtlahuaca,50753,Cuauhtémoc,Colonia
México,Ixtlahuaca,50753,"Guadalupe del Río",Colonia
México,Ixtlahuaca,50753,"San Francisco del Río",Ranchería
México,Ixtlahuaca,50754,Atotonilco,Ejido
México,Ixtlahuaca,50754,"La Concepción de Baños",Pueblo
México,Ixtlahuaca,50754,"La Concepción de los Baños Primero",Ejido
México,Ixtlahuaca,50754,"San Cristóbal de los Baños",Pueblo
México,Ixtlahuaca,50755,"Casa Blanca",Barrio
México,Ixtlahuaca,50755,"San Pedro de los Baños",Pueblo
México,Ixtlahuaca,50760,"San Ignacio del Pedregal",Pueblo
México,Ixtlahuaca,50760,"San Isidro Boxipe",Pueblo
México,Ixtlahuaca,50760,"Santa Ana Ixtlahuaca","Poblado comunal"
México,Ixtlahuaca,50760,"Santa Ana la Ladera 4",Pueblo
México,Ixtlahuaca,50764,Shira,Barrio
México,Ixtlahuaca,50770,"Dolores Enyege",Pueblo
México,Ixtlahuaca,50770,"El Rincón de los Perales",Ranchería
México,Ixtlahuaca,50770,"Emiliano Zapata",Ranchería
México,Ixtlahuaca,50770,"La Bandera",Barrio
México,Ixtlahuaca,50770,"La Concepción Enyege",Pueblo
México,Ixtlahuaca,50770,"La Guadalupana (El Sauco)",Pueblo
México,Ixtlahuaca,50770,"San Andrés del Pedregal",Pueblo
México,Ixtlahuaca,50770,"San Juan de las Manzanas",Pueblo
México,Ixtlahuaca,50770,"San Miguel Enyege",Pueblo
México,Ixtlahuaca,50773,"El Tecomate",Barrio
México,Ixtlahuaca,50773,"Guadalupe Cachi",Pueblo
México,Ixtlahuaca,50773,"San José del Río",Ranchería
México,Ixtlahuaca,50773,"San Mateo Ixtlahuaca",Pueblo
México,Ixtlahuaca,50773,"San Pablo de los Remedios",Pueblo
México,Ixtlahuaca,50773,"San Pedro",Barrio
México,Ixtlahuaca,50773,"Santo Domingo de Guzmán",Pueblo
México,Ixtlahuaca,50774,"Francisco I Madero",Colonia
México,Ixtlahuaca,50774,Huereje,Ejido
México,Ixtlahuaca,50774,"Ignacio Zaragoza",Colonia
México,Ixtlahuaca,50774,"Las Trojes",Barrio
México,Ixtlahuaca,50774,"Luis Donaldo Colosio",Colonia
México,Ixtlahuaca,50774,"Número 9",Colonia
México,Ixtlahuaca,50774,"San Bartolo del Llano",Pueblo
México,Ixtlahuaca,50774,"San Bartolo del Llano",Colonia
México,Ixtlahuaca,50774,"San Francisco de Guzmán",Ranchería
México,Ixtlahuaca,50774,"San José Huereje",Ranchería
México,Ixtlahuaca,50774,"Santa María del Llano",Pueblo
México,Ixtlahuaca,50774,"Santo Domingo Huereje",Barrio
México,Ixtlahuaca,50775,"San Miguel el Alto (Ranchos Viejos)",Pueblo
México,Ixtlahuaca,50780,"San Francisco",Ranchería
México,Ixtlahuaca,50780,"San Francisco Ixtlahuaca",Pueblo
México,Ixtlahuaca,50780,"San Ildefonso",Pueblo
México,Ixtlahuaca,50780,"San Lorenzo Toxico",Pueblo
México,Ixtlahuaca,50780,"San Lorenzo Toxico Manzana Octava",Ejido
México,Ixtlahuaca,50780,"San Lorenzo Toxico Manzana Séptima",Ejido
México,Ixtlahuaca,50780,"San Lorenzo Toxico Manzana Sexta",Ejido
México,Ixtlahuaca,50783,"Hacienda la Purísima",Fraccionamiento
México,Ixtlahuaca,50783,"La Purísima",Ejido
México,Ixtlahuaca,50783,"San Antonio Bonixi",Pueblo
México,Ixtlahuaca,50783,"San Jerónimo la Cañada",Pueblo
México,Ixtlahuaca,50783,"San Joaquín el Junco",Barrio
México,Ixtlahuaca,50783,"San Joaquín la Cabecera",Barrio
México,Ixtlahuaca,50783,"San Pedro la Cabecera",Pueblo
México,Ixtlahuaca,50785,"San Jerónimo Ixtapantongo",Pueblo
México,Ixtlahuaca,50785,"San Jerónimo Ixtlapantongo",Ejido
México,Jaltenco,55780,"San Andrés Jaltenco",Pueblo
México,Jaltenco,55780,"San Martín",Barrio
México,Jaltenco,55783,"Alborada Jaltenco CTM XI","Unidad habitacional"
México,Jaltenco,55783,"Bahías de Jaltenco",Colonia
México,Jaltenco,55783,"Privadas del Sol",Fraccionamiento
México,Jaltenco,55783,"Pro Vivienda",Colonia
México,Jaltenco,55784,"La Lagunilla",Barrio
México,Jilotepec,54240,"Jilotepec de Molina Enríquez",Pueblo
México,Jilotepec,54246,"Magisterio Estatal","Unidad habitacional"
México,Jilotepec,54246,"Vista Hermosa","Poblado comunal"
México,Jilotepec,54250,"Ojo de Agua",Ranchería
México,Jilotepec,54250,"San Pablo Huantepec",Pueblo
México,Jilotepec,54253,"Coscomate del Progreso",Pueblo
México,Jilotepec,54253,Denjhi,Ranchería
México,Jilotepec,54253,"Dexcani Alto",Pueblo
México,Jilotepec,54253,"Dexcani Bajo",Ranchería
México,Jilotepec,54253,"Ejido de Coscomate",Ranchería
México,Jilotepec,54253,"El Huizache",Ranchería
México,Jilotepec,54253,"La Manzanilla",Ranchería
México,Jilotepec,54253,"La Merced",Colonia
México,Jilotepec,54254,"Danxho (Presa)",Ranchería
México,Jilotepec,54254,Doxhicho,Pueblo
México,Jilotepec,54254,"Ejido de Jilotepec",Ranchería
México,Jilotepec,54255,"Ejido de Octeyuco",Ranchería
México,Jilotepec,54255,"El Bárrete",Ranchería
México,Jilotepec,54255,"El Durazno de Cuauhtémoc",Pueblo
México,Jilotepec,54255,"El Magueyal",Ranchería
México,Jilotepec,54255,"Las Manzanas",Pueblo
México,Jilotepec,54255,Magueycitos,Ranchería
México,Jilotepec,54255,"Octeyuco 2000",Ranchería
México,Jilotepec,54255,"San Lorenzo Octeyuco",Pueblo
México,Jilotepec,54255,Xhimojay,Pueblo
México,Jilotepec,54256,"Agua Escondida",Pueblo
México,Jilotepec,54256,"Las Huertas",Pueblo
México,Jilotepec,54256,"Sta. Martha de la Cruz",Ranchería
México,Jilotepec,54256,Xhixhata,Pueblo
México,Jilotepec,54257,"Cruz de Dendho",Ranchería
México,Jilotepec,54257,"El Xhitey",Ranchería
México,Jilotepec,54257,"Javier Barrios",Colonia
México,Jilotepec,54260,Buenavista,Pueblo
México,Jilotepec,54260,Canalejas,Pueblo
México,Jilotepec,54263,Aldama,Pueblo
México,Jilotepec,54263,"El Rincon",Pueblo
México,Jilotepec,54263,"La Huaracha","Poblado comunal"
México,Jilotepec,54263,"Llano Grande",Ranchería
México,Jilotepec,54263,Teupan,Ranchería
México,Jilotepec,54264,"El Majuay",Pueblo
México,Jilotepec,54264,"El Saltillo",Pueblo
México,Jilotepec,54265,Calpulalpan,Pueblo
México,Jilotepec,54265,"La Comunidad",Pueblo
México,Jilotepec,54265,"San Vicente",Ranchería
México,Jilotepec,54270,"San Martín",Pueblo
México,Jilotepec,54270,"San Miguel de La Victoria",Pueblo
México,Jilotepec,54270,Tecolapan,Ranchería
México,Jilotepec,54273,"Dedeni Dolores",Ranchería
México,Jilotepec,54273,"El Rosal",Pueblo
México,Jilotepec,54273,"La Maqueda",Ranchería
México,Jilotepec,54273,Mataxhi,Ranchería
México,Jilotepec,54273,"San Ignacio",Pueblo
México,Jilotepec,54273,"San Lorenzo Nenamicoyan",Pueblo
México,Jilotepec,54274,"San Juan Acazuchitlán",Pueblo
México,Jilotepec,54275,"Durazno de Guerrero",Pueblo
México,Jilotepec,54275,"Emiliano Zapata",Pueblo
México,Jilotepec,54275,"Santiago Oxthoc",Pueblo
México,Jilotepec,54276,"Ejido de Acazuchitlan",Ranchería
México,Jilotzingo,54570,Endonica,Barrio
México,Jilotzingo,54570,Ensido,Barrio
México,Jilotzingo,54570,"Espíritu Santo",Pueblo
México,Jilotzingo,54570,"La Cuesta",Barrio
México,Jilotzingo,54570,Monfi,Barrio
México,Jilotzingo,54570,"San Luis Ayucan",Pueblo
México,Jilotzingo,54570,"Santa Ana Jilotzingo",Pueblo
México,Jilotzingo,54570,"Santa María Mazatla",Pueblo
México,Jilotzingo,54571,"San Miguel Tecpan",Pueblo
México,Jilotzingo,54573,Doditay,Ranchería
México,Jilotzingo,54573,Quishiguada,Ranchería
México,Jilotzingo,54574,"Las Manzanas",Ranchería
México,Jilotzingo,54575,Dangú,Pueblo
México,Jiquipilco,50800,Jiquipilco,Pueblo
México,Jiquipilco,50810,"Las Palomitas (Puerto Jiquipilli)","Poblado comunal"
México,Jiquipilco,50810,"Manzana Primera la Capilla",Ranchería
México,Jiquipilco,50810,"Manzana Primera Parte Alta","Poblado comunal"
México,Jiquipilco,50810,"Manzana Segunda",Ranchería
México,Jiquipilco,50810,"Manzana Tercera (Bodo)",Ranchería
México,Jiquipilco,50810,"Manzana Tercera Juashi","Poblado comunal"
México,Jiquipilco,50810,"Manzana Tercera Panthé",Ranchería
México,Jiquipilco,50810,"Manzana Tercera Parte Baja","Poblado comunal"
México,Jiquipilco,50813,"Loma de Endotzi (Manzana Sexta)",Pueblo
México,Jiquipilco,50813,"Manzana Quinta (La Cañada)",Ranchería
México,Jiquipilco,50813,"Manzana Sexta Parte Alta","Poblado comunal"
México,Jiquipilco,50813,"Manzana Sexta Parte Baja","Poblado comunal"
México,Jiquipilco,50813,"Manzana Sexta Parte Centro",Ranchería
México,Jiquipilco,50814,Buenavista,"Poblado comunal"
México,Jiquipilco,50814,"El Jaral Tierra (Montón)",Ranchería
México,Jiquipilco,50815,"Loma del Madroño",Pueblo
México,Jiquipilco,50815,Portezuelo,Pueblo
México,Jiquipilco,50816,"Manzana  Cuarta",Ranchería
México,Jiquipilco,50816,"San Isidro",Ranchería
México,Jiquipilco,50816,"Santa Isabel",Ejido
México,Jiquipilco,50820,"Las Golondrinas","Poblado comunal"
México,Jiquipilco,50820,"Llano Grande (Planta Piloto)",Ejido
México,Jiquipilco,50820,Mañi,Ejido
México,Jiquipilco,50820,Moxteje,Ejido
México,Jiquipilco,50820,"Santa María Nativitas el Colector",Ejido
México,Jiquipilco,50823,"Tierra Blanca",Ranchería
México,Jiquipilco,50824,"Los Quiroz",Ranchería
México,Jiquipilco,50824,"San Martín Morelos",Pueblo
México,Jiquipilco,50825,"El Santuario del Señor del Cerrito","Poblado comunal"
México,Jiquipilco,50825,"La Pastora","Poblado comunal"
México,Jiquipilco,50825,"Pie del Cerro","Poblado comunal"
México,Jiquipilco,50825,"San Miguel Yuxtepec",Pueblo
México,Jiquipilco,50825,"Sección el Cerrito",Ranchería
México,Jiquipilco,50826,"La Purísima",Colonia
México,Jiquipilco,50830,"Buenos Aires",Pueblo
México,Jiquipilco,50830,"Loma del Astillero",Pueblo
México,Jiquipilco,50830,"Manzana Cuarta de Santa Cruz Tepexpan",Pueblo
México,Jiquipilco,50830,"Manzana Segunda de Santa Cruz Tepexpan","Poblado comunal"
México,Jiquipilco,50830,"Manzana Tercera de Santa Cruz Tepexpan",Ranchería
México,Jiquipilco,50830,"Santa Cruz Tepexpan","Poblado comunal"
México,Jiquipilco,50833,Bóximo,Ranchería
México,Jiquipilco,50833,"San Francisco el Alto",Ranchería
México,Jiquipilco,50833,"San José del Sitio",Pueblo
México,Jiquipilco,50834,Alegre,Ranchería
México,Jiquipilco,50835,"Dolores Amarillas",Ejido
México,Jiquipilco,50836,"Hacienda Nixini","Poblado comunal"
México,Jiquipilco,50836,"San Antonio Nixini",Pueblo
México,Jiquipilco,50840,"Loma de San Felipe",Pueblo
México,Jiquipilco,50840,"Loma del Sitio","Poblado comunal"
México,Jiquipilco,50840,"Loma Vicente Guerrero",Pueblo
México,Jiquipilco,50840,"Los Ortiz","Poblado comunal"
México,Jiquipilco,50840,"Mañi (Ex-hacienda de Mañi)",Ranchería
México,Jiquipilco,50840,Moxteje,Pueblo
México,Jiquipilco,50840,"Santa María Nativitas",Pueblo
México,Jiquipilco,50843,"La Nopalera",Ranchería
México,Jiquipilco,50843,"Loma de San Pedro","Poblado comunal"
México,Jiquipilco,50843,"Loma Hermosa",Ranchería
México,Jiquipilco,50843,"San Felipe Santiago",Pueblo
México,Jiquipilco,50844,"De Sila",Pueblo
México,Jiquipilco,50844,Morelos,Colonia
México,Jiquipilco,50844,"Primero Buenos Aires",Ranchería
México,Jiquipilco,50844,"San Bartolo Oxtotitlán",Pueblo
México,Jiquipilco,50845,"Emiliano Zapata",Ranchería
México,Jiquipilco,50845,"Loma de Malacota",Pueblo
México,Jiquipilco,50845,"Santa Lucía",Ranchería
México,Jiquipilco,50846,"Benito Juárez San Felipe Santiago",Barrio
México,Jiquipilco,50846,"Manzana Quinta de San Bartolo Oxtotitlán",Ranchería
México,Jiquipilco,50847,Colorado,Pueblo
México,Jiquipilco,50847,"El Rincón Loma de Hidalgo","Poblado comunal"
México,Jiquipilco,50847,"Flores Magón",Colonia
México,Jiquipilco,50847,"Loma de Hidalgo",Pueblo
México,Jiquipilco,50847,"Loma de Hidalgo Colonia Benito Juárez","Poblado comunal"
México,Jiquipilco,50847,"Loma de Hidalgo Manzana Cuarta","Poblado comunal"
México,Jiquipilco,50847,"Manzana Tercera Loma de Hidalgo","Poblado comunal"
México,Jiquipilco,50848,"Palo Gacho","Poblado comunal"
México,Jiquipilco,50848,"Santa María Nativitas",Ejido
México,Jocotitlán,50700,Jocotitlán,Pueblo
México,Jocotitlán,50700,"San Agustín",Barrio
México,Jocotitlán,50700,"San Juan",Barrio
México,Jocotitlán,50700,"Santo Domingo",Barrio
México,Jocotitlán,50710,"Concepción Caro",Pueblo
México,Jocotitlán,50710,"San Andrés",Barrio
México,Jocotitlán,50710,"San Miguel Tenochtitlán",Pueblo
México,Jocotitlán,50713,"Santa María Citendeje",Pueblo
México,Jocotitlán,50714,"La Presa",Pueblo
México,Jocotitlán,50714,"Los Martínez",Barrio
México,Jocotitlán,50714,"San Isidro",Pueblo
México,Jocotitlán,50715,"Barrio Santa Cruz Chico",Barrio
México,Jocotitlán,50715,"San Juan Cuajomulco",Pueblo
México,Jocotitlán,50715,"San Marcos Cuajomulco",Pueblo
México,Jocotitlán,50716,"San Juan Cuajomulco",Colonia
México,Jocotitlán,50717,Alcibar,Hacienda
México,Jocotitlán,50717,Chimeje,Pueblo
México,Jocotitlán,50717,"Santiago Casandeje",Pueblo
México,Jocotitlán,50720,"San José Boqui",Pueblo
México,Jocotitlán,50724,Boyecha,Barrio
México,Jocotitlán,50724,"El Lindero",Barrio
México,Jocotitlán,50724,Endavaci,Barrio
México,Jocotitlán,50724,Huemetla,Pueblo
México,Jocotitlán,50724,"La Luz",Barrio
México,Jocotitlán,50724,"Las Fuentes Yeche",Ranchería
México,Jocotitlán,50724,"Santiago Yeche",Pueblo
México,Jocotitlán,50724,Tula,Barrio
México,Jocotitlán,50726,"15 de Agosto",Barrio
México,Jocotitlán,50726,Cheje,Ejido
México,Jocotitlán,50726,"Los Reyes San Dimas",Ejido
México,Jocotitlán,50726,Providencia,Ejido
México,Jocotitlán,50726,"San Francisco Cheje",Pueblo
México,Jocotitlán,50726,"San Pascual Meje",Pueblo
México,Jocotitlán,50726,Tiacaque,Pueblo
México,Jocotitlán,50727,"La Providencia",Pueblo
México,Jocotitlán,50727,"Los Reyes",Pueblo
México,Jocotitlán,50733,"Del Progreso",Barrio
México,Jocotitlán,50733,"Enguindo San Isidro",Barrio
México,Jocotitlán,50733,"La Soledad",Barrio
México,Jocotitlán,50733,"La Unión",Barrio
México,Jocotitlán,50733,"Los Javieres",Barrio
México,Jocotitlán,50733,"Santa Elena",Barrio
México,Jocotitlán,50734,Guadalupe,Barrio
México,Jocotitlán,50734,"Las Ánimas Villeje",Pueblo
México,Jocotitlán,50734,Legorreta,Ranchería
México,Jocotitlán,50734,Pasteje,"Zona industrial"
México,Jocotitlán,50734,"San Jacinto",Barrio
México,Jocotitlán,50734,"San Joaquín",Barrio
México,Jocotitlán,50734,"Santa Clara",Barrio
México,Jocotitlán,50735,Buenavista,Barrio
México,Jocotitlán,50735,"San José Nativitas",Pueblo
México,Jocotitlán,50736,"Ex-Hacienda San José Villeje",Ranchería
México,Jocotitlán,50736,"La Era",Barrio
México,Jocotitlán,50736,"La Manga",Pueblo
México,Jocotitlán,50736,"La Tenería",Barrio
México,Jocotitlán,50736,Mavoro,Pueblo
México,Jocotitlán,50736,"Ojo de Agua",Pueblo
México,Jocotitlán,50736,"Santa Mónica Caspu",Pueblo
México,Jocotitlán,50736,Siffari,Pueblo
México,Jocotitlán,50736,Zacualpan,Pueblo
México,Jocotitlán,50737,"El Ruso",Barrio
México,Jocotitlán,50737,"La Loma",Barrio
México,Jocotitlán,50737,"La Venta",Pueblo
México,Jocotitlán,50737,"Santa María Endare",Pueblo
México,Joquicingo,52370,"Cuarto Barrio",Barrio
México,Joquicingo,52370,Joquicingo,Pueblo
México,Joquicingo,52370,"Segundo Barrio",Barrio
México,Joquicingo,52370,"Tercer Barrio",Barrio
México,Joquicingo,52374,"Maxtleca de Galeana",Pueblo
México,Joquicingo,52376,"El Ojo de Agua",Ranchería
México,Joquicingo,52380,"San Miguel de Ocampo",Pueblo
México,Joquicingo,52384,"San Pedro Techuchulco",Pueblo
México,Joquicingo,52387,"Techuchulco de Allende",Pueblo
México,Joquicingo,52390,"El Guarda de Guerrero (San José el Guarda)",Pueblo
México,Juchitepec,56860,Calayuco,Barrio
México,Juchitepec,56860,Cuautzozongo,Barrio
México,Juchitepec,56860,Juchi,Barrio
México,Juchitepec,56864,"La Rosita",Colonia
México,Juchitepec,56864,"San Matías Cuijingo",Pueblo
México,Juchitepec,56865,"San Pedro",Barrio
México,Juchitepec,56866,"El Madroño",Barrio
México,Juchitepec,56867,"Santa Rosa de Lima",Barrio
México,"La Paz",56400,"Ampliación Los Reyes",Colonia
México,"La Paz",56400,"Jardín de Los Reyes",Colonia
México,"La Paz",56400,"Los Reyes Acaquilpan Centro",Pueblo
México,"La Paz",56410,"Ancón de los Reyes",Colonia
México,"La Paz",56410,"Rincón de Los Reyes",Colonia
México,"La Paz",56420,Floresta,Fraccionamiento
México,"La Paz",56420,"Valle de los Pinos",Colonia
México,"La Paz",56428,Tepozanes,"Unidad habitacional"
México,"La Paz",56429,"Unidad Floresta","Unidad habitacional"
México,"La Paz",56430,"Valle de los Reyes",Colonia
México,"La Paz",56440,"Magdalena de Los Reyes",Colonia
México,"La Paz",56490,"Emiliano Zapata",Colonia
México,"La Paz",56490,"Las Torres III","Unidad habitacional"
México,"La Paz",56495,"Loma Encantada",Colonia
México,"La Paz",56495,"Villas del Sol","Unidad habitacional"
México,"La Paz",56500,"Ampliación Tecamachalco",Colonia
México,"La Paz",56500,"San Salvador Tecamachalco",Pueblo
México,"La Paz",56505,"2 de Marzo",Fraccionamiento
México,"La Paz",56507,"Ejidal El Pino",Colonia
México,"La Paz",56508,"Bosques de la Magdalena",Colonia
México,"La Paz",56508,"La Joyita",Colonia
México,"La Paz",56509,"Conjunto la Paz","Conjunto habitaciona"
México,"La Paz",56509,Ferrocarril,"Unidad habitacional"
México,"La Paz",56509,Jalpa,Colonia
México,"La Paz",56509,"Las Cruces","Unidad habitacional"
México,"La Paz",56509,Parcelas,Colonia
México,"La Paz",56509,"Villas de la Paz","Conjunto habitaciona"
México,"La Paz",56510,"Profr. Carlos Hank González",Colonia
México,"La Paz",56512,"Lomas de San Sebastián",Colonia
México,"La Paz",56512,"San José Las Palmas",Colonia
México,"La Paz",56512,Tepapatlalco,Colonia
México,"La Paz",56513,"Ampliación Dr. Jorge Jiménez Cantú",Colonia
México,"La Paz",56514,"Ampliación Magdalena",Colonia
México,"La Paz",56514,"Bosques de la Magdalena (U.P.R.E.Z.)","Unidad habitacional"
México,"La Paz",56514,"Las Rosas",Colonia
México,"La Paz",56514,"Lomas de Altavista",Colonia
México,"La Paz",56514,"Lomas de Atlipac",Colonia
México,"La Paz",56514,"Paso de Minas",Colonia
México,"La Paz",56514,Techachaltitla,Colonia
México,"La Paz",56514,Tecontlapexco,Colonia
México,"La Paz",56515,"Dr. Jorge Jiménez Cantú",Colonia
México,"La Paz",56516,"20 de Mayo",Colonia
México,"La Paz",56516,"Ampliación Mariel",Colonia
México,"La Paz",56516,"Ex Hacienda San Isidro",Fraccionamiento
México,"La Paz",56516,Libertad,Colonia
México,"La Paz",56516,"Lomas de San Isidro 1ra Sección",Colonia
México,"La Paz",56516,"Lomas de San Isidro 2da Sección",Colonia
México,"La Paz",56516,"Lomas de San Isidro 3ra Sección",Colonia
México,"La Paz",56516,"Lomas de San Isidro El Pino",Colonia
México,"La Paz",56516,Mariel,Colonia
México,"La Paz",56516,Primavera,Colonia
México,"La Paz",56516,"Reyes 1",Colonia
México,"La Paz",56516,"Reyes 2",Colonia
México,"La Paz",56516,"San Isidro","Zona industrial"
México,"La Paz",56516,"San Isidro (Casas Verdes)","Unidad habitacional"
México,"La Paz",56516,Tecomatlán,Colonia
México,"La Paz",56516,"Villas de San Isidro",Colonia
México,"La Paz",56520,"Ampliación San Sebastián",Colonia
México,"La Paz",56520,Presidentes,Colonia
México,"La Paz",56520,Salitrería,Colonia
México,"La Paz",56520,"San Sebastián Chimalpa",Pueblo
México,"La Paz",56524,C.E.A.S.,Colonia
México,"La Paz",56524,"Cuchilla de la Ancón",Colonia
México,"La Paz",56524,"El Salado",Colonia
México,"La Paz",56524,"Ricardo Flores Magón",Colonia
México,"La Paz",56525,"La Magdalena Atlicpac",Pueblo
México,"La Paz",56525,Magisterial,"Unidad habitacional"
México,"La Paz",56526,Alamedas,Colonia
México,"La Paz",56527,"Ampliación Arenal",Colonia
México,"La Paz",56527,Anáhuac,"Unidad habitacional"
México,"La Paz",56527,Arenal,Colonia
México,"La Paz",56528,"Adolfo López Mateos",Colonia
México,"La Paz",56528,Ahuaxtla,Colonia
México,"La Paz",56528,"Unidad Anáhuac Tepetates","Unidad habitacional"
México,"La Paz",56529,"La Cerca",Colonia
México,"La Paz",56529,Tlazala,Colonia
México,Lerma,52000,"Lerma de Villada Centro",Pueblo
México,Lerma,52004,Auris,"Unidad habitacional"
México,Lerma,52004,Cideco,"Unidad habitacional"
México,Lerma,52004,"Corredor Industrial Toluca Lerma","Zona industrial"
México,Lerma,52004,"Ejidal Emiliano Zapata",Colonia
México,Lerma,52004,"El Porvenir ll",Colonia
México,Lerma,52004,"Guadalupe la Ciénega",Colonia
México,Lerma,52004,INFONAVIT,Fraccionamiento
México,Lerma,52004,"Isidro Fabela",Colonia
México,Lerma,52004,"La Bomba",Colonia
México,Lerma,52004,"La Mota",Colonia
México,Lerma,52004,"Los Cedros 400",Fraccionamiento
México,Lerma,52004,"Nueva Ameyalco",Colonia
México,Lerma,52004,"Parque industrial Cerrillo I","Zona industrial"
México,Lerma,52004,"Parque industrial Cerrillo II","Zona industrial"
México,Lerma,52004,"San Isidro",Colonia
México,Lerma,52004,"Santa Clara",Fraccionamiento
México,Lerma,52004,"Valle de Lerma",Fraccionamiento
México,Lerma,52005,Amomolulco,Pueblo
México,Lerma,52005,"Club de Golf los Encinos",Fraccionamiento
México,Lerma,52005,"El Panteón",Colonia
México,Lerma,52005,"Los Olivos",Fraccionamiento
México,Lerma,52005,"Residencial Tirés",Fraccionamiento
México,Lerma,52005,"Rincón de los Encinos",Fraccionamiento
México,Lerma,52005,"San José el Llanito",Pueblo
México,Lerma,52005,"Valle de Encinos",Fraccionamiento
México,Lerma,52006,"Adolfo López Mateos",Colonia
México,Lerma,52006,"El Calvario la Merced",Colonia
México,Lerma,52006,"El Pocito",Colonia
México,Lerma,52006,"La Estación",Colonia
México,Lerma,52010,"Álvaro Obregón",Colonia
México,Lerma,52010,"La Loma",Colonia
México,Lerma,52010,"San Nicolás Peralta",Pueblo
México,Lerma,52010,"San Pablo",Colonia
México,Lerma,52020,"Casa Blanca (Tierras Nuevas)",Colonia
México,Lerma,52020,"El Espino Peralta",Pueblo
México,Lerma,52020,"San Lorenzo Huitzizilapan",Ejido
México,Lerma,52030,"Alfredo del Mazo",Colonia
México,Lerma,52030,"San Pedro Tultepec",Pueblo
México,Lerma,52030,"Santa Cruz Tultepec",Pueblo
México,Lerma,52040,"Cristo Rey",Colonia
México,Lerma,52040,"La Joya",Colonia
México,Lerma,52040,"La Montoya",Ranchería
México,Lerma,52040,"Ojo de Agua",Colonia
México,Lerma,52040,"San Miguel Ameyalco",Ejido
México,Lerma,52040,"San Miguel Ameyalco",Pueblo
México,Lerma,52043,"Ocotal Analco",Pueblo
México,Lerma,52043,"Santiago Analco",Pueblo
México,Lerma,52044,"Las Águilas",Colonia
México,Lerma,52044,"San Mateo Atarasquillo",Pueblo
México,Lerma,52044,"Santa María Atarasquillo",Pueblo
México,Lerma,52045,"Cañada de Alférez",Pueblo
México,Lerma,52045,"Llano Capacho",Pueblo
México,Lerma,52045,Salazar,Pueblo
México,Lerma,52046,Chignahuapa,Colonia
México,Lerma,52046,"Santa Cruz Chignahuapan",Pueblo
México,Lerma,52047,"Agrícola Analco",Pueblo
México,Lerma,52047,Cucuhapan,Colonia
México,Lerma,52047,"La Manga ( La Laguna )",Ranchería
México,Lerma,52050,"Adolfo López Mateos",Pueblo
México,Lerma,52050,"Dolores (Ranchería Dolores)",Colonia
México,Lerma,52050,"El Jilguero",Colonia
México,Lerma,52050,Endexhe,Pueblo
México,Lerma,52050,"Guadalupe Victoria (La Capilla)",Pueblo
México,Lerma,52050,"La Concepción Xochicuautla",Pueblo
México,Lerma,52050,"Metate Viejo",Pueblo
México,Lerma,52050,"San Agustín Huitzizilapan",Pueblo
México,Lerma,52050,"San Lorenzo Huitzitzilapan",Pueblo
México,Lerma,52050,"San Pedro Huitzizilapan",Pueblo
México,Lerma,52050,"Santa Catarina",Pueblo
México,Lerma,52050,"Santa Cruz Huitzizilapan",Ranchería
México,Lerma,52050,"Santa María Tlalmimilolpan",Pueblo
México,Lerma,52050,"Zacamulpa Huitzizilapan (San Isidro)",Pueblo
México,Lerma,52050,"Zacamulpa Tlalmimilolpan",Pueblo
México,Lerma,52054,Buenavista,Colonia
México,Lerma,52054,"La Joya",Colonia
México,Lerma,52054,"San Francisco Xochicuautla",Pueblo
México,Lerma,52055,"Barranca Grande",Pueblo
México,Lerma,52055,"Pueblo Nuevo Tlalmimilolpan",Pueblo
México,Lerma,52055,"Reforma Tlalmimilolpan",Colonia
México,Lerma,52059,"La Lupita ( Casas Viejas )",Pueblo
México,Lerma,52059,"La Unidad Huitzizilapan",Pueblo
México,Lerma,52059,"Las Mesas Huitzizilapan",Pueblo
México,Lerma,52059,"Las Rajas Huitzizilapan ( San Martín )",Pueblo
México,Luvianos,51440,"El Progreso de Luvianos",Colonia
México,Luvianos,51440,"Niños Héroes",Colonia
México,Luvianos,51442,"Arroyo Seco",Ranchería
México,Luvianos,51442,"Cerro del Venado",Pueblo
México,Luvianos,51442,"Cuadrilla de Benitez",Pueblo
México,Luvianos,51442,"El Ojo de Agua",Ranchería
México,Luvianos,51442,"Rincón de Vargas",Ranchería
México,Luvianos,51442,"Toma de Agua",Ranchería
México,Luvianos,51442,"Trojes Rancho",Ranchería
México,Luvianos,51443,Calaveras,Ranchería
México,Luvianos,51443,Capire,Ranchería
México,Luvianos,51443,Corcobado,Ranchería
México,Luvianos,51443,"El Estanco",Colonia
México,Luvianos,51443,"El Pie de la Loma",Ranchería
México,Luvianos,51443,"El Totopo",Ranchería
México,Luvianos,51443,Jaquinicuil,Ranchería
México,Luvianos,51443,"Las Cañitas",Ranchería
México,Luvianos,51443,"Las Chivas",Ranchería
México,Luvianos,51443,"Los Manguitos",Ranchería
México,Luvianos,51443,"Los Pinzanes",Ranchería
México,Luvianos,51443,"Puerto del Salitre",Ranchería
México,Luvianos,51443,Suárez,Ranchería
México,Luvianos,51445,"Cerro de la Culebra",Ranchería
México,Luvianos,51445,"Paso de la Arena",Ranchería
México,Luvianos,51445,"Rincón de Alambre",Ranchería
México,Luvianos,51445,"Rincón de San Sebastián",Ranchería
México,Luvianos,51445,"San Antonio",Colonia
México,Luvianos,51446,"Caja de Agua",Colonia
México,Luvianos,51446,"Cerro de Castelanes",Pueblo
México,Luvianos,51446,"Cerro del Agua",Ranchería
México,Luvianos,51446,"El Pueblito",Ranchería
México,Luvianos,51446,"Iglesia Vieja",Pueblo
México,Luvianos,51446,"Rincón de San Lucas",Ranchería
México,Luvianos,51453,"El Copalito",Ranchería
México,Luvianos,51453,"El Naranjito",Pueblo
México,Luvianos,51453,"El Puerto de la Sosa",Ranchería
México,Luvianos,51453,"El Reparo",Pueblo
México,Luvianos,51453,"El Rincón de Cagalaguas",Ranchería
México,Luvianos,51453,Hormigueros,Pueblo
México,Luvianos,51453,"Las Lajas",Ranchería
México,Luvianos,51453,"Las Palmas",Ranchería
México,Luvianos,51453,"Los Arrayanes Verdes",Ranchería
México,Luvianos,51453,"Los Bancos",Ranchería
México,Luvianos,51453,"Los Ocotes",Ranchería
México,Luvianos,51453,"Los Piñones",Ranchería
México,Luvianos,51453,"Los Terreros",Ranchería
México,Luvianos,51453,"Plan de Chihuahua",Ranchería
México,Luvianos,51453,"Puerto de los Duraznos",Ranchería
México,Luvianos,51453,"Rincón de Arrayanes",Ranchería
México,Luvianos,51454,Aguacatillo,Ranchería
México,Luvianos,51454,"Cañadas de Nanchititla",Colonia
México,Luvianos,51454,Carrizal,Ranchería
México,Luvianos,51454,Colcomeca,Ranchería
México,Luvianos,51454,"El Capire",Pueblo
México,Luvianos,51454,"El Guayabo",Ranchería
México,Luvianos,51454,"El Tequezquite",Ranchería
México,Luvianos,51454,"La Laguna",Ranchería
México,Luvianos,51454,"La Palma Cuata",Ranchería
México,Luvianos,51454,"Las Paredes",Ranchería
México,Luvianos,51454,"Los Bancos",Ranchería
México,Luvianos,51454,"Los Tejocotes",Ranchería
México,Luvianos,51454,"Majada de los Encinos",Ranchería
México,Luvianos,51454,"Mesa de Gallos",Ranchería
México,Luvianos,51454,"Monte Verde",Ranchería
México,Luvianos,51454,"Palo Verde",Ranchería
México,Luvianos,51454,"Palos Prietos",Ranchería
México,Luvianos,51454,"Peña Calva",Ranchería
México,Luvianos,51454,"Potrero Grande",Pueblo
México,Luvianos,51454,"Rincón de Martines",Ranchería
México,Luvianos,51455,"El Cirare",Ranchería
México,Luvianos,51455,"El Sáuz",Pueblo
México,Luvianos,51455,"La Canoa",Ranchería
México,Luvianos,51455,"Las Parotas",Ranchería
México,Luvianos,51455,"Los Arrayanes",Ranchería
México,Luvianos,51455,"Los Llanitos",Ranchería
México,Luvianos,51455,"Los Tequereques",Ranchería
México,Luvianos,51455,"Mesa de los Caballos",Ranchería
México,Luvianos,51455,"Ojo de Agua",Pueblo
México,Luvianos,51455,"Palo Gordo",Ranchería
México,Luvianos,51455,"Sesteadero de Abajo",Ranchería
México,Luvianos,51455,"Sesteadero de Arriba",Ranchería
México,Luvianos,51455,Solosuchil,Ranchería
México,Luvianos,51456,Cacahuananche,Ranchería
México,Luvianos,51456,"Caja de Agua",Pueblo
México,Luvianos,51456,Calabazos,Ranchería
México,Luvianos,51456,"El Carrizal",Ranchería
México,Luvianos,51456,"El Cerro",Ranchería
México,Luvianos,51456,"El Limón",Pueblo
México,Luvianos,51456,"El Plátano",Ranchería
México,Luvianos,51456,"El Pueblito",Pueblo
México,Luvianos,51456,"El Rodeo",Ranchería
México,Luvianos,51456,"La Angostura Dos",Ranchería
México,Luvianos,51456,"La Angostura Uno",Ranchería
México,Luvianos,51456,"La Arboleda",Ranchería
México,Luvianos,51456,"La Camelina",Ranchería
México,Luvianos,51456,"La Mesa del Potrero Chiquito",Ranchería
México,Luvianos,51456,"La Toma",Ranchería
México,Luvianos,51456,"Las Anonas",Ranchería
México,Luvianos,51456,"Los Pericones",Ranchería
México,Luvianos,51456,"Mesa de Nietos",Pueblo
México,Luvianos,51456,"Playa el Guayabo",Ranchería
México,Luvianos,51456,Salitrillo,Ranchería
México,Luvianos,51456,Sanguijuelas,Ranchería
México,Luvianos,51456,Tremesinos,Ranchería
México,Luvianos,51457,Cuachinola,Ranchería
México,Luvianos,51457,"El Huizache",Ranchería
México,Luvianos,51457,"El Naranjo",Pueblo
México,Luvianos,51457,"El Tanque",Ranchería
México,Luvianos,51457,"La Estancia",Colonia
México,Luvianos,51457,"Las Lajitas",Ranchería
México,Luvianos,51457,"Las Piñas",Ranchería
México,Luvianos,51457,"Los Arrayanes",Ranchería
México,Luvianos,51457,"Los Pinzanes",Pueblo
México,Luvianos,51457,"Ojo de Agua",Ranchería
México,Luvianos,51457,"Piedra Colorada",Ranchería
México,Luvianos,51457,"Puerto de los Terreros",Ranchería
México,Luvianos,51457,"Puerto de los Zacatones",Ranchería
México,Luvianos,51457,"Rincón de González",Ranchería
México,Luvianos,51457,Sesteadero,Ranchería
México,Luvianos,51458,Avellaneda,Ranchería
México,Luvianos,51458,Cuahuilotes,Ranchería
México,Luvianos,51458,"El Barro",Ranchería
México,Luvianos,51458,"El Manguito",Ranchería
México,Luvianos,51458,Jocoleche,Ranchería
México,Luvianos,51458,"Las Garzas (Potrerillos)",Ranchería
México,Luvianos,51458,"Las Juntas",Colonia
México,Luvianos,51458,Lechuguillas,Ranchería
México,Luvianos,51458,"Los Curindales",Ranchería
México,Luvianos,51458,Navarrete,Ranchería
México,Luvianos,51459,"El Cascalote",Ranchería
México,Luvianos,51459,"El Ranchito",Ranchería
México,Luvianos,51459,"El Salto de San Jerónimo",Ranchería
México,Luvianos,51459,"Gabazos (El Bagaso)",Ranchería
México,Luvianos,51459,"Las Trojas",Ranchería
México,Luvianos,51462,Carbajales,Ranchería
México,Luvianos,51462,"Corral Nuevo",Ranchería
México,Luvianos,51462,"Cruz de Piedra",Ranchería
México,Luvianos,51462,"El Capire de Acatitlán",Ranchería
México,Luvianos,51462,"El Limón",Pueblo
México,Luvianos,51462,"El Mamey Acatitlán",Pueblo
México,Luvianos,51462,"El Mango",Ranchería
México,Luvianos,51462,"El Salitre Estancia Grande","Poblado comunal"
México,Luvianos,51462,Jalpan,Ranchería
México,Luvianos,51462,Jocoal,Ranchería
México,Luvianos,51462,"La Mesa",Ranchería
México,Luvianos,51462,"La Palma",Pueblo
México,Luvianos,51462,"La Unidad (los Ciruelos)",Ranchería
México,Luvianos,51462,"Rancho Viejo",Pueblo
México,Luvianos,51462,"Rincón de Rodríguez",Colonia
México,Luvianos,51462,"Santa Cruz",Ranchería
México,Luvianos,51463,Alborejo,Ranchería
México,Luvianos,51463,"Corral de Barro",Ranchería
México,Luvianos,51463,"Cuadrilla de Sanchéz",Pueblo
México,Luvianos,51463,"El Aguacate",Ranchería
México,Luvianos,51463,"El Naranjo Primero",Ranchería
México,Luvianos,51463,Hilamache,Pueblo
México,Luvianos,51463,"Puerta de Golpe",Ranchería
México,Luvianos,51463,"Puerto del Higo",Ranchería
México,Luvianos,51463,"Rincón del Hilamache",Ranchería
México,Luvianos,51463,"Rincón del Naranjo la Presa",Ranchería
México,Luvianos,51463,"Salitre del Puente",Pueblo
México,Luvianos,51463,"San Juan Acatitlán",Colonia
México,Luvianos,51463,"Tres Encinos",Ranchería
México,Luvianos,51464,Hermiltepec,Colonia
México,Luvianos,51464,"Puerto el Capulín",Ranchería
México,Luvianos,51464,"San José Estancia Grande",Ranchería
México,Luvianos,51464,"Santa Rosa",Ranchería
México,Luvianos,51464,"Santa Rosa Hermiltepec",Pueblo
México,Luvianos,51465,"El Crusillo",Ranchería
México,Luvianos,51465,"El Manguito",Ranchería
México,Luvianos,51465,"El Rincón Piedra Grande",Ranchería
México,Luvianos,51465,"La Candelaria",Ranchería
México,Luvianos,51465,"La Minita",Ranchería
México,Luvianos,51465,"La Yerbabuena",Ranchería
México,Luvianos,51465,Magadan,Ranchería
México,Luvianos,51465,"Mesa de los Espinos",Ranchería
México,Luvianos,51465,"Paso de Agua",Pueblo
México,Luvianos,51465,"Piedra Grande",Pueblo
México,Luvianos,51465,"Salitre Piedra Grande",Pueblo
México,Luvianos,51465,"San Simón",Pueblo
México,Luvianos,51466,"El Jaguey",Ranchería
México,Luvianos,51466,"El Tecuan",Ranchería
México,Luvianos,51466,"La Chaqueta",Ranchería
México,Luvianos,51466,"La Laguna",Ranchería
México,Luvianos,51466,"Potrero de Palmarillos",Ranchería
México,Luvianos,51467,Buenavista,Ranchería
México,Luvianos,51467,"El Brasil",Ranchería
México,Luvianos,51467,"El Potrero",Pueblo
México,Luvianos,51467,"El Pueblito",Pueblo
México,Luvianos,51467,"La Parota",Ranchería
México,Luvianos,51467,"Los Bancos",Ranchería
México,Luvianos,51467,"Los Pozos",Ranchería
México,Luvianos,51467,"Mesa del Capulín",Ranchería
México,Luvianos,51467,Pedernales,Ranchería
México,Luvianos,51467,Pungarancho,Pueblo
México,Luvianos,51467,"San Nicolás",Ranchería
México,Luvianos,51467,Vallecitos,Pueblo
México,Luvianos,51468,"Agua Colorada",Ranchería
México,Luvianos,51468,Arrayán,Ranchería
México,Luvianos,51468,"Cañada del Campanario",Ranchería
México,Luvianos,51468,Chirimoya,Ranchería
México,Luvianos,51468,Ciprianes,Pueblo
México,Luvianos,51468,"Cruz de Clavos",Pueblo
México,Luvianos,51468,"El Campanario",Pueblo
México,Luvianos,51468,"El Cirian de Hermiltepec",Pueblo
México,Luvianos,51468,"El Granjen",Ranchería
México,Luvianos,51468,Huiztepec,Ranchería
México,Luvianos,51468,"Rincón de Ciprianes",Ranchería
México,Luvianos,51468,"Rincón de Cruz de Clavos",Ranchería
México,Malinalco,52440,"Campos San Martín",Ranchería
México,Malinalco,52440,Malinalco,Pueblo
México,Malinalco,52440,"San Juan",Colonia
México,Malinalco,52440,"Santa Mónica",Barrio
México,Malinalco,52443,"Jesús María",Ranchería
México,Malinalco,52443,"San Nicolás",Pueblo
México,Malinalco,52443,"San Sebástian",Ranchería
México,Malinalco,52444,"San Simón el Alto",Pueblo
México,Malinalco,52460,Chalma,Pueblo
México,Malinalco,52460,"San Isidro",Ranchería
México,Malinalco,52460,Tepolula,Ranchería
México,Malinalco,52463,"El Zapote",Ranchería
México,Malinalco,52463,Pachuquilla,Pueblo
México,Malinalco,52463,"Palmar de Guadalupe",Pueblo
México,Malinalco,52464,"El Puentecito",Pueblo
México,Malinalco,52464,"La Ladrillera",Pueblo
México,Malinalco,52464,"La Loma",Ranchería
México,Malinalco,52464,"Puente Caporal",Pueblo
México,Malinalco,52465,"Amate Amarillo",Pueblo
México,Malinalco,52465,Jalmolonga,Pueblo
México,Malinalco,52465,"La Huerta",Ranchería
México,Malinalco,52465,"La Loma del Coporo",Ranchería
México,Malinalco,52466,"La Joya Redonda",Ranchería
México,Malinalco,52466,"Monte Grande",Pueblo
México,Malinalco,52467,"Palo Dulce",Ranchería
México,Malinalco,52467,"Planta Alameda",Pueblo
México,Malinalco,52467,Tepehuajes,Ranchería
México,Malinalco,52470,"Noxtepec de Zaragoza",Pueblo
México,Malinalco,52470,"Santa María Xoquiac",Pueblo
México,Malinalco,52473,"Chichicasco el Viejo",Ranchería
México,Malinalco,52473,"El Platanar",Pueblo
México,Malinalco,52473,"San Pedro Chichicasco",Pueblo
México,Malinalco,52476,Juárez,Colonia
México,Malinalco,52477,Aldama,Pueblo
México,Malinalco,52477,"Emiliano Zapata",Ranchería
México,Malinalco,52477,"Guadalupe Victoria",Ranchería
México,Malinalco,52477,Hidalgo,Colonia
México,Malinalco,52477,"La Angostura",Ranchería
México,Malinalco,52477,"San Andrés Nicolás Bravo",Pueblo
México,"Melchor Ocampo",54880,"Melchor Ocampo Centro",Colonia
México,"Melchor Ocampo",54882,"El Mirador",Colonia
México,"Melchor Ocampo",54882,"San Francisco Tenopalco",Pueblo
México,"Melchor Ocampo",54882,"San Isidro",Pueblo
México,"Melchor Ocampo",54883,Educación,Colonia
México,"Melchor Ocampo",54883,"San Antonio",Pueblo
México,"Melchor Ocampo",54883,"Virgen de Guadalupe",Pueblo
México,"Melchor Ocampo",54884,"De los Milagros",Pueblo
México,"Melchor Ocampo",54884,Tepetongo,Colonia
México,"Melchor Ocampo",54884,Xancopinca,Colonia
México,"Melchor Ocampo",54890,"Los Álamos",Fraccionamiento
México,"Melchor Ocampo",54890,Visitación,Pueblo
México,"Melchor Ocampo",54893,"2 de Septiembre",Colonia
México,"Melchor Ocampo",54893,Bicentenario,Colonia
México,"Melchor Ocampo",54893,Cañaditas,Colonia
México,"Melchor Ocampo",54893,"La Cañada",Colonia
México,"Melchor Ocampo",54893,"Lomas de Tenapalco",Colonia
México,"Melchor Ocampo",54893,Revolución,Colonia
México,"Melchor Ocampo",54893,Xoquimiquía,Colonia
México,"Melchor Ocampo",54894,"La Florida",Colonia
México,"Melchor Ocampo",54894,"Los Álamos II",Fraccionamiento
México,"Melchor Ocampo",54895,"El Tejado",Ejido
México,"Melchor Ocampo",54895,"Villa María",Ejido
México,Metepec,52140,"Casa del Pedregal",Fraccionamiento
México,Metepec,52140,Citlalli,Residencial
México,Metepec,52140,Coaxustenco,Barrio
México,Metepec,52140,"El Campanario",Condominio
México,Metepec,52140,"Espíritu Santo",Barrio
México,Metepec,52140,Guerrero,Condominio
México,Metepec,52140,"La Herradura III",Fraccionamiento
México,Metepec,52140,"La Parroquia",Fraccionamiento
México,Metepec,52140,"Los Morillos",Fraccionamiento
México,Metepec,52140,"Los Santos",Condominio
México,Metepec,52140,"Los Sauces",Condominio
México,Metepec,52140,"Los Sauces II",Condominio
México,Metepec,52140,Maple,Residencial
México,Metepec,52140,Mayorazgo,"Unidad habitacional"
México,Metepec,52140,"Metepec Centro",Colonia
México,Metepec,52140,"Puerta de Hierro",Condominio
México,Metepec,52140,"Quintas las Manzanas",Residencial
México,Metepec,52140,"Residencial Campestre Metepec",Fraccionamiento
México,Metepec,52140,"Rincón Viejo",Fraccionamiento
México,Metepec,52140,"San Agustín",Residencial
México,Metepec,52140,"San Lorenzo Coacalco",Pueblo
México,Metepec,52140,"San Mateo",Barrio
México,Metepec,52140,"San Miguel",Barrio
México,Metepec,52140,"Santa Cruz",Barrio
México,Metepec,52140,"Santa Teresa",Fraccionamiento
México,Metepec,52140,Santiaguito,Barrio
México,Metepec,52140,"Urbano Bonanza","Conjunto habitaciona"
México,Metepec,52140,"Villa Romana",Residencial
México,Metepec,52140,"Villas Amozoc",Fraccionamiento
México,Metepec,52140,"Villas del Sol",Condominio
México,Metepec,52143,"La Asunción",Residencial
México,Metepec,52143,"San Miguel Totocuitlapilco",Pueblo
México,Metepec,52144,"Agrícola Álvaro Obregón",Colonia
México,Metepec,52144,"Residencial Foresta",Fraccionamiento
México,Metepec,52145,"San Lucas Tunco",Pueblo
México,Metepec,52146,"San Sebastián",Pueblo
México,Metepec,52147,"San Gaspar Tlahuelilpan",Pueblo
México,Metepec,52148,"Hacienda San Antonio",Fraccionamiento
México,Metepec,52148,"Lázaro Cárdenas",Colonia
México,Metepec,52148,"Llano Grande",Colonia
México,Metepec,52149,"Andrés Molina Enríquez","Unidad habitacional"
México,Metepec,52149,"La Virgen",Fraccionamiento
México,Metepec,52149,"Las Mitras",Condominio
México,Metepec,52149,"Lomas de San Isidro",Condominio
México,Metepec,52149,"Los Álamos",Fraccionamiento
México,Metepec,52149,"Los Robles",Condominio
México,Metepec,52149,"Los Vitrales",Condominio
México,Metepec,52149,Magdalena,Condominio
México,Metepec,52149,Magnolias,Fraccionamiento
México,Metepec,52149,"Paseo San Isidro 400",Fraccionamiento
México,Metepec,52149,"Rinconada de San Isidro",Fraccionamiento
México,Metepec,52149,"San Agustín I",Residencial
México,Metepec,52149,"San Isidro Residencial",Fraccionamiento
México,Metepec,52149,"San José La Pilita",Colonia
México,Metepec,52149,"Tecnológico Regional de Toluca","Gran usuario"
México,Metepec,52149,"Valle del Cristal",Condominio
México,Metepec,52149,"Villas Dante",Fraccionamiento
México,Metepec,52150,Balmoral,Residencial
México,Metepec,52150,"Casa Magna",Colonia
México,Metepec,52150,"Casa Real",Fraccionamiento
México,Metepec,52150,"Chapultepec I",Fraccionamiento
México,Metepec,52150,"El Castaño",Residencial
México,Metepec,52150,"El Manantial",Fraccionamiento
México,Metepec,52150,"Herradura I",Condominio
México,Metepec,52150,"La Antigua",Condominio
México,Metepec,52150,"La Joya",Condominio
México,Metepec,52150,"Loma Real",Condominio
México,Metepec,52150,"Misión Viejo",Fraccionamiento
México,Metepec,52150,"Residencial Alborada",Fraccionamiento
México,Metepec,52150,"San Ángel",Condominio
México,Metepec,52150,Solar,Condominio
México,Metepec,52150,"Villa Dorada",Fraccionamiento
México,Metepec,52150,"Villas Esperanza",Fraccionamiento
México,Metepec,52150,"Villas II Residencial",Fraccionamiento
México,Metepec,52150,"Villas III",Fraccionamiento
México,Metepec,52150,"Villas Kent Secc Sauces",Fraccionamiento
México,Metepec,52154,"Arboledas I",Condominio
México,Metepec,52154,Estefanía,Condominio
México,Metepec,52154,"Los Cedros",Fraccionamiento
México,Metepec,52154,"Real de Arcos",Condominio
México,Metepec,52155,"Las Águilas",Condominio
México,Metepec,52155,"Los Girasoles",Fraccionamiento
México,Metepec,52155,"Virreyes Residencial",Fraccionamiento
México,Metepec,52156,"El Hipico",Colonia
México,Metepec,52156,"El Portón I, II, III",Condominio
México,Metepec,52156,"Ex-Hacienda de Purísima",Colonia
México,Metepec,52156,Hípico,Residencial
México,Metepec,52156,"Villas Metepec",Residencial
México,Metepec,52157,"El Rodeo",Colonia
México,Metepec,52157,"Las Haciendas",Fraccionamiento
México,Metepec,52158,"Los Fresnos",Condominio
México,Metepec,52158,"Plazuelas de San Francisco I",Residencial
México,Metepec,52158,"Rincón de San Gabriel",Condominio
México,Metepec,52158,"Rinconada San Carlos",Fraccionamiento
México,Metepec,52158,"San Francisco Coaxusco",Pueblo
México,Metepec,52158,"San Marino",Fraccionamiento
México,Metepec,52159,"Country Club",Residencial
México,Metepec,52159,Fortanet,Fraccionamiento
México,Metepec,52159,"La Joya",Fraccionamiento
México,Metepec,52159,"San Carlos",Fraccionamiento
México,Metepec,52159,"San Gabriel",Condominio
México,Metepec,52160,"Las Jaras",Colonia
México,Metepec,52160,"San Bartolomé Tlaltelulco",Pueblo
México,Metepec,52161,"Santa María Magdalena Ocotitlán",Pueblo
México,Metepec,52163,"Oficina Federal de Hacienda","Gran usuario"
México,Metepec,52164,"Casa del Valle",Fraccionamiento
México,Metepec,52164,"Residencial Las Palmas",Fraccionamiento
México,Metepec,52164,"San Jorge Pueblo Nuevo",Pueblo
México,Metepec,52164,Unión,Colonia
México,Metepec,52165,"Agripín García Estrada","Unidad habitacional"
México,Metepec,52165,"Las Margaritas",Fraccionamiento
México,Metepec,52165,"Santa Cruz Ocotitlán",Barrio
México,Metepec,52166,"Dr. Jorge Jiménez Cantú",Colonia
México,Metepec,52166,"La Michoacana",Colonia
México,Metepec,52166,"Luisa Isabel Campos de Jiménez Cantú",Colonia
México,Metepec,52167,"Bosques San Juan",Condominio
México,Metepec,52167,"El Ciprés",Condominio
México,Metepec,52167,Estoril,Condominio
México,Metepec,52167,"Isidro Fabela",Residencial
México,Metepec,52167,"Jesús Jiménez Gallardo",Fraccionamiento
México,Metepec,52167,"Juan Fernández Albarrán",Condominio
México,Metepec,52167,"Residencial Las Américas",Fraccionamiento
México,Metepec,52167,"Villas San Gregorio",Condominio
México,Metepec,52168,Municipal,Colonia
México,Metepec,52168,"Solidaridad Electricistas",Residencial
México,Metepec,52168,"Villas Alteza",Fraccionamiento
México,Metepec,52169,"El Nogal",Condominio
México,Metepec,52169,Electricistas,Colonia
México,Metepec,52169,"Juan Fernández Albarrán",Fraccionamiento
México,Metepec,52169,"Las Glorias",Condominio
México,Metepec,52169,Purísima,Colonia
México,Metepec,52169,"Real de San Javier",Fraccionamiento
México,Metepec,52169,"Valle de San Javier",Condominio
México,Metepec,52169,Xinantécatl,Fraccionamiento
México,Metepec,52170,"El Carmen",Condominio
México,Metepec,52170,"La Noria",Fraccionamiento
México,Metepec,52170,"Los Arboles I",Condominio
México,Metepec,52170,"Los Arboles II",Condominio
México,Metepec,52170,"Real de San Jerónimo",Fraccionamiento
México,Metepec,52170,"Real San José",Condominio
México,Metepec,52170,"San Jerónimo",Residencial
México,Metepec,52170,"San Jerónimo",Condominio
México,Metepec,52170,"San Jerónimo Chicahualco",Pueblo
México,Metepec,52172,"Agrícola Francisco I. Madero",Colonia
México,Metepec,52172,Alsacia,Residencial
México,Metepec,52172,Altavista,Fraccionamiento
México,Metepec,52172,Aquitania,Condominio
México,Metepec,52172,"Árbol de la Vida",Colonia
México,Metepec,52172,Azaleas,Condominio
México,Metepec,52172,"Azaleas I y II",Condominio
México,Metepec,52172,Bellavista,Colonia
México,Metepec,52172,Country,Residencial
México,Metepec,52172,"El Pirul",Condominio
México,Metepec,52172,"El Pueblito",Condominio
México,Metepec,52172,"Esperanza López Mateos","Unidad habitacional"
México,Metepec,52172,Estrella,Condominio
México,Metepec,52172,"Explanada del Parque",Fraccionamiento
México,Metepec,52172,Galápagos,Condominio
México,Metepec,52172,"Hábitat Metepec",Condominio
México,Metepec,52172,"Haciendas de Guadalupe",Fraccionamiento
México,Metepec,52172,"ISSEMYM la Providencia",Condominio
México,Metepec,52172,"La Asunción",Fraccionamiento
México,Metepec,52172,"La Capilla",Condominio
México,Metepec,52172,Lorena,Fraccionamiento
México,Metepec,52172,"Los Cisnes",Condominio
México,Metepec,52172,"Los Sauces",Condominio
México,Metepec,52172,Normandía,Residencial
México,Metepec,52172,"Palma Real",Fraccionamiento
México,Metepec,52172,"Quintas de San Jerónimo",Residencial
México,Metepec,52172,"Rancho San Lucas",Fraccionamiento
México,Metepec,52172,"Real de Azaleas I",Condominio
México,Metepec,52172,"Real de Azaleas III",Fraccionamiento
México,Metepec,52172,"Rinconada la Concordia",Fraccionamiento
México,Metepec,52172,"Rinconada Mexicana",Residencial
México,Metepec,52172,"San Antonio",Condominio
México,Metepec,52172,"San Luis",Residencial
México,Metepec,52172,"San Miguel",Condominio
México,Metepec,52172,"San Salvador",Residencial
México,Metepec,52172,"San Salvador Tizatlalli",Pueblo
México,Metepec,52172,"Santa Cecilia",Condominio
México,Metepec,52172,"Santa Elena",Residencial
México,Metepec,52172,"Santa María Regla",Fraccionamiento
México,Metepec,52172,"Santa Rita",Condominio
México,Metepec,52172,"Santa Teresa",Residencial
México,Metepec,52172,"Sur de La Hacienda",Condominio
México,Metepec,52172,Tizatlalli,Residencial
México,Metepec,52172,"Villa los Arrayanes I",Condominio
México,Metepec,52172,"Villa los Arrayanes II",Condominio
México,Metepec,52172,"Villas Kent Sección el Nevado",Residencial
México,Metepec,52172,"Villas Kent Sección Guadalupe",Residencial
México,Metepec,52175,"Casa Blanca",Residencial
México,Metepec,52175,"Casa Blanca",Colonia
México,Metepec,52175,"La Campesina",Colonia
México,Metepec,52175,"Los Arcos",Condominio
México,Metepec,52175,Renacimiento,Condominio
México,Metepec,52176,"Bosques de Metepec",Colonia
México,Metepec,52176,"Izcalli Cuauhtémoc I",Fraccionamiento
México,Metepec,52176,"Izcalli Cuauhtémoc II",Fraccionamiento
México,Metepec,52176,"Izcalli Cuauhtémoc III",Fraccionamiento
México,Metepec,52176,"Izcalli Cuauhtémoc IV",Fraccionamiento
México,Metepec,52176,"Izcalli Cuauhtémoc V",Fraccionamiento
México,Metepec,52176,"Izcalli Cuauhtémoc VI",Fraccionamiento
México,Metepec,52176,"Las Marinas",Fraccionamiento
México,Metepec,52176,"Rancho San Francisco",Fraccionamiento
México,Metepec,52176,"Rincón Colonial",Fraccionamiento
México,Metepec,52176,"San Francisco",Condominio
México,Metepec,52177,"Campestre del Valle",Condominio
México,Metepec,52177,Citlali,Fraccionamiento
México,Metepec,52177,"El Alcázar",Colonia
México,Metepec,52177,"La Hortaliza",Colonia
México,Metepec,52177,"La Providencia",Colonia
México,Metepec,52177,"Lázaro Cárdenas","Unidad habitacional"
México,Metepec,52177,"Rancho la Providencia",Fraccionamiento
México,Metepec,52177,"Residencial La Gavia",Fraccionamiento
México,Metepec,52178,"Campestre del Virrey",Fraccionamiento
México,Metepec,52178,"Las Viandas",Fraccionamiento
México,Metepec,52178,"Villas Campestre de Metepec",Residencial
México,Metepec,52179,"Arboledas II",Condominio
México,Metepec,52179,"Arcos I y II",Condominio
México,Metepec,52179,Diamante,Condominio
México,Metepec,52179,"El Ensueño",Condominio
México,Metepec,52179,INDECO,Colonia
México,Metepec,52179,"Los Pilares",Fraccionamiento
México,Metepec,52179,Pilares,Colonia
México,Metepec,52179,"Tollocan II","Unidad habitacional"
México,Mexicaltzingo,52180,Mexicaltzingo,Pueblo
México,Mexicaltzingo,52182,"San José",Colonia
México,Mexicaltzingo,52182,Tecuanapa,Colonia
México,Mexicaltzingo,52183,Azcapotzalco,Colonia
México,Mexicaltzingo,52183,"El Calvario Tepanuaya",Colonia
México,Mexicaltzingo,52184,Metztli,Colonia
México,Mexicaltzingo,52185,"La Estación",Colonia
México,Mexicaltzingo,52185,"La Loma",Colonia
México,Mexicaltzingo,52185,Mazachulco,Colonia
México,Mexicaltzingo,52185,Tecacaxtitla,Colonia
México,Mexicaltzingo,52186,Bohuantitla,Colonia
México,Mexicaltzingo,52186,"Las Palmas",Colonia
México,Mexicaltzingo,52187,"El Trozo",Colonia
México,Mexicaltzingo,52187,"La Joya",Colonia
México,Mexicaltzingo,52187,Nentambati,Colonia
México,Mexicaltzingo,52189,"San Isidro",Pueblo
México,Morelos,50550,"San Bartolo Morelos",Pueblo
México,Morelos,50554,"Barrio Cuarto",Ranchería
México,Morelos,50559,"Xhinte de Lagos",Ranchería
México,Morelos,50560,"Santa Clara",Pueblo
México,Morelos,50563,Buenavista,Ranchería
México,Morelos,50563,"El Cerrito",Ranchería
México,Morelos,50563,"Los Negritos",Ranchería
México,Morelos,50563,"San Simón",Ranchería
México,Morelos,50563,Shindeje,Ranchería
México,Morelos,50564,"El Tejocote",Ranchería
México,Morelos,50564,"Los Mazatetes",Ranchería
México,Morelos,50564,"San Sebastián Buenos Aires",Pueblo
México,Morelos,50565,"El Bosque",Ranchería
México,Morelos,50565,"El Pescado",Ranchería
México,Morelos,50565,"El Reyno",Ranchería
México,Morelos,50565,"Las Cenizas (Ejido de Santa Clara)",Ranchería
México,Morelos,50565,"Las Pilitas",Ranchería
México,Morelos,50566,"El Madroño",Ranchería
México,Morelos,50566,"El Polvorin",Ranchería
México,Morelos,50566,"La Trampa",Ranchería
México,Morelos,50567,"La Trastumbada",Ranchería
México,Morelos,50567,"Las Tinajas",Ranchería
México,Morelos,50567,"Loma del Panteón",Ranchería
México,Morelos,50567,"San José la Epifania",Congregación
México,Morelos,50570,Tlalpujahuilla,Pueblo
México,Morelos,50573,"De Xicani",Barrio
México,Morelos,50573,"El Zapatito",Ranchería
México,Morelos,50573,Shideje,Ranchería
México,Morelos,50574,"San Lorenzo Malacota",Pueblo
México,Morelos,50580,"La Palma",Ranchería
México,Morelos,50583,Caxboncuac,Pueblo
México,Morelos,50583,"Las Cuevas",Barrio
México,Morelos,50583,"San Gregorio",Pueblo
México,Morelos,50584,Guadalupe,Ranchería
México,Morelos,50584,"San Antonio",Ranchería
México,Morelos,50584,"San Gregorio Macapexco",Pueblo
México,Morelos,50584,Tercero,Barrio
México,Morelos,50585,"San Antonio Trojes",Ejido
México,Morelos,50585,"Santa Cruz",Ejido
México,Morelos,50586,"Chute Chico",Ranchería
México,Morelos,50586,"Chute Grande",Ranchería
México,Morelos,50586,"La Malinche",Ranchería
México,Morelos,50587,"La Cruz (San Simón la Cruz)",Barrio
México,Morelos,50590,"Benito Juárez",Colonia
México,Morelos,50590,"San Marcos Tlazalpan",Pueblo
México,Morelos,50596,"Francisco I. Madero",Colonia
México,Morelos,50596,"La Finca",Ranchería
México,Morelos,50597,Beltran,Ranchería
México,"Naucalpan de Juárez",53000,"San Bartolo Naucalpan (Naucalpan Centro)",Pueblo
México,"Naucalpan de Juárez",53010,"Conjunto San Miguel",Fraccionamiento
México,"Naucalpan de Juárez",53030,"Bosque de los Remedios",Colonia
México,"Naucalpan de Juárez",53040,"Las Américas",Fraccionamiento
México,"Naucalpan de Juárez",53050,"El Mirador",Fraccionamiento
México,"Naucalpan de Juárez",53060,"Loma Taurina",Colonia
México,"Naucalpan de Juárez",53070,"Adolfo López Mateos",Colonia
México,"Naucalpan de Juárez",53070,"Unidad Morelos",Colonia
México,"Naucalpan de Juárez",53100,"Ciudad Satélite",Fraccionamiento
México,"Naucalpan de Juárez",53100,"Club Cuicacalli",Fraccionamiento
México,"Naucalpan de Juárez",53110,Bugambilias,Fraccionamiento
México,"Naucalpan de Juárez",53110,"Fontana Residencial",Fraccionamiento
México,"Naucalpan de Juárez",53110,"Santa Cruz del Monte",Pueblo
México,"Naucalpan de Juárez",53115,"Lomas de Las Fuentes",Fraccionamiento
México,"Naucalpan de Juárez",53116,"La Alteza",Fraccionamiento
México,"Naucalpan de Juárez",53117,"Cristóbal Colón",Fraccionamiento
México,"Naucalpan de Juárez",53117,"El Sauzalito",Fraccionamiento
México,"Naucalpan de Juárez",53119,"Colonial Satélite",Fraccionamiento
México,"Naucalpan de Juárez",53120,"Lomas Verdes (Conjunto Lomas Verdes)",Fraccionamiento
México,"Naucalpan de Juárez",53120,"Lomas Verdes 1a Sección",Fraccionamiento
México,"Naucalpan de Juárez",53124,"Bosque Alto",Colonia
México,"Naucalpan de Juárez",53124,"La Cuspide",Colonia
México,"Naucalpan de Juárez",53124,"Petroquímica Lomas Verdes","Unidad habitacional"
México,"Naucalpan de Juárez",53125,"Lomas Verdes 3a Sección",Fraccionamiento
México,"Naucalpan de Juárez",53125,"Lomas Verdes 4a Sección",Fraccionamiento
México,"Naucalpan de Juárez",53126,"Lomas Verdes 5a Sección (La Concordia)",Fraccionamiento
México,"Naucalpan de Juárez",53126,"Lomas Verdes 6a Sección",Fraccionamiento
México,"Naucalpan de Juárez",53127,"La Alteña I",Fraccionamiento
México,"Naucalpan de Juárez",53127,"La Alteña II",Fraccionamiento
México,"Naucalpan de Juárez",53127,"La Alteña III",Fraccionamiento
México,"Naucalpan de Juárez",53127,"Lomas de Santa Cruz",Fraccionamiento
México,"Naucalpan de Juárez",53128,"Conjunto la Ronda",Colonia
México,"Naucalpan de Juárez",53128,"Residencial Santa Cruz",Fraccionamiento
México,"Naucalpan de Juárez",53129,"Jardines de Satélite",Fraccionamiento
México,"Naucalpan de Juárez",53129,Telefonistas,"Unidad habitacional"
México,"Naucalpan de Juárez",53129,"Unidad Comercial Heliplaza","Zona comercial"
México,"Naucalpan de Juárez",53130,"Jardines de la Florida",Fraccionamiento
México,"Naucalpan de Juárez",53138,"Hacienda de Cristo (Exhacienda de Cristo)",Colonia
México,"Naucalpan de Juárez",53140,"Ampliación Misiones",Fraccionamiento
México,"Naucalpan de Juárez",53140,Boulevares,Fraccionamiento
México,"Naucalpan de Juárez",53140,"Jardines de Boulevares",Fraccionamiento
México,"Naucalpan de Juárez",53140,Misiones,Fraccionamiento
México,"Naucalpan de Juárez",53150,"Santa Cruz Acatlán",Pueblo
México,"Naucalpan de Juárez",53160,"La Florida",Fraccionamiento
México,"Naucalpan de Juárez",53170,"Loma de Cristy",Fraccionamiento
México,"Naucalpan de Juárez",53177,"Rinconada Diligencias",Fraccionamiento
México,"Naucalpan de Juárez",53178,"La Soledad",Fraccionamiento
México,"Naucalpan de Juárez",53179,"Lomas Verdes INFONAVIT","Unidad habitacional"
México,"Naucalpan de Juárez",53200,"La Atalaya",Fraccionamiento
México,"Naucalpan de Juárez",53200,"Lomas de San Mateo",Fraccionamiento
México,"Naucalpan de Juárez",53215,"Casas Viejas (La Era)",Colonia
México,"Naucalpan de Juárez",53215,"La Barranquilla",Fraccionamiento
México,"Naucalpan de Juárez",53215,"La Huerta San Mateo",Fraccionamiento
México,"Naucalpan de Juárez",53216,"Santiago Tepatlaxco",Pueblo
México,"Naucalpan de Juárez",53217,"El Tejocote",Colonia
México,"Naucalpan de Juárez",53217,"El Tejocote 2da. Sección",Colonia
México,"Naucalpan de Juárez",53217,"La Presa (Tejocote)",Colonia
México,"Naucalpan de Juárez",53217,"Santa Rosa",Colonia
México,"Naucalpan de Juárez",53218,"Colinas de San Mateo",Colonia
México,"Naucalpan de Juárez",53218,"Rancho Colorado",Colonia
México,"Naucalpan de Juárez",53219,"Rincón Verde",Colonia
México,"Naucalpan de Juárez",53220,"La Joya I",Fraccionamiento
México,"Naucalpan de Juárez",53220,"La Joya II",Fraccionamiento
México,"Naucalpan de Juárez",53220,"La Joyita",Fraccionamiento
México,"Naucalpan de Juárez",53220,"Real San Mateo",Fraccionamiento
México,"Naucalpan de Juárez",53220,"Rincón de Las Fuentes",Fraccionamiento
México,"Naucalpan de Juárez",53220,"Rinconada de los Parques",Colonia
México,"Naucalpan de Juárez",53220,"San Mateo Nopala",Pueblo
México,"Naucalpan de Juárez",53224,"San Mateo Nopala Zona Norte",Colonia
México,"Naucalpan de Juárez",53227,"Cumbres de San Mateo",Colonia
México,"Naucalpan de Juárez",53227,"Izcalli San Mateo",Fraccionamiento
México,"Naucalpan de Juárez",53227,"Pedregal de San Mateo",Fraccionamiento
México,"Naucalpan de Juárez",53227,"Rinconada San Mateo",Fraccionamiento
México,"Naucalpan de Juárez",53227,"San Mateo Nopala Zona Sur",Colonia
México,"Naucalpan de Juárez",53228,"El Risco",Fraccionamiento
México,"Naucalpan de Juárez",53228,"La Luna (San Mateo Nopala)",Colonia
México,"Naucalpan de Juárez",53228,"Laderas de la Colmena",Fraccionamiento
México,"Naucalpan de Juárez",53228,"Los Emperadores",Fraccionamiento
México,"Naucalpan de Juárez",53228,"Praderas de San Mateo",Colonia
México,"Naucalpan de Juárez",53229,"Agua Buena",Barrio
México,"Naucalpan de Juárez",53229,"Cipreses (Las Julianas)",Barrio
México,"Naucalpan de Juárez",53229,Córdoba,Colonia
México,"Naucalpan de Juárez",53229,"Del Tejocote",Ejido
México,"Naucalpan de Juárez",53229,"El Cobradero",Colonia
México,"Naucalpan de Juárez",53229,"El Cristo",Ejido
México,"Naucalpan de Juárez",53229,"El Puerto",Colonia
México,"Naucalpan de Juárez",53229,"Jardines Ojo de Agua",Colonia
México,"Naucalpan de Juárez",53229,"Juan Gómez",Barrio
México,"Naucalpan de Juárez",53229,"La Cuesta",Colonia
México,"Naucalpan de Juárez",53229,"La Hiedra",Colonia
México,"Naucalpan de Juárez",53229,"La Rosa",Colonia
México,"Naucalpan de Juárez",53229,"Las Ánimas",Colonia
México,"Naucalpan de Juárez",53229,"Las Arenillas",Barrio
México,"Naucalpan de Juárez",53229,"Las Peñitas",Barrio
México,"Naucalpan de Juárez",53229,"Minas el Capulín",Colonia
México,"Naucalpan de Juárez",53229,"Pinos II",Colonia
México,"Naucalpan de Juárez",53229,"Puente de Piedra",Colonia
México,"Naucalpan de Juárez",53229,"Rancho Viejo",Barrio
México,"Naucalpan de Juárez",53229,"San Mateo Nopala",Ejido
México,"Naucalpan de Juárez",53229,Tito,Barrio
México,"Naucalpan de Juárez",53230,"Los Álamos",Fraccionamiento
México,"Naucalpan de Juárez",53237,"Los Fresnos",Fraccionamiento
México,"Naucalpan de Juárez",53239,"Ampliación Los Fresnos",Fraccionamiento
México,"Naucalpan de Juárez",53240,Alcanfores,Fraccionamiento
México,"Naucalpan de Juárez",53240,"Anexo Jardines de San Mateo",Fraccionamiento
México,"Naucalpan de Juárez",53240,"Jardines de San Mateo",Fraccionamiento
México,"Naucalpan de Juárez",53240,"Jardines de San Mateo Sección Colinas",Fraccionamiento
México,"Naucalpan de Juárez",53240,"Prado San Mateo",Fraccionamiento
México,"Naucalpan de Juárez",53240,"Valle de San Mateo",Fraccionamiento
México,"Naucalpan de Juárez",53247,"Lomas de Occipaco",Colonia
México,"Naucalpan de Juárez",53248,"Laderas de San Mateo",Fraccionamiento
México,"Naucalpan de Juárez",53250,"La Palma",Fraccionamiento
México,"Naucalpan de Juárez",53250,"Santiago Occipaco",Pueblo
México,"Naucalpan de Juárez",53260,"México 68",Colonia
México,"Naucalpan de Juárez",53270,"Las Papas",Fraccionamiento
México,"Naucalpan de Juárez",53270,"San Juan Totoltepec",Pueblo
México,"Naucalpan de Juárez",53278,"Izcalli del Bosque",Fraccionamiento
México,"Naucalpan de Juárez",53279,"Bosques de Moctezuma",Colonia
México,"Naucalpan de Juárez",53279,"Tercer Mundo",Colonia
México,"Naucalpan de Juárez",53280,"Ciudad Brisa",Fraccionamiento
México,"Naucalpan de Juárez",53283,"Pedregal de Echegaray",Fraccionamiento
México,"Naucalpan de Juárez",53283,Tiahui,Fraccionamiento
México,"Naucalpan de Juárez",53290,"Balcones de San Mateo",Fraccionamiento
México,"Naucalpan de Juárez",53290,"Vista del Valle Sección Electricistas",Fraccionamiento
México,"Naucalpan de Juárez",53296,"Vista del Valle II, III, IV y IX",Fraccionamiento
México,"Naucalpan de Juárez",53296,"Vista del Valle Sección Bosques",Fraccionamiento
México,"Naucalpan de Juárez",53296,"Xalpa de La Huerta",Fraccionamiento
México,"Naucalpan de Juárez",53297,"Ex-Ejido Santiago Occipaco",Ejido
México,"Naucalpan de Juárez",53297,"Paseos del Bosque",Fraccionamiento
México,"Naucalpan de Juárez",53298,"Cumbres de Himalaya",Colonia
México,"Naucalpan de Juárez",53300,"Colón Echegaray",Fraccionamiento
México,"Naucalpan de Juárez",53300,"Hacienda de Echegaray",Fraccionamiento
México,"Naucalpan de Juárez",53309,"Rincón Echegaray",Fraccionamiento
México,"Naucalpan de Juárez",53310,"Bosque de Echegaray",Fraccionamiento
México,"Naucalpan de Juárez",53310,"Bosque de Echegaray Sección Electricistas",Fraccionamiento
México,"Naucalpan de Juárez",53320,"Diez de Abril",Colonia
México,"Naucalpan de Juárez",53329,"Rivera de Echegaray",Fraccionamiento
México,"Naucalpan de Juárez",53330,"Cervecera Modelo",Colonia
México,"Naucalpan de Juárez",53338,"Conjunto la Huerta",Fraccionamiento
México,"Naucalpan de Juárez",53338,"Santa María Nativitas",Pueblo
México,"Naucalpan de Juárez",53339,"Rincón del Bosque de Echegaray",Fraccionamiento
México,"Naucalpan de Juárez",53340,"La Perla",Fraccionamiento
México,"Naucalpan de Juárez",53340,"Los Pastores",Fraccionamiento
México,"Naucalpan de Juárez",53348,"Industrial La Perla","Zona industrial"
México,"Naucalpan de Juárez",53350,"Rancho Atenco",Colonia
México,"Naucalpan de Juárez",53370,"Industrial Alce Blanco","Zona industrial"
México,"Naucalpan de Juárez",53370,Naucalpan,"Zona industrial"
México,"Naucalpan de Juárez",53378,"Ahuizotla (Santiago Ahuizotla)",Colonia
México,"Naucalpan de Juárez",53390,"Lomas de Sotelo",Fraccionamiento
México,"Naucalpan de Juárez",53398,"El Parque",Fraccionamiento
México,"Naucalpan de Juárez",53400,"Los Remedios",Pueblo
México,"Naucalpan de Juárez",53410,"Ampliación Los Remedios (El Beato)",Colonia
México,"Naucalpan de Juárez",53410,"Padre Figueroa",Colonia
México,"Naucalpan de Juárez",53410,"Unión Popular",Colonia
México,"Naucalpan de Juárez",53420,"Loma Colorada 1ra. Sección",Colonia
México,"Naucalpan de Juárez",53425,"El Corralito",Colonia
México,"Naucalpan de Juárez",53425,"La Universal",Colonia
México,"Naucalpan de Juárez",53426,"Casa Blanca",Colonia
México,"Naucalpan de Juárez",53426,"Cuartos II 1a Sección",Colonia
México,"Naucalpan de Juárez",53426,"Cuartos III",Colonia
México,"Naucalpan de Juárez",53426,"Emiliano Zapata",Colonia
México,"Naucalpan de Juárez",53426,"La Cañada - San Lorenzo Totolinga",Colonia
México,"Naucalpan de Juárez",53426,"La Raquelito",Colonia
México,"Naucalpan de Juárez",53426,"Los Cuartos II",Colonia
México,"Naucalpan de Juárez",53426,"San Lorenzo Totolinga",Pueblo
México,"Naucalpan de Juárez",53426,"San Lorenzo Totolinga 1a Sección",Colonia
México,"Naucalpan de Juárez",53426,"San Lorenzo Totolinga 2a Sección",Colonia
México,"Naucalpan de Juárez",53427,"El Porvenir",Colonia
México,"Naucalpan de Juárez",53427,"Las Caballerizas",Colonia
México,"Naucalpan de Juárez",53427,"Las Huertas 1a Secc",Colonia
México,"Naucalpan de Juárez",53427,"Las Huertas 2a Sección",Colonia
México,"Naucalpan de Juárez",53427,"Las Huertas 3a Sección",Colonia
México,"Naucalpan de Juárez",53427,"Loma Colorada 2da. Sección",Colonia
México,"Naucalpan de Juárez",53427,"Lomas de los Remedios",Colonia
México,"Naucalpan de Juárez",53427,"Luisa Isabel Campos de Jiménez Cantú (Cuartos I)",Colonia
México,"Naucalpan de Juárez",53428,"México 86 (La Chacona)",Colonia
México,"Naucalpan de Juárez",53430,"Los Arcos",Colonia
México,"Naucalpan de Juárez",53430,"Reubicación el Torito",Colonia
México,"Naucalpan de Juárez",53440,"Predio el Zapote",Colonia
México,"Naucalpan de Juárez",53440,"Sierra Nevada",Colonia
México,"Naucalpan de Juárez",53440,"Unión Popular","Unidad habitacional"
México,"Naucalpan de Juárez",53450,"Ciudad de los Niños",Colonia
México,"Naucalpan de Juárez",53458,"Bosque de los Remedios","Unidad habitacional"
México,"Naucalpan de Juárez",53459,"Ampliación Ciudad de los Niños",Colonia
México,"Naucalpan de Juárez",53460,"Barrio el Torito",Colonia
México,"Naucalpan de Juárez",53460,"La Rivera",Colonia
México,"Naucalpan de Juárez",53460,"Los Arcos",Fraccionamiento
México,"Naucalpan de Juárez",53470,"Loma de Canteras (Lomas de Cantera)",Fraccionamiento
México,"Naucalpan de Juárez",53489,"Parque Industrial Naucalpan","Zona industrial"
México,"Naucalpan de Juárez",53490,"La Monera",Colonia
México,"Naucalpan de Juárez",53490,"Las Tinajas (Predio Las Tinajas)",Colonia
México,"Naucalpan de Juárez",53490,"Lomas de San Agustín",Colonia
México,"Naucalpan de Juárez",53490,"Santa Lilia Chamapa",Colonia
México,"Naucalpan de Juárez",53500,"El Conde",Colonia
México,"Naucalpan de Juárez",53500,"San Andrés Atoto",Colonia
México,"Naucalpan de Juárez",53519,"Industrial Atoto","Zona industrial"
México,"Naucalpan de Juárez",53520,"El Olivar",Colonia
México,"Naucalpan de Juárez",53520,"Rosa de Castilla",Colonia
México,"Naucalpan de Juárez",53529,"Industrial Tlatilco","Zona industrial"
México,"Naucalpan de Juárez",53530,"El Molinito",Colonia
México,"Naucalpan de Juárez",53530,"Jardines del Molinito",Fraccionamiento
México,"Naucalpan de Juárez",53530,"Nuevo Molinito",Colonia
México,"Naucalpan de Juárez",53533,"Campo Militar 1",Equipamiento
México,"Naucalpan de Juárez",53550,"Ampliación San Esteban",Colonia
México,"Naucalpan de Juárez",53550,"San Esteban Huitzilacasco",Pueblo
México,"Naucalpan de Juárez",53550,"Unidad San Esteban",Colonia
México,"Naucalpan de Juárez",53560,"Lázaro Cárdenas",Colonia
México,"Naucalpan de Juárez",53569,"San Francisco Cuautlalpan",Pueblo
México,"Naucalpan de Juárez",53570,"La Cañada",Colonia
México,"Naucalpan de Juárez",53570,"Lomas de la Cañada",Colonia
México,"Naucalpan de Juárez",53570,"San Antonio Zomeyucan",Pueblo
México,"Naucalpan de Juárez",53570,"San Antonio Zomeyucan (Zona Urbana)",Colonia
México,"Naucalpan de Juárez",53580,"Ampliación Loma Linda",Colonia
México,"Naucalpan de Juárez",53580,"La Esperanza",Colonia
México,"Naucalpan de Juárez",53580,"Loma Linda",Colonia
México,"Naucalpan de Juárez",53580,"Piedras Negras",Colonia
México,"Naucalpan de Juárez",53580,"Reforma San Luís",Colonia
México,"Naucalpan de Juárez",53580,"San Luís Tlatilco",Pueblo
México,"Naucalpan de Juárez",53598,"Estado de México (El Tambor)",Colonia
México,"Naucalpan de Juárez",53598,Hidalgo,Colonia
México,"Naucalpan de Juárez",53640,"Bosques de Chamapa",Colonia
México,"Naucalpan de Juárez",53640,"Nueva San Rafael",Colonia
México,"Naucalpan de Juárez",53650,Chixtu,Barrio
México,"Naucalpan de Juárez",53650,Cielito,Barrio
México,"Naucalpan de Juárez",53650,Dayu,Barrio
México,"Naucalpan de Juárez",53650,Donity,Barrio
México,"Naucalpan de Juárez",53650,Dudy,Barrio
México,"Naucalpan de Juárez",53650,"La Cañada de Boche",Barrio
México,"Naucalpan de Juárez",53650,"La Mora",Colonia
México,"Naucalpan de Juárez",53650,Mojonera,Barrio
México,"Naucalpan de Juárez",53650,"San Francisco Chimalpa",Pueblo
México,"Naucalpan de Juárez",53650,"Upeny de Gora",Barrio
México,"Naucalpan de Juárez",53650,Yongua,Barrio
México,"Naucalpan de Juárez",53653,Boxisda,Barrio
México,"Naucalpan de Juárez",53653,Depeny,Barrio
México,"Naucalpan de Juárez",53653,Dongu,Barrio
México,"Naucalpan de Juárez",53653,"Las Trenzonas",Barrio
México,"Naucalpan de Juárez",53653,Shido,Barrio
México,"Naucalpan de Juárez",53653,Xoyu,Barrio
México,"Naucalpan de Juárez",53654,"Arenillas (La Capilla)",Barrio
México,"Naucalpan de Juárez",53654,Bandhi,Barrio
México,"Naucalpan de Juárez",53654,Boito,Barrio
México,"Naucalpan de Juárez",53654,Chivato,Barrio
México,"Naucalpan de Juárez",53654,"De Dorani",Barrio
México,"Naucalpan de Juárez",53654,Gora,Barrio
México,"Naucalpan de Juárez",53654,Juando,Barrio
México,"Naucalpan de Juárez",53654,"La Mora",Barrio
México,"Naucalpan de Juárez",53654,Moni,Barrio
México,"Naucalpan de Juárez",53654,Panthe,Barrio
México,"Naucalpan de Juárez",53654,Shindo,Barrio
México,"Naucalpan de Juárez",53654,"Yongua Bosques",Barrio
México,"Naucalpan de Juárez",53655,Salinas,Barrio
México,"Naucalpan de Juárez",53658,"El Castillo",Ejido
México,"Naucalpan de Juárez",53658,"La Cebada (Barrio la Cebada)",Barrio
México,"Naucalpan de Juárez",53658,"La Magnolia",Barrio
México,"Naucalpan de Juárez",53658,"La Palma (Pie de la Palma)",Colonia
México,"Naucalpan de Juárez",53658,"La Viga (Cerro Loco)",Barrio
México,"Naucalpan de Juárez",53658,"Las Cruces",Barrio
México,"Naucalpan de Juárez",53658,"Las Torres",Colonia
México,"Naucalpan de Juárez",53658,"Llano de las Flores (Barrio del Hueso)",Barrio
México,"Naucalpan de Juárez",53658,"Minas del Tecolote",Colonia
México,"Naucalpan de Juárez",53658,"Paraje las Rosas",Colonia
México,"Naucalpan de Juárez",53659,Batha,Barrio
México,"Naucalpan de Juárez",53659,"Chimalpa Viejo",Barrio
México,"Naucalpan de Juárez",53659,"El Guardita",Colonia
México,"Naucalpan de Juárez",53659,"La Magueyera",Colonia
México,"Naucalpan de Juárez",53659,"Las Mesas",Barrio
México,"Naucalpan de Juárez",53659,"Luis Donaldo Colosio (Piedra de Alesna)",Colonia
México,"Naucalpan de Juárez",53659,"San José Tejamanil",Barrio
México,"Naucalpan de Juárez",53659,"San Miguel Dorami",Barrio
México,"Naucalpan de Juárez",53659,"Tres Piedras (La Loma)",Barrio
México,"Naucalpan de Juárez",53659,"Valle Tranquilo",Colonia
México,"Naucalpan de Juárez",53659,"Villa Alpina",Fraccionamiento
México,"Naucalpan de Juárez",53660,"La Presa Chamapa",Colonia
México,"Naucalpan de Juárez",53660,"San Rafael Chamapa",Pueblo
México,"Naucalpan de Juárez",53664,"Cuartos Constitución (San Rafael Chamapa I)",Colonia
México,"Naucalpan de Juárez",53664,"San Rafael Chamapa (Tabiquera 2)",Colonia
México,"Naucalpan de Juárez",53664,"San Rafael Chamapa (Tabiquera 3)",Colonia
México,"Naucalpan de Juárez",53664,"San Rafael Chamapa (Tabiquera 4)",Colonia
México,"Naucalpan de Juárez",53664,"San Rafael Chamapa (Tabiquera 5)",Colonia
México,"Naucalpan de Juárez",53664,"San Rafael Chamapa (Tabiquera 6)",Colonia
México,"Naucalpan de Juárez",53664,"San Rafael Chamapa (Tabiquera 7)",Colonia
México,"Naucalpan de Juárez",53664,"San Rafael Chamapa (Tabiquera 8)",Colonia
México,"Naucalpan de Juárez",53664,"San Rafael Chamapa I",Colonia
México,"Naucalpan de Juárez",53664,"San Rafael Chamapa II",Colonia
México,"Naucalpan de Juárez",53670,"Los Cuartos (San Rafael Chamapa I)",Colonia
México,"Naucalpan de Juárez",53680,"San Rafael Chamapa (Tabiquera 9)",Colonia
México,"Naucalpan de Juárez",53680,"San Rafael Chamapa IV",Colonia
México,"Naucalpan de Juárez",53687,"Poetas Mexiquenses ( Tabiquera 10 )",Colonia
México,"Naucalpan de Juárez",53687,"San Rafael Chamapa (Tabiquera 1)",Colonia
México,"Naucalpan de Juárez",53688,"Las Colonias (Predio Las Colonias)",Colonia
México,"Naucalpan de Juárez",53689,"Isidro Fabela (Tabiqueras 11 y 12)",Colonia
México,"Naucalpan de Juárez",53689,"Izcalli Chamapa",Colonia
México,"Naucalpan de Juárez",53690,"Ampliación Olímpica (San Rafael Chamapa VII)",Colonia
México,"Naucalpan de Juárez",53690,"Lomas de Chamapa",Colonia
México,"Naucalpan de Juárez",53690,"Olimpiada 68 (San Rafael Chamapa III)",Colonia
México,"Naucalpan de Juárez",53690,"Olímpica (San Rafael Chamapa V)",Colonia
México,"Naucalpan de Juárez",53690,"Valle Dorado (San Rafael Chamapa VI)",Colonia
México,"Naucalpan de Juárez",53694,"Minas El Coyote",Colonia
México,"Naucalpan de Juárez",53695,"La Palma",Colonia
México,"Naucalpan de Juárez",53695,"Minas San Martín",Colonia
México,"Naucalpan de Juárez",53696,"Mina Palacios (Minas Palacio)",Colonia
México,"Naucalpan de Juárez",53697,"3 de Mayo",Colonia
México,"Naucalpan de Juárez",53697,"El Capulín",Colonia
México,"Naucalpan de Juárez",53697,"Jardines de San José",Colonia
México,"Naucalpan de Juárez",53697,"Minas El Tecolote",Colonia
México,"Naucalpan de Juárez",53698,"Olímpica Radio 1a Sección (San Rafael Chamapa)",Colonia
México,"Naucalpan de Juárez",53698,"Olímpica Radio 2a Sección (El Caracol)",Colonia
México,"Naucalpan de Juárez",53698,"San José Poza Honda",Colonia
México,"Naucalpan de Juárez",53700,Altamira,Colonia
México,"Naucalpan de Juárez",53700,"Ampliación Altamira",Colonia
México,"Naucalpan de Juárez",53700,"Torres Zomeyucan (San Antonio Zomeyucan)",Colonia
México,"Naucalpan de Juárez",53708,"Balcones de Chamapa",Colonia
México,"Naucalpan de Juárez",53708,"Tierra y Libertad",Colonia
México,"Naucalpan de Juárez",53710,"Plan de Ayala",Colonia
México,"Naucalpan de Juárez",53713,"Vicente Guerrero",Colonia
México,"Naucalpan de Juárez",53714,"La Mancha III",Colonia
México,"Naucalpan de Juárez",53716,"Alfredo del Mazo Vélez",Colonia
México,"Naucalpan de Juárez",53716,"La Punta",Colonia
México,"Naucalpan de Juárez",53717,"La Mancha I",Colonia
México,"Naucalpan de Juárez",53717,"La Mancha II",Colonia
México,"Naucalpan de Juárez",53718,"Alfredo V. Bonfil",Colonia
México,"Naucalpan de Juárez",53719,"Lomas del Cadete",Colonia
México,"Naucalpan de Juárez",53730,"Capulín Soledad",Colonia
México,"Naucalpan de Juárez",53730,"San José de los Leones 1a Sección",Colonia
México,"Naucalpan de Juárez",53730,"San José de los Leones 2a Sección",Colonia
México,"Naucalpan de Juárez",53730,"Unidad y Progreso",Colonia
México,"Naucalpan de Juárez",53760,"San José de los Leones 3a Sección",Colonia
México,"Naucalpan de Juárez",53770,"El Chamizal",Colonia
México,"Naucalpan de Juárez",53780,"Mártires de Río Blanco",Colonia
México,"Naucalpan de Juárez",53787,"Ampliación Mártires de Río Blanco",Colonia
México,"Naucalpan de Juárez",53788,"La Tolva",Colonia
México,"Naucalpan de Juárez",53790,"Benito Juárez",Colonia
México,"Naucalpan de Juárez",53798,"La Radio Benito Juárez",Colonia
México,"Naucalpan de Juárez",53799,"Ampliación Benito Juárez",Colonia
México,"Naucalpan de Juárez",53800,Buenavista,Colonia
México,"Naucalpan de Juárez",53800,"Lomas del Río",Fraccionamiento
México,"Naucalpan de Juárez",53809,Miramar,Colonia
México,"Naucalpan de Juárez",53810,"San José Río Hondo (Río Hondo)",Pueblo
México,"Naucalpan de Juárez",53819,Progreso,Colonia
México,"Naucalpan de Juárez",53820,"Ricardo Flores Magón",Colonia
México,"Naucalpan de Juárez",53830,Independencia,Colonia
México,"Naucalpan de Juárez",53830,"La Guadalupana",Colonia
México,"Naucalpan de Juárez",53839,"Rincones del Bosque",Fraccionamiento
México,"Naucalpan de Juárez",53840,"Lomas del Huizachal",Fraccionamiento
México,"Naucalpan de Juárez",53900,"Lomas Hipódromo",Fraccionamiento
México,"Naucalpan de Juárez",53909,"Explanada de las Fuentes",Fraccionamiento
México,"Naucalpan de Juárez",53910,"Lomas Manuel Ávila Camacho",Fraccionamiento
México,"Naucalpan de Juárez",53930,"Country Club",Fraccionamiento
México,"Naucalpan de Juárez",53940,"Río Escondido",Fraccionamiento
México,"Naucalpan de Juárez",53950,"Lomas de Tecamachalco",Fraccionamiento
México,"Naucalpan de Juárez",53960,"Reforma Social (Lomas de San Isidro)",Colonia
México,"Naucalpan de Juárez",53970,"San Miguel Tecamachalco",Pueblo
México,Nextlalpan,55790,Central,Barrio
México,Nextlalpan,55790,"San Miguel Xaltocan",Pueblo
México,Nextlalpan,55793,"Las Malvinas",Colonia
México,Nextlalpan,55793,"San Estebán Ecatitlan",Barrio
México,Nextlalpan,55793,"San Francisco Molonco",Barrio
México,Nextlalpan,55793,"San Pedro Miltenco",Barrio
México,Nextlalpan,55794,Macan,Ranchería
México,Nextlalpan,55794,Xaltocan,Colonia
México,Nextlalpan,55795,"Granja la Laguna",Ranchería
México,Nextlalpan,55795,"Los Pastales",Ranchería
México,Nextlalpan,55796,"Ex-hacienda Santa Inés",Fraccionamiento
México,Nextlalpan,55796,"Los Aguiluchos",Colonia
México,Nextlalpan,55796,"Paseos del Valle",Fraccionamiento
México,Nextlalpan,55796,"Pozos y Vías (Fracción Diecisiete A)",Colonia
México,Nextlalpan,55796,"Prados San Francisco",Colonia
México,Nextlalpan,55796,"San Antonio (El Oasis)",Ranchería
México,Nextlalpan,55796,"Tierra Santa Inés",Ranchería
México,Nextlalpan,55797,"San Juan Atenanco",Barrio
México,Nextlalpan,55797,"Santiago Atocan",Pueblo
México,Nextlalpan,55799,"Cuatro Caballerías",Colonia
México,Nextlalpan,55799,"San Mateo Acuitlapilco",Pueblo
México,Nezahualcóyotl,57000,"Benito Juárez (La Aurora)",Colonia
México,Nezahualcóyotl,57100,"Valle de Aragón",Colonia
México,Nezahualcóyotl,57103,"Polígono del Bordo de Xochiaca",Colonia
México,Nezahualcóyotl,57120,"Campestre Guadalupana",Colonia
México,Nezahualcóyotl,57129,"Ampliación Campestre Guadalupana",Colonia
México,Nezahualcóyotl,57130,"Impulsora Popular Avícola",Colonia
México,Nezahualcóyotl,57130,"Las Antenas o Claustro de Sor Juana Inés de la C.",Colonia
México,Nezahualcóyotl,57138,"Bosques de Viena",Colonia
México,Nezahualcóyotl,57138,"Canal de Sales",Colonia
México,Nezahualcóyotl,57138,"Emiliano Zapata","Unidad habitacional"
México,Nezahualcóyotl,57139,"Plazas de Aragón",Colonia
México,Nezahualcóyotl,57140,"Jardines de Guadalupe",Colonia
México,Nezahualcóyotl,57150,"Vergel de Guadalupe",Colonia
México,Nezahualcóyotl,57158,"Joyas de Aragón",Colonia
México,Nezahualcóyotl,57170,"Bosques de Aragón",Colonia
México,Nezahualcóyotl,57171,"Escuela Nacional de Estudios Profesionales Aragón","Gran usuario"
México,Nezahualcóyotl,57178,"Las Armas",Colonia
México,Nezahualcóyotl,57179,"Prados de Aragón",Colonia
México,Nezahualcóyotl,57180,"Ciudad Lago",Colonia
México,Nezahualcóyotl,57185,"Ampliación Ciudad Lago",Colonia
México,Nezahualcóyotl,57185,"Ampliación Ciudad Lago El Triangulo",Colonia
México,Nezahualcóyotl,57185,"Cuchilla del Tesoro",Colonia
México,Nezahualcóyotl,57188,"Ampliación Ciudad Lago Asa (Antonio Alzate)","Unidad habitacional"
México,Nezahualcóyotl,57189,"Ampliación Ciudad Lago Comunicaciones",Colonia
México,Nezahualcóyotl,57200,"El Sol",Colonia
México,Nezahualcóyotl,57205,"Ciudad Jardín Bicentenario",Colonia
México,Nezahualcóyotl,57210,"Estado de México",Colonia
México,Nezahualcóyotl,57300,Tamaulipas,Colonia
México,Nezahualcóyotl,57300,"Tamaulipas Sección Virgencitas",Colonia
México,Nezahualcóyotl,57310,"Tamaulipas Sección Las Flores",Colonia
México,Nezahualcóyotl,57310,"Tamaulipas Sección Palmar",Colonia
México,Nezahualcóyotl,57400,"El Barco Primera Sección",Colonia
México,Nezahualcóyotl,57400,"El Barco Segunda Sección",Colonia
México,Nezahualcóyotl,57400,"El Barco Tercera Sección",Colonia
México,Nezahualcóyotl,57410,Maravillas,Colonia
México,Nezahualcóyotl,57420,"Nezahualcóyotl Primera Sección",Colonia
México,Nezahualcóyotl,57420,"Nezahualcóyotl Segunda Sección",Colonia
México,Nezahualcóyotl,57420,"Nezahualcóyotl Tercera Sección",Colonia
México,Nezahualcóyotl,57425,Perete,Colonia
México,Nezahualcóyotl,57430,Porvenir,Colonia
México,Nezahualcóyotl,57440,"Las Palmas",Colonia
México,Nezahualcóyotl,57440,"Martínez del Llano",Colonia
México,Nezahualcóyotl,57440,Xochitenco,Colonia
México,Nezahualcóyotl,57450,"Ángel Veraza",Colonia
México,Nezahualcóyotl,57450,Volcanes,Colonia
México,Nezahualcóyotl,57460,"Juárez Pantitlán",Colonia
México,Nezahualcóyotl,57465,Amipant,Colonia
México,Nezahualcóyotl,57465,Aurorita,Colonia
México,Nezahualcóyotl,57465,"Formando Hogar",Colonia
México,Nezahualcóyotl,57465,Joyita,Colonia
México,Nezahualcóyotl,57465,"Mi Retiro",Colonia
México,Nezahualcóyotl,57465,"Nueva Juárez Pantitlán Primera Sección",Colonia
México,Nezahualcóyotl,57465,"Nueva Juárez Pantitlán Segunda Sección",Colonia
México,Nezahualcóyotl,57465,"Nueva Juárez Pantitlán Tercera Sección",Colonia
México,Nezahualcóyotl,57465,"San Mateito",Colonia
México,Nezahualcóyotl,57500,"Agua Azul Grupo A Super 4",Colonia
México,Nezahualcóyotl,57500,"Agua Azul Grupo B Super 23",Colonia
México,Nezahualcóyotl,57500,"Agua Azul Grupo B Super 4",Colonia
México,Nezahualcóyotl,57500,"Agua Azul Grupo C Súper 4 y Súper 23",Colonia
México,Nezahualcóyotl,57500,Central,Colonia
México,Nezahualcóyotl,57510,"Agua Azul Sección Pirules",Colonia
México,Nezahualcóyotl,57520,"Porfirio Díaz",Colonia
México,Nezahualcóyotl,57530,Modelo,Colonia
México,Nezahualcóyotl,57600,"Ampliación Romero Sección Las Fuentes",Colonia
México,Nezahualcóyotl,57610,"Pavón Sección Silvia",Colonia
México,Nezahualcóyotl,57620,"México Primera Sección",Colonia
México,Nezahualcóyotl,57620,"México Segunda Sección",Colonia
México,Nezahualcóyotl,57630,Romero,Colonia
México,Nezahualcóyotl,57700,Evolución,Colonia
México,Nezahualcóyotl,57700,"Evolución Súper 22",Colonia
México,Nezahualcóyotl,57700,"Evolución Súper 24",Colonia
México,Nezahualcóyotl,57700,"Evolución Súper 43",Colonia
México,Nezahualcóyotl,57708,"Evolución Poniente",Colonia
México,Nezahualcóyotl,57709,"Ampliación Evolución",Colonia
México,Nezahualcóyotl,57710,"General José Vicente Villada",Colonia
México,Nezahualcóyotl,57718,"Ampliación General José Vicente Villada Oriente",Colonia
México,Nezahualcóyotl,57718,"Ampliación General José Vicente Villada Súper 44",Colonia
México,Nezahualcóyotl,57719,"Ampliación General José Vicente Villada Poniente",Colonia
México,Nezahualcóyotl,57720,Atlacomulco,Colonia
México,Nezahualcóyotl,57730,"Metropolitana Primera Sección",Colonia
México,Nezahualcóyotl,57739,"San Lorenzo",Colonia
México,Nezahualcóyotl,57740,"Metropolitana Segunda Sección",Colonia
México,Nezahualcóyotl,57750,"Metropolitana Tercera Sección",Colonia
México,Nezahualcóyotl,57760,"Ampliación General José Vicente Villada Súper 43",Colonia
México,Nezahualcóyotl,57800,Esperanza,Colonia
México,Nezahualcóyotl,57809,"Rey Nezahualcóyotl",Fraccionamiento
México,Nezahualcóyotl,57810,"Izcalli Nezahualcóyotl",Colonia
México,Nezahualcóyotl,57819,"Parque Industrial Nezahualcóyotl",Fraccionamiento
México,Nezahualcóyotl,57820,"La Perla",Colonia
México,Nezahualcóyotl,57830,"Ampliación La Perla Reforma",Colonia
México,Nezahualcóyotl,57840,Reforma,Colonia
México,Nezahualcóyotl,57849,"Reforma A Sección 1",Colonia
México,Nezahualcóyotl,57900,"Las Águilas",Colonia
México,Nezahualcóyotl,57910,"Constitución de 1857",Colonia
México,Nezahualcóyotl,57920,"Santa Martha",Colonia
México,Nezahualcóyotl,57930,Manantiales,Colonia
México,Nezahualcóyotl,57940,"Loma Bonita",Colonia
México,Nezahualcóyotl,57950,"Ampliación Las Águilas",Colonia
México,"Nicolás Romero",54400,"Benito Juárez 1a. Sección (Cabecera Municipal)",Colonia
México,"Nicolás Romero",54402,Barrón,Pueblo
México,"Nicolás Romero",54405,"Benito Juárez",Colonia
México,"Nicolás Romero",54407,"Aquiles Córdova Morán",Colonia
México,"Nicolás Romero",54407,"Libertad 1a. Sección",Colonia
México,"Nicolás Romero",54407,"Libertad 2a Sección",Colonia
México,"Nicolás Romero",54408,"Jorge Jiménez Cantú",Colonia
México,"Nicolás Romero",54409,"Independencia 1a. Sección",Colonia
México,"Nicolás Romero",54409,"Independencia 2a. Sección",Colonia
México,"Nicolás Romero",54409,"San Marcos",Fraccionamiento
México,"Nicolás Romero",54409,"Torres Peregrina",Fraccionamiento
México,"Nicolás Romero",54410,"El Globo",Fraccionamiento
México,"Nicolás Romero",54413,"Cinco de Febrero",Colonia
México,"Nicolás Romero",54413,"Guadalupe San Ildefonso",Colonia
México,"Nicolás Romero",54413,"San Juan",Colonia
México,"Nicolás Romero",54414,"Ampliación Vista Hermosa",Colonia
México,"Nicolás Romero",54414,Buenavista,Colonia
México,"Nicolás Romero",54414,"Vista Hermosa 1a. Sección",Colonia
México,"Nicolás Romero",54414,"Vista Hermosa 2a. Sección",Colonia
México,"Nicolás Romero",54416,"Cantaros III",Fraccionamiento
México,"Nicolás Romero",54416,Cumbres,Fraccionamiento
México,"Nicolás Romero",54416,"Rinconada Lago de Guadalupe",Fraccionamiento
México,"Nicolás Romero",54416,"Santa Anita la Bolsa",Colonia
México,"Nicolás Romero",54417,"Azotlán Parte Alta",Colonia
México,"Nicolás Romero",54417,"Azotlán Parte Baja",Colonia
México,"Nicolás Romero",54417,"Lomas de Guadalupe",Colonia
México,"Nicolás Romero",54420,"Los Manantiales",Fraccionamiento
México,"Nicolás Romero",54420,"San Juan de las Tablas",Pueblo
México,"Nicolás Romero",54424,"San Miguel Hila",Pueblo
México,"Nicolás Romero",54425,"Vicente Guerrero 1a. Sección",Colonia
México,"Nicolás Romero",54425,"Vicente Guerrero 2a. Sección",Colonia
México,"Nicolás Romero",54426,"Vicente Guerrero Barrón",Colonia
México,"Nicolás Romero",54430,"Cuarto Barrio Cahuacán",Colonia
México,"Nicolás Romero",54430,"Loma de Chapultepec",Barrio
México,"Nicolás Romero",54430,Miranda,Colonia
México,"Nicolás Romero",54430,"Primer Barrio Cahuacan",Barrio
México,"Nicolás Romero",54430,"Puentecillas Cahuacán",Colonia
México,"Nicolás Romero",54430,"Quinto Barrio Cahuacán",Colonia
México,"Nicolás Romero",54430,"Santa María Magdalena Cahuacán",Pueblo
México,"Nicolás Romero",54430,"Segundo Barrio Cahuacán",Colonia
México,"Nicolás Romero",54430,"Tercer Barrio Cahuacán",Colonia
México,"Nicolás Romero",54434,Hidalgo,Colonia
México,"Nicolás Romero",54434,"Ignacio Capetillo",Colonia
México,"Nicolás Romero",54434,"Santa Anita",Colonia
México,"Nicolás Romero",54435,"Ciudad Campestre",Fraccionamiento
México,"Nicolás Romero",54435,"El Trafico",Colonia
México,"Nicolás Romero",54435,"Himno Nacional",Colonia
México,"Nicolás Romero",54435,"Veintidós de Febrero",Colonia
México,"Nicolás Romero",54439,"La Estancia",Barrio
México,"Nicolás Romero",54439,Transfiguración,Pueblo
México,"Nicolás Romero",54440,"San Francisco Magu",Pueblo
México,"Nicolás Romero",54448,"De la Luz",Barrio
México,"Nicolás Romero",54448,"El Esclavo",Colonia
México,"Nicolás Romero",54448,"El Mirador",Colonia
México,"Nicolás Romero",54448,"Pueblo Nuevo",Barrio
México,"Nicolás Romero",54448,"Puerto Magú",Pueblo
México,"Nicolás Romero",54449,"Loma de Guadalupe (La Biznaga)",Barrio
México,"Nicolás Romero",54449,"Loma de San Miguel",Colonia
México,"Nicolás Romero",54449,"San José el Vidrio",Pueblo
México,"Nicolás Romero",54455,"Loma de San José",Fraccionamiento
México,"Nicolás Romero",54455,Morelos,Colonia
México,"Nicolás Romero",54457,"Ignacio Zaragoza",Colonia
México,"Nicolás Romero",54459,"El Gavillero",Colonia
México,"Nicolás Romero",54459,"Loma Larga",Colonia
México,"Nicolás Romero",54460,"""Y"" Griega",Colonia
México,"Nicolás Romero",54460,"Caja de Agua",Colonia
México,"Nicolás Romero",54460,"Joya del Tejocote",Colonia
México,"Nicolás Romero",54460,"La Concepción",Colonia
México,"Nicolás Romero",54460,"Los Tubos",Colonia
México,"Nicolás Romero",54460,"Progreso Industrial",Pueblo
México,"Nicolás Romero",54460,"San Pablo de la Cruz",Colonia
México,"Nicolás Romero",54460,"Villas del Bosque",Fraccionamiento
México,"Nicolás Romero",54463,"El Tanque",Barrio
México,"Nicolás Romero",54463,"Llano Grande",Colonia
México,"Nicolás Romero",54463,"Loma del Río",Fraccionamiento
México,"Nicolás Romero",54464,"La Concepción",Ranchería
México,"Nicolás Romero",54466,"Cantaros I",Fraccionamiento
México,"Nicolás Romero",54466,"Cantaros II",Fraccionamiento
México,"Nicolás Romero",54466,"Fuentes de San José","Conjunto habitaciona"
México,"Nicolás Romero",54466,"Paseo de San Carlos",Fraccionamiento
México,"Nicolás Romero",54466,"San Carlos",Fraccionamiento
México,"Nicolás Romero",54466,"San Juan Tlihuaca",Colonia
México,"Nicolás Romero",54466,"Unidad Magisterial","Unidad habitacional"
México,"Nicolás Romero",54467,Arcoiris,Fraccionamiento
México,"Nicolás Romero",54467,"Elsa Córdova Morán",Colonia
México,"Nicolás Romero",54467,"Francisco I. Madero 1a. Sección",Colonia
México,"Nicolás Romero",54467,"Francisco I. Madero Sección 20",Colonia
México,"Nicolás Romero",54467,"Mirador del Conde","Unidad habitacional"
México,"Nicolás Romero",54469,"Benito Juárez Barrón",Colonia
México,"Nicolás Romero",54470,"San Ildefonso",Pueblo
México,"Nicolás Romero",54473,"Bulevares del Lago",Fraccionamiento
México,"Nicolás Romero",54473,"Campestre Liberación",Colonia
México,"Nicolás Romero",54473,"Francisco Sarabia 1a. Sección",Colonia
México,"Nicolás Romero",54473,"Francisco Sarabia 2a. Sección",Colonia
México,"Nicolás Romero",54474,"Ampliación Granjas de Guadalupe",Colonia
México,"Nicolás Romero",54474,"Clara Córdova Morán",Colonia
México,"Nicolás Romero",54474,"Granjas de Guadalupe 1a. Sección",Colonia
México,"Nicolás Romero",54474,"Vista Verde",Fraccionamiento
México,"Nicolás Romero",54475,"La Colmena",Pueblo
México,"Nicolás Romero",54475,"Loma de la Cruz 1a. Sección",Colonia
México,"Nicolás Romero",54476,"Bosques de la Colmena",Colonia
México,"Nicolás Romero",54476,"Colonial del Lago",Fraccionamiento
México,"Nicolás Romero",54476,"Hacienda Santo Tomas",Fraccionamiento
México,"Nicolás Romero",54476,"Lomas del Lago",Colonia
México,"Nicolás Romero",54476,"Pueblo Viejo",Colonia
México,"Nicolás Romero",54476,"Ricardo Flores Magón",Colonia
México,"Nicolás Romero",54476,"Sitio 217","Unidad habitacional"
México,"Nicolás Romero",54477,"San Isidro La Paz 1a. Sección",Colonia
México,"Nicolás Romero",54477,"San Isidro La Paz 2a. Sección",Colonia
México,"Nicolás Romero",54477,"San Isidro La Paz 3a. Sección",Colonia
México,"Nicolás Romero",54539,Guadalupe,Barrio
México,Nopaltepec,55970,"Hidalgo A",Barrio
México,Nopaltepec,55970,"Hidalgo B",Barrio
México,Nopaltepec,55970,"Morelos A",Barrio
México,Nopaltepec,55970,"Morelos B",Barrio
México,Nopaltepec,55970,Tlaxixilo,Barrio
México,Nopaltepec,55970,"Vicente Guerrero",Barrio
México,Nopaltepec,55974,Tepetzingo,Ranchería
México,Nopaltepec,55975,Huilotongo,Barrio
México,Nopaltepec,55975,Roma,Barrio
México,Nopaltepec,55975,"San Felipe Teotitlán Centro",Pueblo
México,Nopaltepec,55976,"San Felipe (Moratepec)",Ranchería
México,Nopaltepec,55976,"San Miguel Atepoxco",Ranchería
México,Nopaltepec,55977,"La Puerta",Exhacienda
México,Nopaltepec,55977,Tepatepec,Exhacienda
México,Nopaltepec,55977,"Venta de Cruz",Ranchería
México,Nopaltepec,55978,"Las Ambrises",Exhacienda
México,Nopaltepec,55978,"Santa Inés Amiltepec",Exhacienda
México,Ocoyoacac,52740,"Centro Ocoyoacac",Colonia
México,Ocoyoacac,52740,Coapanoaya,Barrio
México,Ocoyoacac,52740,"Ejido la Campana",Colonia
México,Ocoyoacac,52740,"San Miguel",Barrio
México,Ocoyoacac,52740,"Santa María",Barrio
México,Ocoyoacac,52743,"Cañada Honda",Ranchería
México,Ocoyoacac,52743,"El Bellotal",Colonia
México,Ocoyoacac,52743,"El Peñon",Ranchería
México,Ocoyoacac,52743,"El Portezuelo",Ranchería
México,Ocoyoacac,52743,"El Zarco (Las Truchas)",Ranchería
México,Ocoyoacac,52743,"Ex-hacienda Jajalpa",Residencial
México,Ocoyoacac,52743,"Juárez (Los Chirinos)",Colonia
México,Ocoyoacac,52743,"La Conchita",Ranchería
México,Ocoyoacac,52743,"La Marquesa",Ranchería
México,Ocoyoacac,52743,"Ortiz Rubio (Jajalpa)",Colonia
México,Ocoyoacac,52743,"Río Hondito",Colonia
México,Ocoyoacac,52743,"San Miguel (Pósito del Olivo)",Barrio
México,Ocoyoacac,52750,"Loma Bonita",Barrio
México,Ocoyoacac,52750,"Texcalpa (Ex-hacienda Texcalpa)",Ranchería
México,Ocoyoacac,52753,Joquicingo,Ranchería
México,Ocoyoacac,52753,"La Lomita",Ranchería
México,Ocoyoacac,52753,"Loma de los Esquiveles",Colonia
México,Ocoyoacac,52753,"San Jerónimo Acazulco",Pueblo
México,Ocoyoacac,52753,"Valle del Silencio",Ranchería
México,Ocoyoacac,52754,"Cruz de la Misión",Ranchería
México,Ocoyoacac,52754,"San Isidro Tehualtepec",Ranchería
México,Ocoyoacac,52754,"San Pedro",Ranchería
México,Ocoyoacac,52754,"San Pedro Atlapulco",Pueblo
México,Ocoyoacac,52755,"El Llano del Compromiso",Colonia
México,Ocoyoacac,52755,Santiaguito,Barrio
México,Ocoyoacac,52755,Tepexoyuca,Barrio
México,Ocoyoacac,52756,Chimaliapan,Colonia
México,Ocoyoacac,52756,"El Pirame",Colonia
México,Ocoyoacac,52756,"Guadalupe Victoria",Colonia
México,Ocoyoacac,52756,"Lázaro Cárdenas",Colonia
México,Ocoyoacac,52756,"Pedregal de Guadalupe Hidalgo",Pueblo
México,Ocoyoacac,52756,"Puerta del Carmen",Fraccionamiento
México,Ocoyoacac,52756,"Venustiano Carranza",Colonia
México,Ocoyoacac,52757,"Estación Maclovio Herrera","Zona industrial"
México,Ocoyoacac,52757,"San Antonio el Llanito","Zona industrial"
México,Ocoyoacac,52757,"San Antonio el Llanito",Pueblo
México,Ocoyoacac,52757,"San Pedro Cholula",Pueblo
México,Ocuilan,52480,"Ocuilán de Arteaga",Pueblo
México,Ocuilan,52480,"San Sebastían",Pueblo
México,Ocuilan,52480,"Santa María Tlacutapa",Ranchería
México,Ocuilan,52483,Chalmita,Pueblo
México,Ocuilan,52483,"La Cañada",Pueblo
México,Ocuilan,52484,"El Ahuehuete",Pueblo
México,Ocuilan,52484,"El Picacho",Ranchería
México,Ocuilan,52484,"La Ciénega",Pueblo
México,Ocuilan,52484,"La Haciendita",Ranchería
México,Ocuilan,52484,"Reforma Agraria",Ranchería
México,Ocuilan,52484,"San Isidro Amola",Ranchería
México,Ocuilan,52484,"Santa Cruz Tezontepec",Pueblo
México,Ocuilan,52484,"Santa Mónica",Pueblo
México,Ocuilan,52484,Tlecuilco,Ranchería
México,Ocuilan,52485,"La Esperanza",Pueblo
México,Ocuilan,52486,"Cinco Caminos",Ranchería
México,Ocuilan,52486,"Dr. Gustavo Baz",Colonia
México,Ocuilan,52487,Coyoltepec,Ranchería
México,Ocuilan,52490,"La Lagunita",Pueblo
México,Ocuilan,52490,"Los Manantiales",Ranchería
México,Ocuilan,52490,"Plaza Nueva",Ranchería
México,Ocuilan,52493,Ahuatenco,Ranchería
México,Ocuilan,52493,Ajuchitlán,Ranchería
México,Ocuilan,52493,Mexicapa,Ranchería
México,Ocuilan,52493,Tlatempa,Ranchería
México,Ocuilan,52494,"El Puente",Ranchería
México,Ocuilan,52494,"La Pastoría",Pueblo
México,Ocuilan,52494,"Las Trojes",Ranchería
México,Ocuilan,52494,"Santa Ana",Ranchería
México,Ocuilan,52494,Tepetzingo,Ranchería
México,Ocuilan,52495,"Lomas de Teocaltzingo",Ranchería
México,Ocuilan,52495,"San Juan Atzingo",Pueblo
México,Ocuilan,52495,"Santa Lucía",Pueblo
México,Ocuilan,52495,"Santa María Nativitas",Ranchería
México,Ocuilan,52495,"Santa Martha",Pueblo
México,Ocuilan,52496,"El Capulín",Ranchería
México,Ocuilan,52496,"San José el Tótoc",Ranchería
México,Ocuilan,52496,Zempoala,Pueblo
México,Ocuilan,52497,"Pueblo Nuevo",Ranchería
México,Ocuilan,52497,"San Isidro",Ranchería
México,Ocuilan,52497,"Valle de Guadalupe",Ranchería
México,Otumba,55900,"Otumba de Gómez Farías",Pueblo
México,Otumba,55913,"Adolfo López Mateos",Colonia
México,Otumba,55913,"El Ranchito",Colonia
México,Otumba,55913,"Estado de México",Colonia
México,Otumba,55913,"INFONAVIT San Esteban","Unidad habitacional"
México,Otumba,55913,"La Estación",Colonia
México,Otumba,55913,"La Trinidad",Barrio
México,Otumba,55913,Xamimilolpan,Pueblo
México,Otumba,55914,"El Rosario",Colonia
México,Otumba,55914,"La Conchita",Colonia
México,Otumba,55914,Magisterial,"Unidad habitacional"
México,Otumba,55914,"Puentes Cuates",Barrio
México,Otumba,55914,"San Cosme",Barrio
México,Otumba,55914,"San Ignacio",Colonia
México,Otumba,55916,"El Chabacano",Colonia
México,Otumba,55920,"La Cruz",Colonia
México,Otumba,55920,"Los Remedios",Colonia
México,Otumba,55920,"Santiago Tolman",Pueblo
México,Otumba,55923,Coyotepec,Pueblo
México,Otumba,55923,"San Miguel Xolco",Pueblo
México,Otumba,55924,"Centro de Readaptación Social Otumba",Equipamiento
México,Otumba,55924,Chacalco,Colonia
México,Otumba,55924,Jacarandas,Colonia
México,Otumba,55924,Poyoxco,Pueblo
México,Otumba,55924,"San Juan Tocuila",Pueblo
México,Otumba,55924,"San Lorenzo",Ranchería
México,Otumba,55924,"Tepa Grande (Rancho Guadalupe Tepa)",Colonia
México,Otumba,55924,Tlahuico,Colonia
México,Otumba,55924,Tlamimilolpa,Pueblo
México,Otumba,55925,Oxtotipac,Pueblo
México,Otumba,55925,"San Francisco Tlaltica",Pueblo
México,Otumba,55926,Cuautlatcingo,Pueblo
México,Otumba,55926,"El Potrero",Ejido
México,Otumba,55926,"Nueva Colonia de Axalco",Colonia
México,Otumba,55926,"Rancho el Mayorazgo",Ranchería
México,Otumba,55926,"San Miguel Axalco Chico",Colonia
México,Otumba,55927,Belén,Pueblo
México,Otumba,55927,"La Zumbona",Ranchería
México,Otumba,55927,"San Nicolás Tlaxomulco",Ranchería
México,Otumba,55927,Tecalco,Ranchería
México,Otumba,55927,ZR,Ranchería
México,Otumba,55930,"Florencio Juárez",Ranchería
México,Otumba,55930,"Liberacos Uno",Granja
México,Otumba,55930,"Los Capulines",Colonia
México,Otumba,55930,"Los Conquianes",Granja
México,Otumba,55930,"Rancho la Puente",Ranchería
México,Otumba,55930,"San Cosme",Granja
México,Otumba,55930,"San Martín Ahuatepec",Pueblo
México,Otumba,55930,"Santa Brígida",Ranchería
México,Otumba,55934,Xochihucán,Ranchería
México,Otumba,55935,"San Marcos Tlaxuchilco",Pueblo
México,Otumba,55936,Buenavista,Pueblo
México,Otumba,55936,"Rancho Colorado",Ranchería
México,Otumba,55936,"Rancho las Papas",Ranchería
México,Otumba,55937,Coamilpa,Ranchería
México,Otumba,55937,"La Escondida",Ejido
México,Otumba,55937,"San José Coamilpa (Ejido de Otumba)",Ejido
México,Otumba,55937,"San José de las Presas",Ranchería
México,Otumba,55937,"San Telmo",Ranchería
México,Otumba,55937,"Santa Bárbara",Pueblo
México,Otumba,55937,"Santa Gertrudis",Ranchería
México,Otzoloapan,51130,Otzoloapan,Pueblo
México,Otzoloapan,51136,"Estancia Chica",Pueblo
México,Otzoloapan,51137,"Agua Zarca",Pueblo
México,Otzoloapan,51138,"San José el Calvario",Pueblo
México,Otzoloapan,51139,"Pinal del Marquesado",Pueblo
México,Otzoloapan,51140,"San Miguel de la Campana (San Miguel)",Ranchería
México,Otzoloapan,51140,"San Miguel Piru",Ranchería
México,Otzoloapan,51144,Terreros,Pueblo
México,Otzoloapan,51145,Guadalupe,Barrio
México,Otzoloapan,51147,"El Limón","Poblado comunal"
México,Otzoloapan,51149,Zuluapan,Pueblo
México,Otzolotepec,52080,"Villa Cuauhtémoc",Pueblo
México,Otzolotepec,52082,"Fabrica María",Pueblo
México,Otzolotepec,52082,"San Agustín Mimbres",Pueblo
México,Otzolotepec,52083,"De la Barranca",Barrio
México,Otzolotepec,52083,"San Mateo Mozoquilpan",Pueblo
México,Otzolotepec,52083,"Santa María Tetitla",Pueblo
México,Otzolotepec,52084,"La Loma de Puente San Pedro",Barrio
México,Otzolotepec,52084,"La Raya",Barrio
México,Otzolotepec,52084,"Puente San Pedro",Pueblo
México,Otzolotepec,52085,"De Mozoquilpan",Ejido
México,Otzolotepec,52085,"De San Juan",Barrio
México,Otzolotepec,52085,"De Santa María Tetitla",Ejido
México,Otzolotepec,52085,"El Espino","Poblado comunal"
México,Otzolotepec,52085,"San Isidro las Trojes",Pueblo
México,Otzolotepec,52085,"Santa Ana Mayorazgo",Pueblo
México,Otzolotepec,52088,"Ejido de la Y Sección Siete A Revolución",Colonia
México,Otzolotepec,52088,"Guadalupe Victoria",Colonia
México,Otzolotepec,52088,"La Y",Barrio
México,Otzolotepec,52089,"Villa Seca (La Providencia Villa Seca)",Ejido
México,Otzolotepec,52090,"San Mateo Capulhuac",Pueblo
México,Otzolotepec,52095,"La Concepción de Hidalgo",Pueblo
México,Otzolotepec,52096,"La Huánica",Pueblo
México,Otzolotepec,52096,"Santa Ana Jilotzingo",Pueblo
México,Ozumba,56800,"De San Bartolo",Barrio
México,Ozumba,56800,"Del Cocol",Barrio
México,Ozumba,56800,"Del Coyote",Barrio
México,Ozumba,56800,"Ozumba de Alzate",Pueblo
México,Ozumba,56800,"San Frncisco",Barrio
México,Ozumba,56800,"San Juan",Barrio
México,Ozumba,56800,"San Martín",Barrio
México,Ozumba,56800,"San Mateo Tecalco",Pueblo
México,Ozumba,56800,"San Pedro",Barrio
México,Ozumba,56800,"Santa Cruz",Barrio
México,Ozumba,56803,"Huamantla de Tizapa",Colonia
México,Ozumba,56803,Industrial,Colonia
México,Ozumba,56803,"José Antonio Alzate",Colonia
México,Ozumba,56803,"Santa Cecilia",Barrio
México,Ozumba,56804,"Los Limones",Colonia
México,Ozumba,56805,Santiago,Barrio
México,Ozumba,56806,"Loma Bonita",Ranchería
México,Ozumba,56806,"San Vicente Chimalhuacán",Pueblo
México,Ozumba,56810,"San José Tlacotitlán",Ranchería
México,Ozumba,56810,"Santiago Mamalhuazuca",Ranchería
México,Ozumba,56813,"La Cantarilla","Poblado comunal"
México,Ozumba,56813,"Quinta Santa Cecilia",Ranchería
México,Ozumba,56813,"San Mateo Cuatepulco (Zona Cuatepulco)",Ranchería
México,Ozumba,56814,"San José (Rancho San José Tlacotitlán)",Ranchería
México,Ozumba,56815,"Huejote (Rancho Huejote)",Ranchería
México,Ozumba,56815,"San Sebastián",Ranchería
México,Ozumba,56816,"Guadalupe Hidalgo",Colonia
México,Ozumba,56816,"San Lorenzo Tlaltecoyac",Ranchería
México,Ozumba,56820,Actopan,Barrio
México,Papalotla,56050,Papalotla,Pueblo
México,Papalotla,56053,Belém,Barrio
México,Papalotla,56054,Chimalpa,Barrio
México,Papalotla,56055,Coxotla,Barrio
México,Papalotla,56056,Mazatla,Barrio
México,Papalotla,56057,Ixayoc,Barrio
México,Polotitlán,54200,"Polotitlán de la Ilustración",Pueblo
México,Polotitlán,54203,"Loma Bonita",Colonia
México,Polotitlán,54204,"El Álamo",Colonia
México,Polotitlán,54220,"San Francisco Acaxuchitlantongo",Pueblo
México,Polotitlán,54223,"La Loma del Pino (Pachuquilla)",Ranchería
México,Polotitlán,54223,Ruano,Pueblo
México,Polotitlán,54224,Encinillas,Ejido
México,Polotitlán,54225,"La Nave",Ranchería
México,Polotitlán,54225,"Ranchito de Ruano",Ranchería
México,Polotitlán,54225,"San Isidrito",Ranchería
México,Polotitlán,54225,"San Isidro",Ranchería
México,Polotitlán,54225,"San Isidro el Chico",Ranchería
México,Polotitlán,54226,"San Antonio el Viejo",Pueblo
México,Polotitlán,54227,"Cerro Gordo",Pueblo
México,Polotitlán,54227,"Estación Polotitlán (Casas Viejas)",Pueblo
México,Polotitlán,54227,Satélite,Ranchería
México,Polotitlán,54233,"El Gavillero de la Trinidad (La Curva)",Pueblo
México,Polotitlán,54233,"La Magdalena",Ranchería
México,Polotitlán,54234,"La Purísima (Buenavista)",Pueblo
México,Polotitlán,54234,"Lázaro Cárdenas (San Rafael)",Barrio
México,Polotitlán,54235,"San Antonio Polotitlán",Ranchería
México,Polotitlán,54235,"San Nicolás de los Cerritos",Pueblo
México,Polotitlán,54236,"Pueblo Nuevo",Ranchería
México,Polotitlán,54236,"San Antonio Escobedo",Pueblo
México,Polotitlán,54236,Taxhie,Pueblo
México,Polotitlán,54237,"Celayita (San José Celayita)",Colonia
México,Polotitlán,54237,"El Tesoro",Pueblo
México,Polotitlán,54237,"San Agustín el Cuervo",Pueblo
México,Polotitlán,54239,"San Antonio Escobedo Norte",Ranchería
México,Rayón,52360,"Santa María Rayón Centro",Pueblo
México,Rayón,52362,"Ignacio López Rayón",Colonia
México,Rayón,52362,"La Pirámide",Colonia
México,Rayón,52362,"Los Cerritos",Ranchería
México,Rayón,52363,"De la Cruz",Colonia
México,Rayón,52363,Guadalupe,Colonia
México,Rayón,52363,"Niños Héroes",Colonia
México,Rayón,52363,"San Diego",Ranchería
México,Rayón,52363,"San Isidro",Colonia
México,Rayón,52364,Sanabria,Ranchería
México,Rayón,52364,"Santa Isabel",Colonia
México,Rayón,52365,"San Juan de la Isla",Pueblo
México,Rayón,52366,"La Asunción",Colonia
México,Rayón,52366,"La Joya",Colonia
México,Rayón,52366,"San José",Colonia
México,Rayón,52367,"Emiliano Zapata",Colonia
México,Rayón,52367,Santiaguito,Exhacienda
México,"San Antonio la Isla",52280,Cuauhtémoc,Colonia
México,"San Antonio la Isla",52280,"San Antonio la Isla",Pueblo
México,"San Antonio la Isla",52280,"San Lucas Tepemajalco",Pueblo
México,"San Antonio la Isla",52280,"Villas del Sauce",Fraccionamiento
México,"San Antonio la Isla",52282,"Ex Rancho San Dimas",Fraccionamiento
México,"San Antonio la Isla",52286,"San Antonio",Ranchería
México,"San Antonio la Isla",52290,"San Agustín",Ranchería
México,"San Felipe del Progreso",50640,"La Tenería",Colonia
México,"San Felipe del Progreso",50640,"San Felipe del Progreso Centro",Colonia
México,"San Felipe del Progreso",50643,"José María Morelos",Colonia
México,"San Felipe del Progreso",50646,"Las Colonias",Colonia
México,"San Felipe del Progreso",50653,"El Agostadero Ejido de San Juan Jalpa",Barrio
México,"San Felipe del Progreso",50653,"Flor de María",Ranchería
México,"San Felipe del Progreso",50653,Guadalupe,Colonia
México,"San Felipe del Progreso",50653,"La Cabecera",Ejido
México,"San Felipe del Progreso",50653,"La Esperanza",Colonia
México,"San Felipe del Progreso",50653,"San Isidro Nenaxi",Ranchería
México,"San Felipe del Progreso",50653,"San Juan Jalpa Centro",Pueblo
México,"San Felipe del Progreso",50653,"Tunal Nenaxi",Ejido
México,"San Felipe del Progreso",50654,"Plateros Palmillas",Colonia
México,"San Felipe del Progreso",50654,"San Juan Jalpa",Ejido
México,"San Felipe del Progreso",50655,"Calvario Buenavista",Pueblo
México,"San Felipe del Progreso",50655,Concepción,Pueblo
México,"San Felipe del Progreso",50655,"El Carmen Ocotepec",Pueblo
México,"San Felipe del Progreso",50655,"Guadalupe, San Lucas Ocotepec",Ranchería
México,"San Felipe del Progreso",50655,"La Concepción Chico (El Centro)",Ranchería
México,"San Felipe del Progreso",50655,Palmillas,Pueblo
México,"San Felipe del Progreso",50655,"San Lucas Ocotepec",Pueblo
México,"San Felipe del Progreso",50656,Ejidal,Colonia
México,"San Felipe del Progreso",50656,"El Obraje",Pueblo
México,"San Felipe del Progreso",50656,"El Tunal",Pueblo
México,"San Felipe del Progreso",50680,"Emilio Portes Gil",Pueblo
México,"San Felipe del Progreso",50683,Palmillas,Ejido
México,"San Felipe del Progreso",50683,"Tepetitlán Emilio Portes Gil",Barrio
México,"San Felipe del Progreso",50683,"Tungareo Ejido de Emilio Portes Gil",Barrio
México,"San Felipe del Progreso",50684,"Las Ánimas, Ejido de San Pedro el Alto",Barrio
México,"San Felipe del Progreso",50684,"San José, Ejido de San Pedro el Alto",Barrio
México,"San Felipe del Progreso",50684,"San Pedro el Alto",Pueblo
México,"San Felipe del Progreso",50684,"San Pedro el Chico",Ejido
México,"San Felipe del Progreso",50684,"Tierra Blanca, Ejido de San Pedro el Alto",Barrio
México,"San Felipe del Progreso",50685,"Cerro de la Luna de la Luna del Fresno Nichi",Barrio
México,"San Felipe del Progreso",50685,"Charcos Azules de la Luna del Fresno Nichi",Barrio
México,"San Felipe del Progreso",50685,"Fresno Nichi",Pueblo
México,"San Felipe del Progreso",50685,"La Virgen",Ranchería
México,"San Felipe del Progreso",50685,"Las Presas",Barrio
México,"San Felipe del Progreso",50685,"San Jerónimo Mavatí",Pueblo
México,"San Felipe del Progreso",50685,"San Nicolás Mavatí",Pueblo
México,"San Felipe del Progreso",50686,"Agua Zarca Nichi",Ranchería
México,"San Felipe del Progreso",50686,"El Llano Santa Ana Nichi Ejido",Barrio
México,"San Felipe del Progreso",50686,"Guadalupe Coté",Pueblo
México,"San Felipe del Progreso",50686,"La Virgen San Pedro el Alto",Pueblo
México,"San Felipe del Progreso",50686,"Las Palomas, Santa Ana Nichi",Barrio
México,"San Felipe del Progreso",50686,"Monte Alto",Barrio
México,"San Felipe del Progreso",50686,"San Antonio de las Huertas",Pueblo
México,"San Felipe del Progreso",50686,"San Juan Coté",Ejido
México,"San Felipe del Progreso",50686,"San Juan Coté Centro",Pueblo
México,"San Felipe del Progreso",50686,"San Miguel la Labor",Pueblo
México,"San Felipe del Progreso",50686,"Santa Ana Nichi",Pueblo
México,"San Felipe del Progreso",50686,"Santa Ana Nichi Centro",Ranchería
México,"San Felipe del Progreso",50686,"Tres Estrellas",Pueblo
México,"San Felipe del Progreso",50687,"Dolores Hidalgo",Pueblo
México,"San Felipe del Progreso",50687,"La Constitución, San Antonio Mextepec",Colonia
México,"San Felipe del Progreso",50687,"San Agustín Mextepec",Pueblo
México,"San Felipe del Progreso",50687,"San Antonio Mextepec",Pueblo
México,"San Felipe del Progreso",50687,"San Jerónimo Bonchete",Pueblo
México,"San Felipe del Progreso",50687,"Santa Cruz Mextepec",Pueblo
México,"San Felipe del Progreso",50687,"Vicente Guerrero",Colonia
México,"San Felipe del Progreso",50690,"Encinillas de San Antonio la Ciénega",Ranchería
México,"San Felipe del Progreso",50693,Estutempan,Ranchería
México,"San Felipe del Progreso",50693,"Purísima Concepción Mayorazgo (Mayorazgo)",Pueblo
México,"San Felipe del Progreso",50693,"Santa Cruz de San Pablo Tlalchichilpa",Barrio
México,"San Felipe del Progreso",50694,"Ampliación de San Antonio la Ciénega",Ranchería
México,"San Felipe del Progreso",50694,"Barrio San Francisco San Nicolás Guadalupe",Ranchería
México,"San Felipe del Progreso",50694,"Calvario del Carmen",Pueblo
México,"San Felipe del Progreso",50694,"Dios Padre",Pueblo
México,"San Felipe del Progreso",50694,"La Presa",Barrio
México,"San Felipe del Progreso",50694,"La Virgen",Ejido
México,"San Felipe del Progreso",50694,"Mesa de la Agüita",Ranchería
México,"San Felipe del Progreso",50694,"Mesa del Picacho",Barrio
México,"San Felipe del Progreso",50694,"San Nicolás Guadalupe",Pueblo
México,"San Felipe del Progreso",50694,"San Pedro Calvario del Carmen",Barrio
México,"San Felipe del Progreso",50694,"Santa Cruz, San Pedro el Alto",Barrio
México,"San Felipe del Progreso",50694,"Zaragoza Fresno Nichí",Ranchería
México,"San Felipe del Progreso",50695,"Boreje de San Antonio la Ciénega",Barrio
México,"San Felipe del Progreso",50695,Chichilpa,Ejido
México,"San Felipe del Progreso",50695,"El Salto San Antonio la Ciénega",Barrio
México,"San Felipe del Progreso",50695,"Emiliano Zapata",Colonia
México,"San Felipe del Progreso",50695,"La Cañada San Antonio la Ciénega",Barrio
México,"San Felipe del Progreso",50695,"La Ciénega",Ranchería
México,"San Felipe del Progreso",50695,"La Manzana",Ranchería
México,"San Felipe del Progreso",50695,"La Soledad",Ranchería
México,"San Felipe del Progreso",50695,"San Antonio la Ciénega (La Rosa)",Pueblo
México,"San Felipe del Progreso",50696,Chichilpa,Pueblo
México,"San Felipe del Progreso",50696,Dotegiare,Pueblo
México,"San Felipe del Progreso",50696,"Ejido de Tlanchichilpa",Ranchería
México,"San Felipe del Progreso",50696,"La Carrera",Ranchería
México,"San Felipe del Progreso",50696,"La Mesa, Rioyos Buenavista",Barrio
México,"San Felipe del Progreso",50696,"Rioyos Buenavista",Pueblo
México,"San Felipe del Progreso",50696,"San Juan Evangelista",Ejido
México,"San Felipe del Progreso",50696,"San Juan Rioyos",Pueblo
México,"San Felipe del Progreso",50696,Tlalchichilpa,Ranchería
México,"San Felipe del Progreso",50697,Choteje,Pueblo
México,"San Felipe del Progreso",50697,"La Era San Pablo Tlalchichilpa",Barrio
México,"San Felipe del Progreso",50697,"Rincón de los Pirules",Pueblo
México,"San Felipe del Progreso",50697,"Rosa del Calvario",Ranchería
México,"San Felipe del Progreso",50697,"San Francisco Tlalchichilpa",Barrio
México,"San Felipe del Progreso",50697,"San Pablo Tlalchichilpa",Pueblo
México,"San Felipe del Progreso",50697,"Santa Rita de la Cuesta",Ejido
México,"San José del Rincón",50660,"San José del Rincón",Pueblo
México,"San José del Rincón",50660,"San José del Rincón",Ejido
México,"San José del Rincón",50663,"Cedro de la Manzana",Pueblo
México,"San José del Rincón",50663,"El Capulín San Miguel del Centro",Ranchería
México,"San José del Rincón",50663,"El Consuelo",Ejido
México,"San José del Rincón",50663,"El Guarda Ejido",Ranchería
México,"San José del Rincón",50663,"El Porvenir",Pueblo
México,"San José del Rincón",50663,"Emiliano Zapata",Colonia
México,"San José del Rincón",50663,"Guadalupe del Pedregal",Pueblo
México,"San José del Rincón",50663,"Guadalupe del Pedregal el Calvario",Ranchería
México,"San José del Rincón",50663,"Guadalupe del Pedregal la Palma",Pueblo
México,"San José del Rincón",50663,"Guarda de Guadalupe",Pueblo
México,"San José del Rincón",50663,"Jesús Carranza",Pueblo
México,"San José del Rincón",50663,"La Cuadrilla San Miguel del Centro",Pueblo
México,"San José del Rincón",50663,"La Puerta San Miguel del Centro",Ranchería
México,"San José del Rincón",50663,"La Soledad El Guarda",Pueblo
México,"San José del Rincón",50663,"Las Rosas San Miguel del Centro",Barrio
México,"San José del Rincón",50663,"Lázaro Cárdenas",Ranchería
México,"San José del Rincón",50663,"Llanito Cuatro",Ranchería
México,"San José del Rincón",50663,"Loma del Capulín",Ranchería
México,"San José del Rincón",50663,"Pata de Mula de los Cedros (Patemula)",Pueblo
México,"San José del Rincón",50663,"Rosa de la Palma",Ranchería
México,"San José del Rincón",50663,"San Francisco de la Loma",Pueblo
México,"San José del Rincón",50663,"San Francisco de la Loma Segunda Sección",Ranchería
México,"San José del Rincón",50663,"San Francisco Solo",Pueblo
México,"San José del Rincón",50663,"San Juan Evangelista Fracción Diez (San Juan)",Ranchería
México,"San José del Rincón",50663,"San Miguel del Centro",Pueblo
México,"San José del Rincón",50663,"San Onofre",Ejido
México,"San José del Rincón",50663,"San Onofre Centro (Carmona)",Pueblo
México,"San José del Rincón",50663,"Santa Cruz del Rincón",Pueblo
México,"San José del Rincón",50664,"Buenavista Casa Blanca",Pueblo
México,"San José del Rincón",50664,"El Valerio",Pueblo
México,"San José del Rincón",50664,"Estación Trinidad",Pueblo
México,"San José del Rincón",50664,"La Soledad",Ejido
México,"San José del Rincón",50664,"Las Escobas del Agua San Jerónimo Dolores",Barrio
México,"San José del Rincón",50664,"San Isidro",Pueblo
México,"San José del Rincón",50664,"San Jerónimo de los Dolores",Pueblo
México,"San José del Rincón",50664,"San Miguel Agua Bendita",Pueblo
México,"San José del Rincón",50664,"San Miguel Chisda",Pueblo
México,"San José del Rincón",50665,"Buenavista Casa Blanca",Pueblo
México,"San José del Rincón",50665,"Concepción del Monte",Pueblo
México,"San José del Rincón",50665,"Fábrica Concepción",Pueblo
México,"San José del Rincón",50665,"Guadalupe Buenavista",Pueblo
México,"San José del Rincón",50665,"Guadalupe Chico",Pueblo
México,"San José del Rincón",50665,"La Esperanza",Pueblo
México,"San José del Rincón",50665,"La Trinidad Concepción",Pueblo
México,"San José del Rincón",50665,"San Joaquín del Monte",Pueblo
México,"San José del Rincón",50665,"Yondece del Cedro",Pueblo
México,"San José del Rincón",50666,"Falda Loma",Pueblo
México,"San José del Rincón",50666,"Guadalupe las Cabras",Pueblo
México,"San José del Rincón",50666,"La Rosa San Antonio",Pueblo
México,"San José del Rincón",50666,"Las Canoas",Pueblo
México,"San José del Rincón",50666,Purungueo,Pueblo
México,"San José del Rincón",50666,"San Felipe de Jesús",Pueblo
México,"San José del Rincón",50667,Cevatí,Pueblo
México,"San José del Rincón",50667,Garatachea,Pueblo
México,"San José del Rincón",50667,"Las Palomas",Ranchería
México,"San José del Rincón",50667,"Palo Amarillo",Pueblo
México,"San José del Rincón",50667,"Pancho Maya",Pueblo
México,"San José del Rincón",50667,"Rosa de Palo Amarillo",Pueblo
México,"San José del Rincón",50667,"San Jerónimo Pilitas",Pueblo
México,"San José del Rincón",50668,"Barrio Loma Bonita Guarda la Lagunita",Barrio
México,"San José del Rincón",50668,"Benito Juárez Santa Cruz del Tejocote",Colonia
México,"San José del Rincón",50668,"Cieneguillas Casa Blanca",Pueblo
México,"San José del Rincón",50668,"Concepción la Venta",Pueblo
México,"San José del Rincón",50668,"El Calvario Concepción de la Venta",Barrio
México,"San José del Rincón",50668,"El Potrero Guarda la Lagunita",Pueblo
México,"San José del Rincón",50668,"El Salto la Venta (Barrio el Salto)",Pueblo
México,"San José del Rincón",50668,"El Tepetate de San Antonio Buenavista",Pueblo
México,"San José del Rincón",50668,"Fábrica Pueblo Nuevo",Pueblo
México,"San José del Rincón",50668,"Fábrica Pueblo Nuevo Monte Alto",Pueblo
México,"San José del Rincón",50668,"Guarda de la Lagunita Canoas",Pueblo
México,"San José del Rincón",50668,"Guarda de la Lagunita la Mesa",Ranchería
México,"San José del Rincón",50668,"Guarda de San Antonio Buenavista",Pueblo
México,"San José del Rincón",50668,"Guarda San Antonio Plaza de Gallos",Pueblo
México,"San José del Rincón",50668,"Las Rosas",Ranchería
México,"San José del Rincón",50668,"Las Tinajas",Ranchería
México,"San José del Rincón",50668,"Sabaneta Quintana",Pueblo
México,"San José del Rincón",50668,"San Bartolo Guarda la Lagunita",Pueblo
México,"San José del Rincón",50668,Sanacoche,Ejido
México,"San José del Rincón",50668,"Sanacoche Centro",Pueblo
México,"San José del Rincón",50668,"Santa Cruz del Tejocote",Pueblo
México,"San José del Rincón",50670,"El Llano de las Rosas",Pueblo
México,"San José del Rincón",50670,"El Llano San Juan Palo Seco",Ranchería
México,"San José del Rincón",50670,"El Ocho el Pintal",Barrio
México,"San José del Rincón",50670,"El Pintal el Depósito",Barrio
México,"San José del Rincón",50670,"La Curva",Pueblo
México,"San José del Rincón",50670,"La Palma Ejido de el Depósito",Pueblo
México,"San José del Rincón",50670,"Los Lobos Segunda Sección",Pueblo
México,"San José del Rincón",50670,"Providencia Ejido el Depósito",Pueblo
México,"San José del Rincón",50670,"San Antonio el Depósito",Barrio
México,"San José del Rincón",50670,"Santa Juanita el Deposito",Barrio
México,"San José del Rincón",50673,"El Llano Grande Jaltepec",Barrio
México,"San José del Rincón",50673,"El Rancho Jaltepec",Barrio
México,"San José del Rincón",50673,"El Toril Ejido la Soledad",Barrio
México,"San José del Rincón",50673,"Jaltepec Centro",Pueblo
México,"San José del Rincón",50673,"Loma del Rancho",Pueblo
México,"San José del Rincón",50673,"Los Pintados",Ejido
México,"San José del Rincón",50673,"Santiago Gigante Jaltepec",Pueblo
México,"San José del Rincón",50674,"Agua Zarca Pueblo Nuevo",Pueblo
México,"San José del Rincón",50674,"De Dolores",Ranchería
México,"San José del Rincón",50674,"El Cerrito Pueblo Nuevo",Ranchería
México,"San José del Rincón",50674,"El Cuarenta y Cuatro Pueblo Nuevo",Ranchería
México,"San José del Rincón",50674,"El Lindero Pueblo Nuevo",Ranchería
México,"San José del Rincón",50674,"El Pintado Pueblo Nuevo",Barrio
México,"San José del Rincón",50674,"Los Pintados (El Pintado)",Ranchería
México,"San José del Rincón",50674,"San Antonio Pueblo Nuevo",Pueblo
México,"San José del Rincón",50674,"Santa Ana Pueblo Nuevo",Barrio
México,"San José del Rincón",50674,"Santa Cruz",Barrio
México,"San José del Rincón",50674,"Santa Rita Pueblo Nuevo",Ranchería
México,"San José del Rincón",50675,"El Quelite Pueblo Nuevo",Barrio
México,"San José del Rincón",50675,"Loma Grande San Antonio Pueblo Nuevo",Barrio
México,"San José del Rincón",50675,"San Diego Pueblo Nuevo",Barrio
México,"San José del Rincón",50676,"El Cable",Pueblo
México,"San José del Rincón",50676,"El Fresno",Barrio
México,"San José del Rincón",50676,"La Magdalena San Juan Palo Seco",Barrio
México,"San José del Rincón",50676,"Loma del Cedro",Ranchería
México,"San José del Rincón",50676,"Puentecillas el Deposito",Barrio
México,"San José del Rincón",50676,"Pundereje el Depósito",Barrio
México,"San José del Rincón",50676,"Remege el Depósito",Ejido
México,"San José del Rincón",50676,"San Juan Palo Seco",Barrio
México,"San José del Rincón",50676,"San Juan Palo Seco",Pueblo
México,"San José del Rincón",50677,"Chivatí la Mesa",Pueblo
México,"San José del Rincón",50677,"El Huizache",Pueblo
México,"San José del Rincón",50677,"La Cañada del Saúco",Pueblo
México,"San José del Rincón",50677,"La Mesa",Pueblo
México,"San José del Rincón",50677,"La Trampa (La Trampa Grande)",Ranchería
México,"San José del Rincón",50677,"Palo Seco",Pueblo
México,"San José del Rincón",50677,"Rincón de Lijadero",Pueblo
México,"San José del Rincón",50677,"Yondece el Grande",Pueblo
México,"San José del Rincón",50678,"El Puente",Pueblo
México,"San José del Rincón",50678,"La Chispa",Pueblo
México,"San José del Rincón",50678,"La Trampa Chica",Pueblo
México,"San José del Rincón",50678,"Las Rosas",Pueblo
México,"San José del Rincón",50678,"Los Lobos",Pueblo
México,"San José del Rincón",50678,"Minita del Cedro Dos",Pueblo
México,"San José del Rincón",50678,"Minita del Cedro Uno",Pueblo
México,"San José del Rincón",50678,"San Joaquín Lamillas (San José Lamiilas)",Ranchería
México,"San José del Rincón",50678,"San Joaquín Lamillas Centro",Pueblo
México,"San José del Rincón",50678,"San Ramón las Rosas",Barrio
México,"San Martín de las Pirámides",55850,"San Martín Centro",Pueblo
México,"San Martín de las Pirámides",55852,"Álvaro Obregón",Colonia
México,"San Martín de las Pirámides",55852,"El Saltito",Ranchería
México,"San Martín de las Pirámides",55852,Ixtlahuaca,Pueblo
México,"San Martín de las Pirámides",55852,"Santa María Tezompa",Pueblo
México,"San Martín de las Pirámides",55853,"Cozotlán Norte",Colonia
México,"San Martín de las Pirámides",55853,"San Antonio de las Palmas",Barrio
México,"San Martín de las Pirámides",55853,"San Martín",Ejido
México,"San Martín de las Pirámides",55853,Tlachinolpa,Ranchería
México,"San Martín de las Pirámides",55854,"La Noria",Ranchería
México,"San Martín de las Pirámides",55854,"San José Cerro Gordo",Ranchería
México,"San Martín de las Pirámides",55854,"San Marcos Cerro Gordo",Colonia
México,"San Martín de las Pirámides",55855,"Club Campestre Teotihuacán",Fraccionamiento
México,"San Martín de las Pirámides",55855,"Predio Palma y Raya",Ranchería
México,"San Martín de las Pirámides",55855,"San Pablo Ixquitlan",Pueblo
México,"San Martín de las Pirámides",55855,Tlacatecpan,Ranchería
México,"San Martín de las Pirámides",55856,"Santa María Palapa",Pueblo
México,"San Martín de las Pirámides",55859,"Santiago Tepetitlán",Pueblo
México,"San Mateo Atenco",52100,"San Mateo Atenco Centro",Colonia
México,"San Mateo Atenco",52104,"Carlos Hank González","Unidad habitacional"
México,"San Mateo Atenco",52104,Cuauhtémoc,Fraccionamiento
México,"San Mateo Atenco",52104,"El Dorado 1",Fraccionamiento
México,"San Mateo Atenco",52104,"El Dorado 2",Fraccionamiento
México,"San Mateo Atenco",52104,"La Magdalena",Barrio
México,"San Mateo Atenco",52104,"San Francisco",Barrio
México,"San Mateo Atenco",52104,"San Juan",Barrio
México,"San Mateo Atenco",52104,"San Miguel",Barrio
México,"San Mateo Atenco",52104,"San Nicolás",Barrio
México,"San Mateo Atenco",52104,"Santa María",Barrio
México,"San Mateo Atenco",52104,Santiago,Barrio
México,"San Mateo Atenco",52104,"Villas de Metepec San Mateo",Fraccionamiento
México,"San Mateo Atenco",52104,"Vista Verde",Fraccionamiento
México,"San Mateo Atenco",52105,"Álvaro Obregón",Colonia
México,"San Mateo Atenco",52105,Buenavista,Colonia
México,"San Mateo Atenco",52105,"La Concepción",Barrio
México,"San Mateo Atenco",52105,"San Isidro",Barrio
México,"San Mateo Atenco",52105,"San Pedro",Barrio
México,"San Mateo Atenco",52105,"Santa Elena",Fraccionamiento
México,"San Mateo Atenco",52106,"Francisco I. Madero",Colonia
México,"San Mateo Atenco",52107,Guadalupe,Barrio
México,"San Mateo Atenco",52107,Olmos,Fraccionamiento
México,"San Mateo Atenco",52107,"Rinconada de San Carlos",Fraccionamiento
México,"San Mateo Atenco",52107,"San Lucas",Barrio
México,"San Mateo Atenco",52107,"San Román",Fraccionamiento
México,"San Mateo Atenco",52107,"Villas de Atenco",Fraccionamiento
México,"San Mateo Atenco",52110,"Emiliano Zapata",Colonia
México,"San Mateo Atenco",52120,Reforma,Colonia
México,"San Simón de Guerrero",51470,"San Simón de Guerrero",Pueblo
México,"San Simón de Guerrero",51474,"Barrio Santa Rosa ( La Gallinada )",Barrio
México,"San Simón de Guerrero",51474,"Cruz Verde",Barrio
México,"San Simón de Guerrero",51475,"La Fragua",Barrio
México,"San Simón de Guerrero",51475,"San José",Barrio
México,"San Simón de Guerrero",51475,"San Pedro",Barrio
México,"San Simón de Guerrero",51476,"Del Monte",Barrio
México,"San Simón de Guerrero",51477,"La Sierrita",Ranchería
México,"San Simón de Guerrero",51479,"Barrio Santa Cruz",Barrio
México,"San Simón de Guerrero",51479,"Estancia Vieja",Hacienda
México,"San Simón de Guerrero",51479,"Mina de Agua",Ranchería
México,"San Simón de Guerrero",51480,"La Rinconada",Pueblo
México,"San Simón de Guerrero",51480,"Rincón de los Trigos",Ranchería
México,"San Simón de Guerrero",51480,"San Diego Cuentla",Pueblo
México,"San Simón de Guerrero",51480,"San Gabriel Cuentla",Pueblo
México,"San Simón de Guerrero",51483,"Peña Redonda",Ranchería
México,"San Simón de Guerrero",51483,"Rancho Viejo",Ranchería
México,"San Simón de Guerrero",51483,"Titipac Cuentla","Poblado comunal"
México,"San Simón de Guerrero",51483,Yerbabuena,Ranchería
México,"San Simón de Guerrero",51484,"El Mango Cuentla ( El Mango )",Ranchería
México,"San Simón de Guerrero",51484,"El Zapote",Ranchería
México,"San Simón de Guerrero",51484,Guardarraya,Ranchería
México,"San Simón de Guerrero",51485,"El Jocoyol Cuentla ( Jocoyoles )",Ranchería
México,"San Simón de Guerrero",51485,"El Momustle",Ranchería
México,"San Simón de Guerrero",51485,"La Cumbre",Ranchería
México,"San Simón de Guerrero",51486,"Los Berros Cuentla",Ranchería
México,"Santo Tomás",51104,"San Miguel Sandemialma",Ejido
México,"Santo Tomás",51105,"Frontón Vivero",Ranchería
México,"Santo Tomás",51105,"Rincón Grande",Pueblo
México,"Santo Tomás",51105,"Rincón Vivero (El Maracaná)",Ranchería
México,"Santo Tomás",51105,"San Pedro Ixtapantongo",Pueblo
México,"Santo Tomás",51106,"Las Canoas",Ranchería
México,"Santo Tomás",51106,"Las Fincas",Ranchería
México,"Santo Tomás",51106,"Loma Bonita",Pueblo
México,"Santo Tomás",51106,"Salitre Terrero",Ranchería
México,"Santo Tomás",51106,Tacuitapan,Pueblo
México,"Santo Tomás",51108,"Santa Bárbara",Pueblo
México,"Santo Tomás",51108,Viejo,Pueblo
México,"Santo Tomás",51109,"El Llano",Pueblo
México,"Santo Tomás",51109,"El Plan",Pueblo
México,"Santo Tomás",51109,"Ojo de Agua",Ranchería
México,"Santo Tomás",51110,"Santo Tomás de los Plátanos",Pueblo
México,"Santo Tomás",51116,"San José Barbechos (Los Barbechos)",Ranchería
México,"Santo Tomás",51116,"San Pedro el Grande",Ranchería
México,"Santo Tomás",51117,"El Salitre de la Cal",Pueblo
México,"Santo Tomás",51117,"Potrero de Arriba",Pueblo
México,"Soyaniquilpan de Juárez",54280,"El Atoron",Colonia
México,"Soyaniquilpan de Juárez",54280,"El Chiquinte",Colonia
México,"Soyaniquilpan de Juárez",54280,"El Progreso",Colonia
México,"Soyaniquilpan de Juárez",54280,"El Ventorillo",Colonia
México,"Soyaniquilpan de Juárez",54280,"La Providencia",Colonia
México,"Soyaniquilpan de Juárez",54280,"Loma del Perdón",Colonia
México,"Soyaniquilpan de Juárez",54280,"Rancho Jesús María",Colonia
México,"Soyaniquilpan de Juárez",54280,"San Francisco Soyaniquilpan",Pueblo
México,"Soyaniquilpan de Juárez",54283,"El Capulín",Pueblo
México,"Soyaniquilpan de Juárez",54283,"El Quinte",Colonia
México,"Soyaniquilpan de Juárez",54284,"San Agustín Buenavista",Pueblo
México,"Soyaniquilpan de Juárez",54285,"El Divisadero de Zapata",Pueblo
México,"Soyaniquilpan de Juárez",54285,"El Divisadero Fresno",Pueblo
México,"Soyaniquilpan de Juárez",54285,"Gavillero de Santa Ana",Pueblo
México,"Soyaniquilpan de Juárez",54285,"San Isidro",Colonia
México,"Soyaniquilpan de Juárez",54285,"San Juan del Cuervo (El Cuervo)",Pueblo
México,"Soyaniquilpan de Juárez",54290,"Ignacio Zaragoza",Pueblo
México,"Soyaniquilpan de Juárez",54290,"La Goleta",Pueblo
México,"Soyaniquilpan de Juárez",54290,"Santa Cruz (Ejido de Palos Altos)",Pueblo
México,"Soyaniquilpan de Juárez",54293,"Quinta Manzana de San José Deguedó",Ranchería
México,"Soyaniquilpan de Juárez",54294,"El Colorado",Pueblo
México,"Soyaniquilpan de Juárez",54294,"Vista Hermosa",Pueblo
México,"Soyaniquilpan de Juárez",54295,"Palos Altos",Pueblo
México,"Soyaniquilpan de Juárez",54296,"San José Deguedo",Pueblo
México,"Soyaniquilpan de Juárez",54297,"San Juan Daxthi",Pueblo
México,Sultepec,51600,"Sultepec de Pedro Ascencio de Alquisiras",Pueblo
México,Sultepec,51603,Capula,Pueblo
México,Sultepec,51604,"Real de Abajo (Santa Lucía)",Hacienda
México,Sultepec,51605,"Diego Sanchéz",Pueblo
México,Sultepec,51605,"La Ciénega",Pueblo
México,Sultepec,51606,"La Parota",Pueblo
México,Sultepec,51606,"Santa Cruz (Santa Cruz Texcalapa)",Pueblo
México,Sultepec,51606,"Santo Tomás de las Flores (Santo Tomás)",Pueblo
México,Sultepec,51607,"La Albarrada",Pueblo
México,Sultepec,51607,"La Unión",Pueblo
México,Sultepec,51610,"La Laguna",Barrio
México,Sultepec,51610,"San Isidro Xochitla",Pueblo
México,Sultepec,51610,"San Miguel Terrero",Pueblo
México,Sultepec,51610,Sultepequito,Pueblo
México,Sultepec,51613,Pepechuca,Pueblo
México,Sultepec,51613,"Puerto San José",Pueblo
México,Sultepec,51613,"San Hipólito Zacatales",Pueblo
México,Sultepec,51613,"Santa Anita",Pueblo
México,Sultepec,51613,Sultepequito,Ejido
México,Sultepec,51614,"El Cristo",Pueblo
México,Sultepec,51614,"El Rincón del Cristo (Rinconada del Cristo)",Pueblo
México,Sultepec,51614,"Las Peñas",Pueblo
México,Sultepec,51614,Momostle,Pueblo
México,Sultepec,51620,"Aserradero Viejo",Pueblo
México,Sultepec,51620,"Los Epazotes",Pueblo
México,Sultepec,51620,"Puerto Frío",Pueblo
México,Sultepec,51620,"Troja Vieja",Pueblo
México,Sultepec,51623,"4 Cruces",Pueblo
México,Sultepec,51623,"Las Mesas",Pueblo
México,Sultepec,51623,Puentecillas,Pueblo
México,Sultepec,51624,"2da. Manzana 4 Cruces",Pueblo
México,Sultepec,51624,"La Virgen",Ejido
México,Sultepec,51624,"San José de Potrero",Pueblo
México,Sultepec,51624,Trojes,Pueblo
México,Sultepec,51633,"Cruz de Cedro",Pueblo
México,Sultepec,51633,"Manantial Guadalupe de Abajo",Pueblo
México,Sultepec,51633,"Manantial Guadalupe de Arriba",Pueblo
México,Sultepec,51634,"El Ranchito",Ranchería
México,Sultepec,51634,Mextepec,Pueblo
México,Sultepec,51634,"San Francisco de Asís",Pueblo
México,Sultepec,51634,"San Miguelito",Pueblo
México,Sultepec,51635,"El Potrero (Potrero de Guadalupe)",Pueblo
México,Sultepec,51636,"El Calvarito",Pueblo
México,Sultepec,51636,Potzontepec,Pueblo
México,Sultepec,51637,Atzumpa,Pueblo
México,Sultepec,51637,"El Teamate",Pueblo
México,Sultepec,51637,"Rincón de los Aguilares",Pueblo
México,Sultepec,51637,Salayatla,Pueblo
México,Sultepec,51637,Salinas,Ranchería
México,Sultepec,51640,"San Pedro Hueyahualco",Pueblo
México,Sultepec,51644,"El Huizache",Pueblo
México,Sultepec,51644,"Jalpan (Jalpa)",Pueblo
México,Sultepec,51645,Cojaltitla,Pueblo
México,Sultepec,51645,"Laguna Verde",Pueblo
México,Sultepec,51645,"San Miguel Totolmaloya",Pueblo
México,Sultepec,51645,"Tenanguillo de las Peñas",Pueblo
México,Sultepec,51646,"El Naranjo",Pueblo
México,Sultepec,51647,Xochitla,Pueblo
México,Sultepec,51650,Coquillo,Pueblo
México,Sultepec,51650,"Filo los Amates",Pueblo
México,Sultepec,51650,"Las Joyas",Pueblo
México,Sultepec,51650,Metlaltepec,Pueblo
México,Sultepec,51653,Capulatengo,Pueblo
México,Sultepec,51653,"Laguna Seca",Pueblo
México,Sultepec,51654,"San Nicolás del Cobre (San Nicolás)",Pueblo
México,Sultepec,51654,Tehuilotepec,Pueblo
México,Sultepec,51655,"El Puerto del Teamate (Puerto de las Majadas)",Pueblo
México,Tecámac,55740,"El Calvario",Barrio
México,Tecámac,55740,"Galaxias el Llano",Fraccionamiento
México,Tecámac,55740,"Tecámac de Felipe Villanueva Centro",Pueblo
México,Tecámac,55743,"Hacienda del Bosque",Fraccionamiento
México,Tecámac,55743,"Isidro Fabela",Colonia
México,Tecámac,55743,"La Palma",Colonia
México,Tecámac,55743,"Rancho la Luz",Condominio
México,Tecámac,55743,"Real Granada",Fraccionamiento
México,Tecámac,55743,"San Nicolás la Redonda",Fraccionamiento
México,Tecámac,55744,"San Pedro Potzohuacan",Pueblo
México,Tecámac,55745,"Ampliación San Jerónimo",Colonia
México,Tecámac,55745,"Jardines de Xonacahuacan",Colonia
México,Tecámac,55745,"Nuevo México",Colonia
México,Tecámac,55745,"San Jerónimo Xonacahuacan",Pueblo
México,Tecámac,55746,"Santa Cruz Tecámac",Fraccionamiento
México,Tecámac,55747,Citlalcoatl,Colonia
México,Tecámac,55747,"Nueva Santa María (De San Pablo Tecalco)",Colonia
México,Tecámac,55747,"San Antonio de San Pablo Tecalco",Colonia
México,Tecámac,55747,"San Isidro",Colonia
México,Tecámac,55747,"San Pablo Tecalco",Pueblo
México,Tecámac,55748,"Ampliación Ejido de Tecámac",Colonia
México,Tecámac,55748,"Ejido de Tecámac",Colonia
México,Tecámac,55748,"Los Olivos",Colonia
México,Tecámac,55748,"Los Olivos",Fraccionamiento
México,Tecámac,55748,"Primero de Marzo",Colonia
México,Tecámac,55748,"San José",Colonia
México,Tecámac,55748,"San Martín Azcatepec",Colonia
México,Tecámac,55748,"San Mateo Tecalco",Colonia
México,Tecámac,55749,"5 de Mayo",Colonia
México,Tecámac,55749,"Ampliación 5 de Mayo",Colonia
México,Tecámac,55749,Azul,Ranchería
México,Tecámac,55749,"Del Catillo",Fraccionamiento
México,Tecámac,55749,Electricistas,Colonia
México,Tecámac,55749,Hueyotenco,Colonia
México,Tecámac,55749,Ixotitla,Colonia
México,Tecámac,55749,"Jardines de Tecámac",Fraccionamiento
México,Tecámac,55749,"La Nopalera",Colonia
México,Tecámac,55749,"Nueva Santa María",Colonia
México,Tecámac,55749,"Sierra Hermosa",Fraccionamiento
México,Tecámac,55749,Texcaltitla,Colonia
México,Tecámac,55749,"Villa del Real",Fraccionamiento
México,Tecámac,55749,"Vista Hermosa",Colonia
México,Tecámac,55750,"Santa María Ajoloapan",Pueblo
México,Tecámac,55752,"San Juan Pueblo Nuevo",Pueblo
México,Tecámac,55754,"Loma de San Jerónimo (Ampliación Santo Domingo)",Colonia
México,Tecámac,55754,"Paseos de Tecámac",Fraccionamiento
México,Tecámac,55754,"Santo Domingo Ajoloapan",Pueblo
México,Tecámac,55755,Buenavista,Colonia
México,Tecámac,55755,"El Calvario de Reyes Acozac",Barrio
México,Tecámac,55755,"Guadalupe de Reyes Acozac",Barrio
México,Tecámac,55755,"La Campiña",Colonia
México,Tecámac,55755,"La Michapa",Colonia
México,Tecámac,55755,"La Palma de Reyes",Colonia
México,Tecámac,55755,"Los Reyes Acozac",Pueblo
México,Tecámac,55755,Progreso,Colonia
México,Tecámac,55755,"San Miguel",Colonia
México,Tecámac,55757,Ejidal,Colonia
México,Tecámac,55757,"San Lucas Xolox",Pueblo
México,Tecámac,55758,"Ampliación la Palma (Zona Industrial)","Zona industrial"
México,Tecámac,55760,Atlautenco,Colonia
México,Tecámac,55760,"El Calvario de Ozumbilla",Barrio
México,Tecámac,55760,Magisterial,Colonia
México,Tecámac,55760,"Mexicanos Unidos",Fraccionamiento
México,Tecámac,55760,"Portal Ojo de Agua",Fraccionamiento
México,Tecámac,55760,"San Francisco Cuautliquixca",Pueblo
México,Tecámac,55760,"Santa María Ozumbilla",Pueblo
México,Tecámac,55763,"Los Héroes Tecámac","Unidad habitacional"
México,Tecámac,55764,"Los Héroes Ozumbilla","Unidad habitacional"
México,Tecámac,55764,"Los Héroes Tecámac II","Unidad habitacional"
México,Tecámac,55764,"Margarito F. Ayala",Colonia
México,Tecámac,55764,"Nuevo Paraíso",Colonia
México,Tecámac,55765,"10 de Junio",Colonia
México,Tecámac,55765,"21 de Agosto",Colonia
México,Tecámac,55765,Esmeralda,Colonia
México,Tecámac,55765,"Granjas Valle de Guadalupe",Colonia
México,Tecámac,55765,"Jesús Romero Flores",Colonia
México,Tecámac,55765,"La Cañada",Colonia
México,Tecámac,55765,"Lomas de Tecámac",Fraccionamiento
México,Tecámac,55765,"Los Héroes San Pablo",Fraccionamiento
México,Tecámac,55765,"México Independiente",Colonia
México,Tecámac,55765,"Nueva Tlalnepantla",Colonia
México,Tecámac,55765,"Soto y Gama",Colonia
México,Tecámac,55766,"Ampliación Ozumbilla",Colonia
México,Tecámac,55767,"Conjunto urbano Real Verona",Fraccionamiento
México,Tecámac,55767,"Loma Bonita",Colonia
México,Tecámac,55767,"Los Arcos",Colonia
México,Tecámac,55767,"Punta Palermo",Fraccionamiento
México,Tecámac,55767,"Real Castell",Fraccionamiento
México,Tecámac,55767,"Real del Cid",Fraccionamiento
México,Tecámac,55767,"Real del Sol",Fraccionamiento
México,Tecámac,55767,"Real Firenze",Fraccionamiento
México,Tecámac,55767,"Real Toscana",Fraccionamiento
México,Tecámac,55767,"Santa Cruz",Colonia
México,Tecámac,55767,"Valle San Pedro Urbi Quinta Versalles",Fraccionamiento
México,Tecámac,55767,"Valle San Pedro Urbi Villa del Campo",Fraccionamiento
México,Tecámac,55768,Cuauhtémoc,Colonia
México,Tecámac,55768,"La Azteca",Colonia
México,Tecámac,55768,"Lomas de Ozumbilla",Colonia
México,Tecámac,55768,"San Antonio (de San Francisco Cuautliquixca)",Colonia
México,Tecámac,55768,Tezontla,Colonia
México,Tecámac,55768,"Vista Hermosa (De Ozumbilla)",Colonia
México,Tecámac,55769,Norchuca,Colonia
México,Tecámac,55770,"El Terromote",Colonia
México,Tecámac,55770,"Ojo de Agua",Fraccionamiento
México,Tecámac,55770,"Rinconada San Pedro",Fraccionamiento
México,Tecámac,55770,"San Pedro Atzompa",Pueblo
México,Tecámac,55773,"Hacienda Provenzal","Conjunto habitaciona"
México,Tecámac,55776,"Lomas de San Pedro Atzompa",Colonia
México,Tecámac,55778,"Ampliación de la Concepción",Colonia
México,Tejupilco,51400,Hidalgo,Colonia
México,Tejupilco,51400,"La Florida",Colonia
México,Tejupilco,51400,"La Isla",Colonia
México,Tejupilco,51400,Sanchéz,Colonia
México,Tejupilco,51400,"Tejupilco de Hidalgo Centro",Colonia
México,Tejupilco,51410,"Agua Bendita",Ranchería
México,Tejupilco,51410,Buenavista,Colonia
México,Tejupilco,51410,"Cerro de Cacalotepec",Ranchería
México,Tejupilco,51410,"El Capire",Colonia
México,Tejupilco,51410,"El Cuagüilote Ojo de Agua (La Pera)",Ranchería
México,Tejupilco,51410,"Jalpan (Jalpan San Simón)",Pueblo
México,Tejupilco,51410,"Ojo de Agua (Rincón de Ugarte)",Ranchería
México,Tejupilco,51410,"Rincón de López",Colonia
México,Tejupilco,51410,"Rincón de Ugartes",Ranchería
México,Tejupilco,51410,"San José de la Laguna",Colonia
México,Tejupilco,51412,"Cerro de Mazatepec",Ranchería
México,Tejupilco,51412,"El Ocote",Ranchería
México,Tejupilco,51412,"El Sol",Colonia
México,Tejupilco,51412,"Emiliano Zapata",Colonia
México,Tejupilco,51412,Independencia,Colonia
México,Tejupilco,51412,Juárez,Colonia
México,Tejupilco,51412,"Juntas de Zacatepec (El Pedregal 2a. Mza.)",Ranchería
México,Tejupilco,51412,"La Laguna de Mazatepec",Ranchería
México,Tejupilco,51412,"Las Américas",Colonia
México,Tejupilco,51412,"Las Rosas",Colonia
México,Tejupilco,51412,"Lomas de Tejupilco",Colonia
México,Tejupilco,51412,"Luis Donaldo Colosio",Colonia
México,Tejupilco,51412,Mazatepec,Pueblo
México,Tejupilco,51412,"México 68",Colonia
México,Tejupilco,51412,"Rincón de Aguirre",Ranchería
México,Tejupilco,51412,"Rincón de Jaimes",Colonia
México,Tejupilco,51412,"Rincón del Carmen",Pueblo
México,Tejupilco,51412,"Rinconada de la Labor",Ranchería
México,Tejupilco,51412,"Río de Aquiagua (Aquiagua)",Pueblo
México,Tejupilco,51412,"Vicente Guerrero",Colonia
México,Tejupilco,51412,Zacatepec,Pueblo
México,Tejupilco,51413,"Los Baños",Ranchería
México,Tejupilco,51413,"Plan de Maguey",Ranchería
México,Tejupilco,51413,"Puerto Madroño",Ranchería
México,Tejupilco,51413,"Rincón de San Gabriel",Ranchería
México,Tejupilco,51413,"San Andrés Ocotepec",Pueblo
México,Tejupilco,51413,"San Gabriel Pantoja",Pueblo
México,Tejupilco,51414,"Cuadrilla de Leones",Ranchería
México,Tejupilco,51414,Fragüita,"Poblado comunal"
México,Tejupilco,51414,ISSEMYM,Fraccionamiento
México,Tejupilco,51414,"La Cabecera (La Cabecera de los Arrayanes)",Colonia
México,Tejupilco,51414,"Los Colorines","Poblado comunal"
México,Tejupilco,51414,"Los Pericones",Ranchería
México,Tejupilco,51414,"Paso de Vigas",Colonia
México,Tejupilco,51414,"Rincón del Naranjo La Cabecera",Ranchería
México,Tejupilco,51415,"Cañadas de San Simón (Cañada de Chivas)",Ranchería
México,Tejupilco,51415,"El Calvario",Colonia
México,Tejupilco,51415,"El Cirián de la Laguna (El Cirián)",Ranchería
México,Tejupilco,51415,"El Salitre Segunda Seccción",Ranchería
México,Tejupilco,51415,Epazotes,Colonia
México,Tejupilco,51415,Jumiltepec,Pueblo
México,Tejupilco,51415,"La Cofradía los Mangos",Colonia
México,Tejupilco,51415,"Salitre de San Lucas",Ranchería
México,Tejupilco,51415,Suquitila,Ranchería
México,Tejupilco,51416,"Antonio de San Lucas del Maíz",Ranchería
México,Tejupilco,51416,"La Joya de San Lucas","Poblado comunal"
México,Tejupilco,51416,"Llano Grande (Llano Grande de San Lucas)",Ranchería
México,Tejupilco,51416,"Piedra Ancha",Ranchería
México,Tejupilco,51416,"San Lucas del Maíz (San Lucas)",Pueblo
México,Tejupilco,51417,"Agua Negra",Ranchería
México,Tejupilco,51417,"Cuadrilla de los Martínez (Los Martínez)",Ranchería
México,Tejupilco,51417,Cuevillas,Ranchería
México,Tejupilco,51417,"El Mamey de San Lucas",Ranchería
México,Tejupilco,51417,"El Platanal (El Platanal de San Lucas)",Ranchería
México,Tejupilco,51417,"Fundadora de San Lucas del Maíz",Ranchería
México,Tejupilco,51417,"La Angostura Primera",Ranchería
México,Tejupilco,51417,"Limón de San Lucas del Maíz",Ranchería
México,Tejupilco,51417,"Los Melchores de San Lucas (Los Melchores)",Ranchería
México,Tejupilco,51417,"Sáuz de San Lucas (El Sáuz)","Poblado comunal"
México,Tejupilco,51418,"Almoloya de las Granadas",Pueblo
México,Tejupilco,51418,"Cerro Alto (Milpa Vieja)",Ranchería
México,Tejupilco,51418,"Río Grande",Pueblo
México,Tejupilco,51418,"Tenería (Pueblo Nuevo)",Pueblo
México,Tejupilco,51422,"Cerro Gordo",Ranchería
México,Tejupilco,51422,"El Limón de la Estancia",Ranchería
México,Tejupilco,51422,"El Rodeo",Ranchería
México,Tejupilco,51422,"La Estancia de Ixtapan",Ranchería
México,Tejupilco,51422,"La Labor de Zaragoza",Pueblo
México,Tejupilco,51422,Ocoyapan,Pueblo
México,Tejupilco,51422,"Zapote del Ancón",Ranchería
México,Tejupilco,51423,Antimonio,Ranchería
México,Tejupilco,51423,"Antimonio Pantoja",Ranchería
México,Tejupilco,51423,Arballo,Colonia
México,Tejupilco,51423,"El Capire de Pantoja",Ranchería
México,Tejupilco,51423,Pantoja,Pueblo
México,Tejupilco,51423,"Santiago Arizmendi",Pueblo
México,Tejupilco,51424,"El Sauz Ocotepec (El Sauz)",Ranchería
México,Tejupilco,51424,"Encinos Verdes",Ranchería
México,Tejupilco,51424,"Las Animas",Ranchería
México,Tejupilco,51424,"Llano Grande",Pueblo
México,Tejupilco,51424,"Rincón el Sáuz Ocotepec",Ranchería
México,Tejupilco,51425,"Cerro del Chirimoyo",Ranchería
México,Tejupilco,51425,"Cerro del Divisadero",Ranchería
México,Tejupilco,51425,"El Zapote de Ixtapan (El Zapote)",Ranchería
México,Tejupilco,51425,"Hacienda de Ixtapan",Ranchería
México,Tejupilco,51425,"Juluapan (Juloapan)",Ranchería
México,Tejupilco,51425,"Las Moras",Ranchería
México,Tejupilco,51425,"Lodo Prieto",Ranchería
México,Tejupilco,51425,"Los Nopales",Ranchería
México,Tejupilco,51425,"Puerto de Jalpan (Jalpa)",Ranchería
México,Tejupilco,51425,"Rincón Chiquito",Ranchería
México,Tejupilco,51425,"San Francisco",Ranchería
México,Tejupilco,51426,Ilamos,Ranchería
México,Tejupilco,51426,"La Guitarra",Ranchería
México,Tejupilco,51426,"Las Juntas de Ixtapan",Ranchería
México,Tejupilco,51426,"Puerto del Aire",Pueblo
México,Tejupilco,51426,"San Miguel Ixtapan",Pueblo
México,Tejupilco,51427,Acamuchitlán,Pueblo
México,Tejupilco,51427,"Aguacate-Monte de Dios",Ranchería
México,Tejupilco,51427,"Cuadrilla de López",Colonia
México,Tejupilco,51427,"El Burrito (El Sáuz)",Ranchería
México,Tejupilco,51427,"El Carmen de Ixtapan",Colonia
México,Tejupilco,51427,"Las Juntas",Ranchería
México,Tejupilco,51427,"Monte de Dios",Ranchería
México,Tejupilco,51427,"Pinzán Morado",Ranchería
México,Tejupilco,51427,"Plaza de Gallos",Ranchería
México,Tejupilco,51427,"Salitre de Acamuchitlán (El Salitre)",Pueblo
México,Tejupilco,51427,"Salto Grande",Ranchería
México,Tejupilco,51427,"San Mateo (San Mateo Ixtapan)",Ranchería
México,Tejupilco,51427,Tirados,Ranchería
México,Tejupilco,51427,Tonatilco,"Poblado comunal"
México,Tejupilco,51428,"Barranca de Ixtapan",Ranchería
México,Tejupilco,51428,"Campanario de Ixtapan (El Campanario)",Ranchería
México,Tejupilco,51428,"El Potrero de Ixtapan (El Potrero)",Ranchería
México,Tejupilco,51428,"La Florida (Kilómetro Cinco)",Pueblo
México,Tejupilco,51428,"Las Mesas de Ixtapan (Las Mesas)",Pueblo
México,Tejupilco,51428,"Santa María de las Flores",Ranchería
México,Tejupilco,51428,"Santa Rosa (Las Juntas)",Ranchería
México,Tejupilco,51428,"Santa Rosa Rincón de Jaimes","Poblado comunal"
México,Tejupilco,51430,"Bejucos de Sanchéz Colin",Colonia
México,Tejupilco,51432,"Cerro de los Elizaldes",Ranchería
México,Tejupilco,51432,"Cerro de los Huérfanos",Ranchería
México,Tejupilco,51432,"Cuadrilla del Molino",Ranchería
México,Tejupilco,51432,"El Ciruelo",Ranchería
México,Tejupilco,51432,"La Cañada",Ranchería
México,Tejupilco,51432,"Las Mesas de los Capires (Las Mesas)",Ranchería
México,Tejupilco,51432,"Potrero del Guayabal",Ranchería
México,Tejupilco,51432,"Puerto la Piedra Labrada (Pto. de Carboneras)",Ranchería
México,Tejupilco,51432,"Rincón de Carboneras (Carboneras)",Ranchería
México,Tejupilco,51432,"Rincón del Guayabal",Colonia
México,Tejupilco,51433,"El Corupo",Ranchería
México,Tejupilco,51433,"El Jumate",Ranchería
México,Tejupilco,51433,"El Zapote de Acamuchitlán (El Zapote)",Pueblo
México,Tejupilco,51433,"La Calera",Ranchería
México,Tejupilco,51433,"La Mesa",Ranchería
México,Tejupilco,51433,"Planes de la Cofradía (Los Planes)",Ranchería
México,Tejupilco,51433,"Río Chiquito",Ranchería
México,Tejupilco,51433,"Tejapan Limones (Tejapan)",Pueblo
México,Tejupilco,51434,Coahuilotes,Ranchería
México,Tejupilco,51434,"El Guayabo",Ranchería
México,Tejupilco,51434,"El Naranjo Grande",Ranchería
México,Tejupilco,51434,"La Bolsa",Ranchería
México,Tejupilco,51434,"La Cuitacera",Ranchería
México,Tejupilco,51434,"Las Anonas",Ranchería
México,Tejupilco,51434,"Las Ilamas",Ranchería
México,Tejupilco,51434,"Los Pinzanes (La Pinzanera)",Ranchería
México,Tejupilco,51434,"Naranjo Chiquito",Ranchería
México,Tejupilco,51434,"Paso de San Juan",Pueblo
México,Tejupilco,51435,"Barro Prieto",Ranchería
México,Tejupilco,51435,Cacahuananche,Ranchería
México,Tejupilco,51435,"La Calera",Ranchería
México,Tejupilco,51435,"Paso de la Parota",Ranchería
México,Tejupilco,51435,"Paso del Guayabal (El Paso)",Pueblo
México,Tejupilco,51435,"Plan del Puente",Ranchería
México,Tejupilco,51436,"Benito Juárez (Lázaro Cárdenas del Río)",Colonia
México,Tejupilco,51436,"El Molino del Salto (Galera del Molino)",Ranchería
México,Tejupilco,51436,"El Puerto del Blanqueadero (Peñas Pintas)","Poblado comunal"
México,Tejupilco,51436,"El Salto (El Salto Dos)",Ranchería
México,Tejupilco,51436,"La Palma Cuata (La Palma)",Colonia
México,Tejupilco,51436,"Las Juntas del Salto",Ranchería
México,Tejupilco,51436,"Las Lomas (Los Depósitos)",Ranchería
México,Tejupilco,51436,"Mesa de Gallos (El Llano)",Ranchería
México,Tejupilco,51436,"Potrero Grande","Poblado comunal"
México,Tejupilco,51437,"El Picacho del Rincón del Guayabal",Ranchería
México,Tejupilco,51437,"La Parota (Rancho las Parotas)",Ranchería
México,Tejupilco,51437,"Paredes Prietas",Ranchería
México,Temamatla,56650,Cuautitla,Barrio
México,Temamatla,56650,Guadalupana,Colonia
México,Temamatla,56650,"La Estación (La Caseta)",Colonia
México,Temamatla,56650,"Predio de los Albertocos",Colonia
México,Temamatla,56650,"San Juan Temamatla",Pueblo
México,Temamatla,56650,Tepetitla,Barrio
México,Temamatla,56650,Xalpa,Barrio
México,Temamatla,56653,"Santiago Zula",Pueblo
México,Temamatla,56654,"Ampliación Potrero",Colonia
México,Temamatla,56654,"El Tejocote",Ejido
México,Temamatla,56654,"El Tejocote (Colonia Jesús Estudillo L.)",Colonia
México,Temamatla,56655,"Los Reyes Acatlixhuayan",Pueblo
México,Temamatla,56656,"San Judas Tadeo",Rancho
México,Temamatla,56656,Tepancal,Colonia
México,Temamatla,56657,"El Cabi","Zona militar"
México,Temamatla,56657,Tenexcaltitla,Colonia
México,Temascalapa,55980,"De Dolores",Barrio
México,Temascalapa,55980,"De la Cruz",Barrio
México,Temascalapa,55980,"San Antonio",Barrio
México,Temascalapa,55980,"San Bartolome Actopan","Poblado comunal"
México,Temascalapa,55980,"San José",Barrio
México,Temascalapa,55980,"San Juan Teacalco",Pueblo
México,Temascalapa,55980,"San Miguel",Barrio
México,Temascalapa,55983,"El Abrojal o Barranquillas",Ranchería
México,Temascalapa,55983,"El Chopo",Ranchería
México,Temascalapa,55984,"De Belén",Barrio
México,Temascalapa,55984,Ocotitlán,Ranchería
México,Temascalapa,55984,"San Cipriano (Rancho el Piojo)",Ranchería
México,Temascalapa,55984,"San Ignacio",Ranchería
México,Temascalapa,55985,Atempan,Ranchería
México,Temascalapa,55985,Tepehuixco,Ranchería
México,Temascalapa,55988,"Las Pintas",Ranchería
México,Temascalapa,55989,"Presa del Rey",Pueblo
México,Temascalapa,55990,"Ixtlahuaca de Cuauhtémoc",Pueblo
México,Temascalapa,55993,"La Estrella",Ranchería
México,Temascalapa,55993,"San Francisco de Paula (Paula)",Ranchería
México,Temascalapa,55993,"San Mateo Teopancala",Pueblo
México,Temascalapa,55994,Axalpa,Colonia
México,Temascalapa,55994,"Santa Ana Tlachiahualpa","Poblado comunal"
México,Temascalapa,55994,Tontiopa,Colonia
México,Temascalapa,55995,Mihuacán,Ranchería
México,Temascalapa,55995,"San Luis",Colonia
México,Temascalapa,55995,"San Luis Tecuahutitlan",Pueblo
México,Temascalapa,55996,"Álvaro Obregón",Colonia
México,Temascalapa,55996,"La Presa",Ranchería
México,Temascalapa,55996,"Santa María Maquixco (El Alto)",Ranchería
México,Temascalapa,55997,"San Cristóbal Colhuacán",Ranchería
México,Temascalapa,55998,"El Tejocote",Ejido
México,Temascalapa,55998,"San Miguel Atlamajac",Pueblo
México,Temascalcingo,50400,"Del Calvario",Barrio
México,Temascalcingo,50400,"Temascalcingo de José María Velazco",Pueblo
México,Temascalcingo,50410,Bonsho,Barrio
México,Temascalcingo,50410,"Del Socorro",Barrio
México,Temascalcingo,50410,"La Magdalena",Barrio
México,Temascalcingo,50410,"La Magdalena Cruz Blanca",Barrio
México,Temascalcingo,50410,Maro,Barrio
México,Temascalcingo,50410,Puruahua,Barrio
México,Temascalcingo,50413,Ahuacatitlán,Pueblo
México,Temascalcingo,50413,"Ahuacatitlán ( La Providencia )",Ranchería
México,Temascalcingo,50413,"Ahuacatitlán Centro","Poblado comunal"
México,Temascalcingo,50413,"La Magdalena Bosha",Barrio
México,Temascalcingo,50414,"Barrio de Shelle","Poblado comunal"
México,Temascalcingo,50414,"El Pedregal",Pueblo
México,Temascalcingo,50414,"La Loma de San Mateo","Poblado comunal"
México,Temascalcingo,50414,"San Mateo el Viejo",Pueblo
México,Temascalcingo,50414,"San Pedro el Alto",Pueblo
México,Temascalcingo,50414,"Santa Lucia (Ejido de San Mateo el Viejo)","Poblado comunal"
México,Temascalcingo,50415,Andaro,Barrio
México,Temascalcingo,50415,Boqui,Barrio
México,Temascalcingo,50415,"La Corona","Poblado comunal"
México,Temascalcingo,50415,Puente,Barrio
México,Temascalcingo,50420,Bombaro,Barrio
México,Temascalcingo,50420,Boshesda,Pueblo
México,Temascalcingo,50420,"Mesa de Bombaro",Barrio
México,Temascalcingo,50420,"Santiago Coachochitlán Barrio del Rincón","Poblado comunal"
México,Temascalcingo,50423,"Los Pastores (Pastores Segundo Barrio)","Poblado comunal"
México,Temascalcingo,50423,"Pastores Primer Barrio","Poblado comunal"
México,Temascalcingo,50423,"San Pedro de la Loma","Poblado comunal"
México,Temascalcingo,50423,"San Pedro Potla Centro",Pueblo
México,Temascalcingo,50423,"San Pedro Potla Primer Barrio Ejido","Poblado comunal"
México,Temascalcingo,50423,"San Pedro Potla Segundo Barrio","Poblado comunal"
México,Temascalcingo,50423,"San Pedro Potla Tercer Barrio","Poblado comunal"
México,Temascalcingo,50424,"San Francisco Tepeolulco",Pueblo
México,Temascalcingo,50424,"San Francisco Tepeolulco Primer Barrio",Barrio
México,Temascalcingo,50424,"San Francisco Tepeolulco Segundo Barrio",Barrio
México,Temascalcingo,50424,"San Francisco Tepeolulco Tercer Barrio la Mesa",Barrio
México,Temascalcingo,50424,"Santa Ana Yenshu Centro",Pueblo
México,Temascalcingo,50424,"Santa Ana Yenshu Ejido",Ranchería
México,Temascalcingo,50424,"Santa Ana Yenshu La Mesa",Ranchería
México,Temascalcingo,50425,Bachini,Barrio
México,Temascalcingo,50425,"San Juanico Centro",Ranchería
México,Temascalcingo,50425,"San Juanico el Alto",Pueblo
México,Temascalcingo,50430,Juanacatlán,Pueblo
México,Temascalcingo,50430,"La Huerta",Pueblo
México,Temascalcingo,50433,"San Francisco Solís",Pueblo
México,Temascalcingo,50433,"San Vicente Solís",Pueblo
México,Temascalcingo,50434,"Barrio las Peñas",Pueblo
México,Temascalcingo,50434,"Barrio Santa María Chamacueros",Ranchería
México,Temascalcingo,50434,"La Estanzuela",Pueblo
México,Temascalcingo,50434,"Mesa de Bañi",Pueblo
México,Temascalcingo,50434,"Mesa de los Garnica",Pueblo
México,Temascalcingo,50434,"Mesa de Santiago",Pueblo
México,Temascalcingo,50434,"Santa María Canchesda",Pueblo
México,Temascalcingo,50434,"Santiago Coachochitlán",Pueblo
México,Temascalcingo,50435,"Estación Solís (Estación Alberto Garduño)",Pueblo
México,Temascalcingo,50440,"Pueblo Nuevo Solís (La Estancia)",Pueblo
México,Temascalcingo,50443,Cuadrilla,Barrio
México,Temascalcingo,50443,"Ex-hacienda de Solís","Poblado comunal"
México,Temascalcingo,50443,"Los Pinos","Poblado comunal"
México,Temascalcingo,50443,"San José Solís",Ranchería
México,Temascalcingo,50443,"San Miguel Solís",Pueblo
México,Temascalcingo,50443,"Santa María Solís",Pueblo
México,Temascalcingo,50444,Calderas,Ranchería
México,Temascalcingo,50444,"Cerritos de Cárdenas",Ranchería
México,Temascalcingo,50444,"Mogote de la Campana","Poblado comunal"
México,Temascalcingo,50444,"San Nicolás Solís",Pueblo
México,Temascalcingo,50444,"Santa Rosa Solís",Pueblo
México,Temascalcingo,50445,"El Rodeo",Ranchería
México,Temascalcingo,50445,"La Mesa del Venado",Pueblo
México,Temascalcingo,50445,"Pozo de las Palomas","Poblado comunal"
México,Temascalcingo,50446,"El Garay",Pueblo
México,Temascalcingo,50446,"San Antonio Solís",Pueblo
México,Temascalcingo,50446,"San José los Reyes",Pueblo
México,Temascalcingo,50447,"El Tejocote (La Loma)","Poblado comunal"
México,Temascalcingo,50447,"Guadalupe Ixtapa",Pueblo
México,Temascalcingo,50447,Ixtapa,Pueblo
México,Temascalcingo,50447,"San José Ixtapa",Pueblo
México,Temascaltepec,51300,Balveria,Barrio
México,Temascaltepec,51300,Carnicería,Pueblo
México,Temascaltepec,51300,"De Cantarranas",Barrio
México,Temascaltepec,51300,"De Doña Rosa",Barrio
México,Temascaltepec,51300,"De Santiago",Barrio
México,Temascaltepec,51300,"Del Fortín",Barrio
México,Temascaltepec,51300,"Del Temeroso",Barrio
México,Temascaltepec,51300,"La Cascada (Barrio del Varal)",Barrio
México,Temascaltepec,51300,"La Magdalena (La Magdalena)",Barrio
México,Temascaltepec,51300,Milán,Barrio
México,Temascaltepec,51300,"San Francisco",Barrio
México,Temascaltepec,51300,"San Sebastián Carboneras (Carboneras)",Pueblo
México,Temascaltepec,51300,"Temascaltepec de González",Pueblo
México,Temascaltepec,51303,"San Lucas del Pulque",Pueblo
México,Temascaltepec,51304,"El Tule",Ranchería
México,Temascaltepec,51304,"La Albarrada (San Francisco la Albarrada)",Pueblo
México,Temascaltepec,51304,"Los Timbres",Pueblo
México,Temascaltepec,51304,Telpintla,Pueblo
México,Temascaltepec,51305,"El Cerro Pelón",Pueblo
México,Temascaltepec,51305,"El Peñon",Ranchería
México,Temascaltepec,51310,"El Salitre",Pueblo
México,Temascaltepec,51310,"La Finca",Pueblo
México,Temascaltepec,51314,"El Chilar del Ejido de las Trancas",Ranchería
México,Temascaltepec,51314,"El Potrero de Tenayal",Pueblo
México,Temascaltepec,51314,"Las Trancas",Ranchería
México,Temascaltepec,51314,"San Pedro Tenayac",Pueblo
México,Temascaltepec,51315,Lampazos,Pueblo
México,Temascaltepec,51320,"Potrero de San José",Pueblo
México,Temascaltepec,51320,"San Francisco de los Ranchos",Ranchería
México,Temascaltepec,51320,"San Mateo Almomoloa",Pueblo
México,Temascaltepec,51323,"Mesón Viejo",Pueblo
México,Temascaltepec,51323,"San Francisco Oxtotilpan",Pueblo
México,Temascaltepec,51324,"Hoyos de Vázquez",Ranchería
México,Temascaltepec,51324,"San Miguel Oxtotilpan",Pueblo
México,Temascaltepec,51325,"Cieneguilla de González",Pueblo
México,Temascaltepec,51325,"Granjas de Cieneguillas",Ranchería
México,Temascaltepec,51325,"La Comunidad",Pueblo
México,Temascaltepec,51325,"San Antonio Albarranes",Pueblo
México,Temascaltepec,51325,Santanas,Pueblo
México,Temascaltepec,51326,"Jesús del Monte",Pueblo
México,Temascaltepec,51340,"Las Mesas de Real de Arriba",Ranchería
México,Temascaltepec,51340,"Milpas Viejas",Pueblo
México,Temascaltepec,51340,"Mina del Rincón",Ranchería
México,Temascaltepec,51340,"Real de Arriba",Ejido
México,Temascaltepec,51340,"Real de Arriba",Pueblo
México,Temascaltepec,51340,"Rincón de San Andrés",Pueblo
México,Temascaltepec,51340,"San Andrés de los Gama",Pueblo
México,Temascaltepec,51344,"Estancia de Tequesquipan",Pueblo
México,Temascaltepec,51344,"La Laguna",Ranchería
México,Temascaltepec,51344,"Los Ocotes",Pueblo
México,Temascaltepec,51344,"Pedregales de Tequesquipan",Ranchería
México,Temascaltepec,51344,"Pueblo Nuevo",Ranchería
México,Temascaltepec,51344,"Rincón de Atarasquillo",Pueblo
México,Temascaltepec,51344,"Rincón de Tequesquipan",Pueblo
México,Temascaltepec,51344,"San Juan",Ranchería
México,Temascaltepec,51344,"San Martín Tequesquipan (Tequesquipan)",Pueblo
México,Temascaltepec,51345,"El Varal",Ranchería
México,Temascaltepec,51346,Cajones,Ranchería
México,Temascaltepec,51346,"Cieneguillas de Labra",Ranchería
México,Temascaltepec,51346,"La Cumbre",Ranchería
México,Temascaltepec,51346,"La Guacamaya",Pueblo
México,Temascaltepec,51346,"Labor las Cabras",Ranchería
México,Temascaltepec,51346,"Manzana de Tequesquipan (Las Manzanas)",Ranchería
México,Temascaltepec,51346,"Manzana del Jabalí",Ranchería
México,Temascaltepec,51346,"Plan de Vigas",Pueblo
México,Temascaltepec,51349,"La Labor",Pueblo
México,Temoaya,50850,Temoaya,Pueblo
México,Temoaya,50860,Pothé,Pueblo
México,Temoaya,50860,"Tlaltenango Abajo",Pueblo
México,Temoaya,50860,"Tlaltenango Arriba",Pueblo
México,Temoaya,50863,"Adolfo lópez Mateos",Colonia
México,Temoaya,50863,"Jiquipilco el Viejo",Pueblo
México,Temoaya,50863,"La Cañada",Pueblo
México,Temoaya,50863,"Tierra Blanca",Pueblo
México,Temoaya,50864,"Calle Real",Pueblo
México,Temoaya,50864,"Cerrito del Panal",Pueblo
México,Temoaya,50864,"Loma Alta",Colonia
México,Temoaya,50865,Enthavi,Pueblo
México,Temoaya,50865,"Enthavi 3ra. Sección",Pueblo
México,Temoaya,50865,"Solalpan 2a. Sección",Pueblo
México,Temoaya,50866,"Enthavi 2da. Sección",Pueblo
México,Temoaya,50866,"Luis Donaldo Colosio Murrieta",Colonia
México,Temoaya,50866,"San Pedro Abajo",Pueblo
México,Temoaya,50866,"San Pedro Abajo 2a Sección",Pueblo
México,Temoaya,50866,"Solalpan 1ra. Sección",Pueblo
México,Temoaya,50866,Tlaltenanguito,Pueblo
México,Temoaya,50866,"Zanja Vieja",Pueblo
México,Temoaya,50867,"Laurel 1ra. Sección",Barrio
México,Temoaya,50867,"Laureles 2da. Sección",Pueblo
México,Temoaya,50867,"San Pedro Abajo 1a. Sección (Loma del Carcol)",Ranchería
México,Temoaya,50867,"San Pedro Arriba",Pueblo
México,Temoaya,50867,"San Pedro Arriba 2da. Sección",Barrio
México,Temoaya,50867,"San Pedro Arriba 3a Sección",Pueblo
México,Temoaya,50867,"San Pedro Arriba 4a Sección",Pueblo
México,Temoaya,50867,"San Pedro Arriba 5a Sección",Pueblo
México,Temoaya,50868,"Centro Ceremonial Otomí",Colonia
México,Temoaya,50870,Mimbres,Ejido
México,Temoaya,50870,"San Lorenzo Oyamel",Pueblo
México,Temoaya,50874,"Campamento Kilometro 48",Pueblo
México,Temoaya,50874,"La Magdalena Tenexpan",Pueblo
México,Temoaya,50874,"Molino Arriba",Pueblo
México,Temoaya,50880,"De Trojes",Ranchería
México,Temoaya,50880,"Hacienda las Trojes",Fraccionamiento
México,Temoaya,50880,"Lomas del Progreso",Pueblo
México,Temoaya,50880,"San Antonio del Puente",Pueblo
México,Temoaya,50880,"San José Pathe",Pueblo
México,Temoaya,50883,Dolores,Ejido
México,Temoaya,50883,Morelos,Colonia
México,Temoaya,50884,"Llano de la Y",Pueblo
México,Temoaya,50885,"Buenavista el Grande",Pueblo
México,Temoaya,50885,"Rinconada del Valle",Fraccionamiento
México,Temoaya,50886,"La Magadalena Tenexpan Cuarta Sección",Ranchería
México,Temoaya,50886,"Lomas de San Nicolás",Colonia
México,Temoaya,50886,"Magdalena Tenexpan 3a y 4a Sección",Pueblo
México,Temoaya,50886,"Molino Abajo",Pueblo
México,Temoaya,50890,"Emiliano Zapata",Colonia
México,Temoaya,50890,"Lázaro Cárdenas",Colonia
México,Temoaya,50890,"San Diego Alcalá",Pueblo
México,Temoaya,50890,"San Diego Alcalá Cuarta Sección",Ranchería
México,Temoaya,50893,"San José Comalco",Pueblo
México,Temoaya,50893,"San Mateo Alcalá",Pueblo
México,Temoaya,50894,"San José las Lomas",Pueblo
México,Temoaya,50895,Allende,Ejido
México,Temoaya,50895,"Las Lomas",Ranchería
México,Temoaya,50896,Taborda,Ejido
México,Tenancingo,52400,ISSEMYM,Colonia
México,Tenancingo,52400,"La Barranca",Colonia
México,Tenancingo,52400,"San Pedrito",Colonia
México,Tenancingo,52400,"Tenancingo de Degollado",Colonia
México,Tenancingo,52403,"El Chiflón",Colonia
México,Tenancingo,52403,"San Isidro",Pueblo
México,Tenancingo,52403,Shiperes,Colonia
México,Tenancingo,52410,"Capilla de los Remedios",Colonia
México,Tenancingo,52410,Morelos,Colonia
México,Tenancingo,52410,"Rinconada Atotonilco (Atotonilco)",Pueblo
México,Tenancingo,52410,"San Diego",Pueblo
México,Tenancingo,52410,"Tierra Blanca",Pueblo
México,Tenancingo,52413,"San Antonio Agua Bendita",Pueblo
México,Tenancingo,52414,"Santa Ana Ixtlahuatzingo (Santa Ana)",Pueblo
México,Tenancingo,52415,"La Compuerta",Pueblo
México,Tenancingo,52415,"La Ocotalera",Pueblo
México,Tenancingo,52415,"Rinconada Santa Teresa",Pueblo
México,Tenancingo,52416,"Francisco Zarco",Pueblo
México,Tenancingo,52416,"La Mesita",Colonia
México,Tenancingo,52416,"Los Morales",Pueblo
México,Tenancingo,52416,"Plan de San Martín",Pueblo
México,Tenancingo,52416,"San Martín Coapaxtongo",Pueblo
México,Tenancingo,52420,"14 de Marzo",Colonia
México,Tenancingo,52420,Chalchihuapan,Pueblo
México,Tenancingo,52420,Guadalupita,Pueblo
México,Tenancingo,52420,"San Juan Tetitlán",Pueblo
México,Tenancingo,52420,"San Mateo",Colonia
México,Tenancingo,52420,"San Ramón",Pueblo
México,Tenancingo,52423,"San Gabriel Zepayautla",Pueblo
México,Tenancingo,52423,"San Juan Xochiaca (Xochiaca)",Pueblo
México,Tenancingo,52424,"San Simonito",Pueblo
México,Tenancingo,52425,"San Pedro Ejido Tecomatlán  (Ejido Tecomatlán)",Pueblo
México,Tenancingo,52425,"Tecomatlán (San Miguel Tecomatlán)",Pueblo
México,Tenancingo,52426,Tepoxtepec,Pueblo
México,Tenancingo,52427,"Guadalupe Victoria",Pueblo
México,Tenancingo,52427,"Santa Cruz Xochiaca",Pueblo
México,Tenancingo,52430,"Ejido Ixpuichapan",Ejido
México,Tenancingo,52430,"San José el Cuartel",Colonia
México,Tenancingo,52433,"Cruz Vidriada",Pueblo
México,Tenancingo,52433,"Ejido de Tenería",Pueblo
México,Tenancingo,52433,"Emiliano Zapata Ejido de Tenancingo",Colonia
México,Tenancingo,52433,"San José Ixpuichiapan",Pueblo
México,Tenancingo,52433,"San José Tenería",Pueblo
México,Tenancingo,52433,"Valle de Guadalupe",Colonia
México,Tenancingo,52434,"San José Chalmita",Pueblo
México,Tenancingo,52435,Acatzingo,Pueblo
México,Tenancingo,52435,"Ejército del Trabajo",Colonia
México,Tenancingo,52435,"Emiliano Zapata Ejido Tepetzingo",Colonia
México,Tenancingo,52435,"La Lagunilla",Pueblo
México,Tenancingo,52435,Quetzalapa,Pueblo
México,Tenancingo,52435,"San Francisco Tepetzingo",Pueblo
México,Tenancingo,52435,"Santa Teresita Acatzingo",Pueblo
México,Tenancingo,52435,Tepalcatepec,Pueblo
México,Tenancingo,52435,Tepetzingo,Pueblo
México,Tenancingo,52435,Terrenate,Pueblo
México,Tenancingo,52436,"El Salitre",Pueblo
México,Tenancingo,52436,"La Cienega",Colonia
México,Tenancingo,52436,"La Trinidad",Pueblo
México,Tenancingo,52436,"Las Casuarinas",Colonia
México,Tenancingo,52436,"Pueblo Nuevo",Pueblo
México,Tenancingo,52437,"Convento del Santo Desierto del Carmen",Pueblo
México,Tenancingo,52437,"El Carmen (El Desierto del Carmen)",Pueblo
México,Tenancingo,52437,"La Loma",Pueblo
México,Tenancingo,52437,"Lázaro Cárdenas Ixpuchiapan",Colonia
México,Tenancingo,52437,"San Nicolás",Pueblo
México,"Tenango del Aire",56780,Amilco,Barrio
México,"Tenango del Aire",56780,"La Palma Tenango",Barrio
México,"Tenango del Aire",56780,"San Juan Coxtocan",Pueblo
México,"Tenango del Aire",56780,"San Mateo Tepopula",Pueblo
México,"Tenango del Aire",56780,"San Miguel",Barrio
México,"Tenango del Aire",56780,"Santiago Tepopula",Pueblo
México,"Tenango del Aire",56783,"Aculco (El Paraíso)",Ranchería
México,"Tenango del Aire",56783,"El Pedregal (Teotoxtipan)",Colonia
México,"Tenango del Aire",56783,"San Isidro Labrador (El Piaje)",Ranchería
México,"Tenango del Aire",56783,"San Luis Aculco",Colonia
México,"Tenango del Aire",56783,"San Miguel (Las Espinas)",Ranchería
México,"Tenango del Aire",56783,"Saturnino (Tepalcapa)",Ranchería
México,"Tenango del Aire",56783,"Tecuatitla (Colonia Nueva Tecuatitla)",Colonia
México,"Tenango del Aire",56784,"El Mirador",Colonia
México,"Tenango del Aire",56784,"Tres Platos",Colonia
México,"Tenango del Aire",56785,"Chavarría (Paraje Puerta)",Colonia
México,"Tenango del Valle",52300,Centro,Colonia
México,"Tenango del Valle",52300,"San Isidro",Colonia
México,"Tenango del Valle",52300,"Tenango de Arista",Colonia
México,"Tenango del Valle",52303,"De Valle",Colonia
México,"Tenango del Valle",52303,"Del Bosque",Fraccionamiento
México,"Tenango del Valle",52303,"El Carrizal",Barrio
México,"Tenango del Valle",52303,Guadalupe,Colonia
México,"Tenango del Valle",52303,"La Soya",Colonia
México,"Tenango del Valle",52303,"Las Atoleras",Barrio
México,"Tenango del Valle",52303,"León Guzmán",Colonia
México,"Tenango del Valle",52303,Magisterial,Fraccionamiento
México,"Tenango del Valle",52303,"Ojo de Agua",Colonia
México,"Tenango del Valle",52303,"Parque Industrial",Colonia
México,"Tenango del Valle",52303,"Real de Tetela",Fraccionamiento
México,"Tenango del Valle",52303,"Santa Martha",Colonia
México,"Tenango del Valle",52303,"Santo Niño de Atocha",Barrio
México,"Tenango del Valle",52303,Teotenango,Barrio
México,"Tenango del Valle",52304,"Buenos Aires",Colonia
México,"Tenango del Valle",52304,Campesina,Colonia
México,"Tenango del Valle",52304,"La Estación",Barrio
México,"Tenango del Valle",52304,"La Tabla I",Fraccionamiento
México,"Tenango del Valle",52304,"La Tabla II",Fraccionamiento
México,"Tenango del Valle",52304,"Narciso Bassols",Colonia
México,"Tenango del Valle",52304,"San José",Colonia
México,"Tenango del Valle",52305,"Cruz Verde",Colonia
México,"Tenango del Valle",52305,"El Festival",Colonia
México,"Tenango del Valle",52305,"La Aurora",Fraccionamiento
México,"Tenango del Valle",52305,"La Joya",Colonia
México,"Tenango del Valle",52305,"Los Cedros",Barrio
México,"Tenango del Valle",52305,Magisterial,Colonia
México,"Tenango del Valle",52305,"San Martín",Colonia
México,"Tenango del Valle",52305,Tecamicalli,Fraccionamiento
México,"Tenango del Valle",52307,"El Coloso",Colonia
México,"Tenango del Valle",52307,"Monte Calvario",Colonia
México,"Tenango del Valle",52310,"San Francisco Tetetla",Congregación
México,"Tenango del Valle",52315,"El Paraíso",Fraccionamiento
México,"Tenango del Valle",52315,"Santiaguito Cuaxustenco",Congregación
México,"Tenango del Valle",52316,"El Cerrito (Los Charcos)",Ranchería
México,"Tenango del Valle",52316,"Jose Herrera (La Deportiva)",Ranchería
México,"Tenango del Valle",52316,"La Providencia",Ranchería
México,"Tenango del Valle",52316,"Las Cruces","Poblado comunal"
México,"Tenango del Valle",52316,"Loma San Joaquín","Poblado comunal"
México,"Tenango del Valle",52317,"Gómez Tagle",Ranchería
México,"Tenango del Valle",52320,"Santa María Jajalpa",Pueblo
México,"Tenango del Valle",52323,"El Sauco",Ranchería
México,"Tenango del Valle",52323,"La Hacienda de Cuautenango",Ranchería
México,"Tenango del Valle",52330,"Cruz Blanca",Colonia
México,"Tenango del Valle",52330,"Lázaro Cárdenas",Barrio
México,"Tenango del Valle",52330,"San Pedro Zictepec",Congregación
México,"Tenango del Valle",52333,"Los Lavaderos",Barrio
México,"Tenango del Valle",52333,"San Francisco Tepexoxuca",Congregación
México,"Tenango del Valle",52334,"La Herradura",Colonia
México,"Tenango del Valle",52336,"La Haciendita",Colonia
México,"Tenango del Valle",52337,"La Isleta (Islote)",Colonia
México,"Tenango del Valle",52340,"El Porvenir",Barrio
México,"Tenango del Valle",52340,"San Francisco Putla",Pueblo
México,"Tenango del Valle",52343,"San Isidro",Colonia
México,"Tenango del Valle",52345,"San Miguel Balderas",Congregación
México,"Tenango del Valle",52346,"Loma Rancho Juan Méndez",Ranchería
México,"Tenango del Valle",52346,"Santa Cruz Pueblo Nuevo (Pueblo Nuevo)",Congregación
México,"Tenango del Valle",52347,"San Juan Tepehuixco",Colonia
México,"Tenango del Valle",52350,"San Bartolomé Atlatlahuca",Pueblo
México,"Tenango del Valle",52353,Acatzingo,Colonia
México,"Tenango del Valle",52353,"El Guarda",Ranchería
México,"Tenango del Valle",52353,"La Cooperativa",Colonia
México,"Tenango del Valle",52353,"Los Cedros",Barrio
México,"Tenango del Valle",52354,"Las Minas",Colonia
México,"Tenango del Valle",52355,"El Zarzal",Colonia
México,"Tenango del Valle",52355,"San José (Barranca Mocha)",Barrio
México,"Tenango del Valle",52355,"San Pedro Tlanixco",Congregación
México,"Tenango del Valle",52356,Azteca,Colonia
México,"Tenango del Valle",52356,"San Román (El Llano)",Colonia
México,"Tenango del Valle",52357,"La Loma (Las Ruinas)",Colonia
México,"Tenango del Valle",52357,"Santa Cecilia",Colonia
México,Teoloyucan,54770,"Hacienda Beatriz",Fraccionamiento
México,Teoloyucan,54770,"Misiones Teoloyucan",Fraccionamiento
México,Teoloyucan,54770,Tlatenco,Barrio
México,Teoloyucan,54770,Tlatilco,Barrio
México,Teoloyucan,54770,"Villas Teoloyucan",Fraccionamiento
México,Teoloyucan,54783,Analco,Barrio
México,Teoloyucan,54783,"Fresno 2000",Fraccionamiento
México,Teoloyucan,54783,"La Providencia",Fraccionamiento
México,Teoloyucan,54783,"San Juan",Barrio
México,Teoloyucan,54783,"Santa Cruz",Barrio
México,Teoloyucan,54783,"Santa María Caliacac",Barrio
México,Teoloyucan,54783,"Santo Tomás",Barrio
México,Teoloyucan,54783,"Santo Tomás",Colonia
México,Teoloyucan,54783,Tepanquiahuac,Barrio
México,Teoloyucan,54784,Atzacoalco,Barrio
México,Teoloyucan,54784,"Nueva Venecia",Colonia
México,Teoloyucan,54784,Sagitario,Fraccionamiento
México,Teoloyucan,54784,"San Bartolo Tlaxihuicalco",Barrio
México,Teoloyucan,54784,Santiago,Barrio
México,Teoloyucan,54785,"Ex-Hacienda San José Puente Grande",Colonia
México,Teoloyucan,54785,"La Victoria",Colonia
México,Teoloyucan,54785,"Los Olivos",Fraccionamiento
México,Teoloyucan,54785,"San José",Colonia
México,Teoloyucan,54786,Acolco,Barrio
México,Teoloyucan,54786,Axalpa,Barrio
México,Teoloyucan,54786,Cuaxoxoca,Barrio
México,Teoloyucan,54786,"Ejidal Santa Cruz del Monte",Colonia
México,Teoloyucan,54786,Guadalupe,Colonia
México,Teoloyucan,54786,"La Era",Colonia
México,Teoloyucan,54786,"San Sebastián",Barrio
México,Teoloyucan,54786,Zimapan,Barrio
México,Teoloyucan,54787,"La Tecla",Colonia
México,Teoloyucan,54787,"Lumbrera II",Colonia
México,Teoloyucan,54788,"Canta Ranas",Ranchería
México,Teoloyucan,54788,"El Mecate",Ranchería
México,Teotihuacán,55800,"San Juan Teotihuacan de Arista",Pueblo
México,Teotihuacán,55803,Acatitla,Colonia
México,Teotihuacán,55803,Colatitla,Colonia
México,Teotihuacán,55803,"El Tejocote",Colonia
México,Teotihuacán,55803,Huepalco,Colonia
México,Teotihuacán,55803,"Nueva San Pedro",Colonia
México,Teotihuacán,55804,Purificación,Pueblo
México,Teotihuacán,55805,Puxtla,Pueblo
México,Teotihuacán,55806,"Nueva Evangelista",Colonia
México,Teotihuacán,55806,"Nueva Teotihuacan",Colonia
México,Teotihuacán,55807,"El Mirador",Colonia
México,Teotihuacán,55807,Militar,"Unidad habitacional"
México,Teotihuacán,55807,"Villas de Teotihuacan",Pueblo
México,Teotihuacán,55810,"Oxtoyáhuatl (Barrio Purificación)",Ejido
México,Teotihuacán,55810,"Santa María Cozotlán",Pueblo
México,Teotihuacán,55816,"El Portal",Fraccionamiento
México,Teotihuacán,55816,"San Juan Evangelista",Pueblo
México,Teotihuacán,55817,"Loma del Cerro Colorado",Colonia
México,Teotihuacán,55820,"San Francisco Mazapa",Pueblo
México,Teotihuacán,55823,"Nueva Santa María",Colonia
México,Teotihuacán,55824,"Metepec (Estación Metepec)",Ranchería
México,Teotihuacán,55824,"San Sebastián Xolalpa",Pueblo
México,Teotihuacán,55825,"Ampliación Ejidal Tlajinga",Colonia
México,Teotihuacán,55826,"Ampliación San Francisco",Colonia
México,Teotihuacán,55829,"San Juan Teotihuacan Zona Arqueológica",Equipamiento
México,Teotihuacán,55830,"De los Deportes",Colonia
México,Teotihuacán,55830,"Del Valle",Colonia
México,Teotihuacán,55830,"San Lorenzo Tlalmimilolpan",Pueblo
México,Teotihuacán,55833,"El Potrero",Colonia
México,Teotihuacán,55833,"La Ventilla",Colonia
México,Teotihuacán,55834,"Santiago Atlatongo",Pueblo
México,Teotihuacán,55835,"Santa Catarina",Colonia
México,Teotihuacán,55835,"Santa María Coatlán",Ejido
México,Teotihuacán,55836,"San Sebastián",Ejido
México,Teotihuacán,55837,"San Lorenzo",Ejido
México,Teotihuacán,55838,Atlatongo,Ejido
México,Teotihuacán,55838,"El Potrero (Ejido Purificación)",Ejido
México,Teotihuacán,55840,"Ampliación Ejidal Maquixco",Colonia
México,Teotihuacán,55840,"Santa María Maquixco",Pueblo
México,Teotihuacán,55843,"Ampliación Cadena Maquixco",Colonia
México,Teotihuacán,55843,"El Cayahual",Colonia
México,Teotihuacán,55843,"San Agustín Actipac",Pueblo
México,Teotihuacán,55844,"Hacienda Cadena","Unidad habitacional"
México,Teotihuacán,55845,"Palomar Atlatongo",Colonia
México,Teotihuacán,55845,"Palomar Maquixco",Colonia
México,Teotihuacán,55846,"Santiago Zacualuca",Pueblo
México,Teotihuacán,55846,"Tercera Sección de Atlatongo (Cerro Ocuilán)",Ejido
México,Teotihuacán,55847,"San Isidro del Progreso",Pueblo
México,Tepetlaoxtoc,56070,"La Concepción Jolalpan",Barrio
México,Tepetlaoxtoc,56070,"La Hera",Colonia
México,Tepetlaoxtoc,56070,"Tepetlaoxtoc de Hidalgo",Pueblo
México,Tepetlaoxtoc,56074,"El Tepetloxto (Colonia Lomas de San Gabriel)",Colonia
México,Tepetlaoxtoc,56077,Santiago,Colonia
México,Tepetlaoxtoc,56080,"San Juan Totolapan",Pueblo
México,Tepetlaoxtoc,56080,"Santo Tomás Apipilhuasco",Pueblo
México,Tepetlaoxtoc,56083,"La Trinidad Amalinalco",Pueblo
México,Tepetlaoxtoc,56085,"San Bernardo Tlalmimilolpan",Pueblo
México,Tepetlaoxtoc,56086,"San Andrés de las Peras",Pueblo
México,Tepetlaoxtoc,56087,"San Pedro Chiautzingo",Pueblo
México,Tepetlaoxtoc,56090,"San Pablo Jolalpan",Pueblo
México,Tepetlaoxtoc,56093,"El Progreso",Colonia
México,Tepetlaoxtoc,56093,"La Loma (La Loma San Isidro)",Colonia
México,Tepetlaoxtoc,56094,"Los Reyes Nopala",Pueblo
México,Tepetlaoxtoc,56095,"San Francisco Jolanpan",Pueblo
México,Tepetlaoxtoc,56095,Santiago,Colonia
México,Tepetlaoxtoc,56096,"Tolteca Teopan",Pueblo
México,Tepetlixpa,56880,Buenavista,Barrio
México,Tepetlixpa,56880,"Del Guapo",Barrio
México,Tepetlixpa,56880,"Del Rincón Brujo",Barrio
México,Tepetlixpa,56880,"Emiliano Zapata",Colonia
México,Tepetlixpa,56880,Granera,Barrio
México,Tepetlixpa,56880,"La Venta",Barrio
México,Tepetlixpa,56880,"San Isidro",Barrio
México,Tepetlixpa,56880,Tepetlixpa,Pueblo
México,Tepetlixpa,56880,Texcalera,Barrio
México,Tepetlixpa,56880,Xocotla,Barrio
México,Tepetlixpa,56884,"2o. Agrupamiento de Seg. Púb. Est. Tepetlixpa",Equipamiento
México,Tepetlixpa,56884,Chimalaca,Colonia
México,Tepetlixpa,56884,"El Cerro",Colonia
México,Tepetlixpa,56884,"Granja Alborada",Colonia
México,Tepetlixpa,56884,"Los Limones",Ranchería
México,Tepetlixpa,56884,Sofía,Ranchería
México,Tepetlixpa,56885,"San Esteban Cuecuecuautitla",Pueblo
México,Tepetlixpa,56886,"Corregidora (Texcalera)",Ranchería
México,Tepetlixpa,56886,"Tlaximulco (Rancho de la Cruz)",Ranchería
México,Tepetlixpa,56890,"Nepantla de Sor Juana Inés",Pueblo
México,Tepetlixpa,56893,"Casa Blanca (Km. Setenta y Seis)",Ranchería
México,Tepetlixpa,56893,"Granja Nepantla",Ranchería
México,Tepetlixpa,56893,"Las Cruces",Ranchería
México,Tepetlixpa,56893,"Santa Cruz",Ranchería
México,Tepetlixpa,56893,"Santa Rosa",Ranchería
México,Tepetlixpa,56894,Alotepec,Ranchería
México,Tepetlixpa,56894,"Texcalama (El Montoncito Texcalama)",Colonia
México,Tepetlixpa,56895,Cuauhnextle,Colonia
México,Tepetlixpa,56895,"Piñuelas (Guayabitos)",Colonia
México,Tepotzotlán,54600,Centro,Colonia
México,Tepotzotlán,54600,"San Martín",Barrio
México,Tepotzotlán,54600,"San Mateo Xoloc",Pueblo
México,Tepotzotlán,54602,"El Refugio",Barrio
México,Tepotzotlán,54602,"El Tejocote",Ranchería
México,Tepotzotlán,54602,Guadalupe,Barrio
México,Tepotzotlán,54602,"La Palmita",Colonia
México,Tepotzotlán,54602,"San José",Barrio
México,Tepotzotlán,54603,Capula,Barrio
México,Tepotzotlán,54604,"Ampliación Jaramillo",Colonia
México,Tepotzotlán,54604,"Santa Cruz",Pueblo
México,Tepotzotlán,54605,Cedros,"Parque industrial"
México,Tepotzotlán,54605,Tepotzotlán,Ejido
México,Tepotzotlán,54605,Texcacoa,Barrio
México,Tepotzotlán,54605,Tlacateco,Barrio
México,Tepotzotlán,54605,"Villas del Convento",Fraccionamiento
México,Tepotzotlán,54607,"3 Piedras",Colonia
México,Tepotzotlán,54607,"El Arroyo",Ranchería
México,Tepotzotlán,54607,"La Lumbrera",Colonia
México,Tepotzotlán,54607,"Loma Bonita",Colonia
México,Tepotzotlán,54607,"Los Potros",Colonia
México,Tepotzotlán,54607,"Ricardo Flores Magón",Colonia
México,Tepotzotlán,54607,"San José la Teja",Exhacienda
México,Tepotzotlán,54607,"Tierritas Blancas",Colonia
México,Tepotzotlán,54608,"Los Álamos",Fraccionamiento
México,Tepotzotlán,54608,"Paseo los Virreyes",Fraccionamiento
México,Tepotzotlán,54610,"El Convento",Fraccionamiento
México,Tepotzotlán,54610,"El Convento","Parque industrial"
México,Tepotzotlán,54610,"Industrial el Trébol",Fraccionamiento
México,Tepotzotlán,54610,"Puente Grande",Colonia
México,Tepotzotlán,54610,"Reserva Ecológica Xochitla",Equipamiento
México,Tepotzotlán,54614,"El Trébol","Unidad habitacional"
México,Tepotzotlán,54616,Arboleda,"Conjunto habitaciona"
México,Tepotzotlán,54616,"Las Animas",Barrio
México,Tepotzotlán,54640,"El Gavillero",Colonia
México,Tepotzotlán,54640,"El Rodeo",Colonia
México,Tepotzotlán,54640,"Los Dolores (Ex-hacienda los Dolores)",Pueblo
México,Tepotzotlán,54640,"Rancho Alto",Colonia
México,Tepotzotlán,54645,"Arcos del Sitio",Colonia
México,Tepotzotlán,54650,"Cañada de Cisneros",Pueblo
México,Tepotzotlán,54650,"Club Virreyes",Fraccionamiento
México,Tepotzotlán,54650,"El Mirador",Fraccionamiento
México,Tepotzotlán,54650,"La Luz Parte Alta",Barrio
México,Tepotzotlán,54650,"La Luz Parte Baja",Barrio
México,Tepotzotlán,54650,Lanzarote,Exhacienda
México,Tepotzotlán,54650,"San José el Alto",Barrio
México,Tepotzotlán,54650,"San José el Bajo",Barrio
México,Tepotzotlán,54650,"Santiago Cuautlalpan",Pueblo
México,Tepotzotlán,54650,"Santiago el Alto",Barrio
México,Tepotzotlán,54650,"Santiago el Bajo",Barrio
México,Tepotzotlán,54650,Titini,Barrio
México,Tepotzotlán,54655,"Casas Hogar Fidel Velázquez",Fraccionamiento
México,Tepotzotlán,54655,"El Jagüey",Colonia
México,Tepotzotlán,54655,"El Puerto de los Huizaches",Colonia
México,Tepotzotlán,54655,"La Concepción",Barrio
México,Tepotzotlán,54655,"La Joya",Ranchería
México,Tepotzotlán,54655,"La Luz",Barrio
México,Tepotzotlán,54655,"La Pedrera (La Mina)",Colonia
México,Tepotzotlán,54655,"Petrohuertos Hogar",Colonia
México,Tepotzotlán,54655,"San Bartolo",Barrio
México,Tepotzotlán,54655,"San Vicente",Barrio
México,Tepotzotlán,54655,"Santa Rita",Barrio
México,Tepotzotlán,54655,"Santa Rita el Bajo",Barrio
México,Tepotzotlán,54656,"San Miguel Cañadas",Pueblo
México,Tepotzotlán,54657,"Hacienda la Concepción",Fraccionamiento
México,Tepotzotlán,54658,"Cañada Real",Fraccionamiento
México,Tepotzotlán,54658,"Las Cabañas",Fraccionamiento
México,Tepotzotlán,54658,"Las Lechuguillas",Colonia
México,Tequixquiac,55650,"Adolfo López Mateos",Colonia
México,Tequixquiac,55650,"Ex-Hacienda San Sebastián",Ranchería
México,Tequixquiac,55650,"San Miguel",Barrio
México,Tequixquiac,55650,"Santiago Tequixquiac Centro",Pueblo
México,Tequixquiac,55653,"La Esperanza",Barrio
México,Tequixquiac,55653,"La Rinconada",Barrio
México,Tequixquiac,55653,"Monte Alto",Barrio
México,Tequixquiac,55653,Tlapanaloya,Pueblo
México,Tequixquiac,55654,"El Crucero",Barrio
México,Tequixquiac,55654,"La Heredad",Barrio
México,Tequixquiac,55654,"San José",Barrio
México,Tequixquiac,55655,"El Refugio",Barrio
México,Tequixquiac,55655,"Palo Grande",Barrio
México,Tequixquiac,55656,"Wenceslao Labra",Colonia
México,Tequixquiac,55657,"El Cenicero",Barrio
México,Tequixquiac,55657,"San Mateo",Barrio
México,Texcaltitlán,51670,Texcaltitlán,Pueblo
México,Texcaltitlán,51673,"El Agostadero",Ranchería
México,Texcaltitlán,51673,"Palo Amarillo",Ranchería
México,Texcaltitlán,51673,Tlacotepec,Pueblo
México,Texcaltitlán,51673,"Venta Morales ( El Pedregal )",Ranchería
México,Texcaltitlán,51674,"Ojo de Agua",Ranchería
México,Texcaltitlán,51674,Palmillas,Pueblo
México,Texcaltitlán,51674,"Venta Morales (La Laguna)",Ejido
México,Texcaltitlán,51675,"El Chapaneal",Pueblo
México,Texcaltitlán,51675,"Gavia Chica ( Rincón )",Ranchería
México,Texcaltitlán,51675,"Las Tablas",Ranchería
México,Texcaltitlán,51675,"Los Lirios",Ranchería
México,Texcaltitlán,51675,"San Agustín",Pueblo
México,Texcaltitlán,51675,"San José",Ranchería
México,Texcaltitlán,51676,"Llano Grande",Pueblo
México,Texcaltitlán,51676,"Nueva Santa María",Ranchería
México,Texcaltitlán,51676,"Santa María",Pueblo
México,Texcaltitlán,51676,Texcapilla,Pueblo
México,Texcaltitlán,51680,"Las Lágrimas",Pueblo
México,Texcaltitlán,51690,"San Miguel",Pueblo
México,Texcaltitlán,51693,Acatitlán,Pueblo
México,Texcaltitlán,51693,"Jesús del Monte",Pueblo
México,Texcaltitlán,51693,Yuytepec,Pueblo
México,Texcaltitlán,51694,"Agua del Trebol",Ranchería
México,Texcaltitlán,51694,"Las Paredes",Ranchería
México,Texcaltitlán,51695,Carbajal,Pueblo
México,Texcaltitlán,51695,Huayatenco,Pueblo
México,Texcaltitlán,51695,Noxtepec,Pueblo
México,Texcaltitlán,51695,"Rastrojo Largo",Ranchería
México,Texcaltitlán,51696,Chiquintepec,Pueblo
México,Texcaltitlán,51697,"Arroyo Seco",Pueblo
México,Texcaltitlán,51697,"San Francisco",Pueblo
México,Texcalyacac,52570,"La Joya Maravillas",Colonia
México,Texcalyacac,52570,"San Mateo Texcalyacac",Pueblo
México,Texcoco,56100,"Texcoco de Mora Centro",Colonia
México,Texcoco,56103,"El Retiro",Colonia
México,Texcoco,56103,"San Juan de Dios",Colonia
México,Texcoco,56105,"San Pedro",Barrio
México,Texcoco,56106,"Las Salinas",Residencial
México,Texcoco,56110,"Joyas de San Mateo",Colonia
México,Texcoco,56110,"Zaragoza-San Pablo",Colonia
México,Texcoco,56120,"San Juanito",Colonia
México,Texcoco,56120,"Santa Cruz de Arriba",Colonia
México,Texcoco,56120,"Valle de Santa Cruz",Colonia
México,Texcoco,56130,"Condominios Maye","Unidad habitacional"
México,Texcoco,56130,"Conjunto la Trinidad",Fraccionamiento
México,Texcoco,56130,INFONAVIT,"Unidad habitacional"
México,Texcoco,56130,ISSEMYM,"Unidad habitacional"
México,Texcoco,56130,"La Conchita",Colonia
México,Texcoco,56130,"La Paz",Colonia
México,Texcoco,56130,"La Trinidad",Colonia
México,Texcoco,56130,"Los Jilgueros","Unidad habitacional"
México,Texcoco,56130,"San Sebastián",Colonia
México,Texcoco,56140,Ahuehuetes,Colonia
México,Texcoco,56140,"El Carmen",Colonia
México,Texcoco,56140,"San Lorenzo",Colonia
México,Texcoco,56140,"San Martín",Colonia
México,Texcoco,56150,Embotelladores,"Unidad habitacional"
México,Texcoco,56150,"Las Vegas","Unidad habitacional"
México,Texcoco,56150,Salitrería,Colonia
México,Texcoco,56150,"San Antonio",Fraccionamiento
México,Texcoco,56150,"Santa Úrsula",Colonia
México,Texcoco,56160,"Los Sauces",Pueblo
México,Texcoco,56160,"Niños Héroes",Colonia
México,Texcoco,56160,"San Pedro",Fraccionamiento
México,Texcoco,56160,"Tex Plus","Unidad habitacional"
México,Texcoco,56170,"El Xolache I",Fraccionamiento
México,Texcoco,56170,"El Xolache II","Unidad habitacional"
México,Texcoco,56170,"Joyas de Santa Ana",Colonia
México,Texcoco,56170,"Las Américas",Colonia
México,Texcoco,56170,"San Mateo",Colonia
México,Texcoco,56200,"Vicente Riva Palacio",Pueblo
México,Texcoco,56203,"La Magdalena Panoaya",Pueblo
México,Texcoco,56204,"Emiliano Zapata",Colonia
México,Texcoco,56205,"San Felipe",Colonia
México,Texcoco,56205,"Santa Cruz de Abajo",Colonia
México,Texcoco,56207,"Lázaro Cárdenas",Colonia
México,Texcoco,56208,"San Miguel Tocuila",Pueblo
México,Texcoco,56210,"San Simón",Pueblo
México,Texcoco,56213,"San José Texopa",Pueblo
México,Texcoco,56214,"Los Reyes San Salvador",Pueblo
México,Texcoco,56215,Pentecostés,Pueblo
México,Texcoco,56216,"La Resurrección",Pueblo
México,Texcoco,56217,"Santa María Tulantongo",Pueblo
México,Texcoco,56217,Santiaguito,Pueblo
México,Texcoco,56217,Xala,Colonia
México,Texcoco,56220,"San Luis Huexotla",Pueblo
México,Texcoco,56223,Bellavista,Colonia
México,Texcoco,56224,Buenavista,Colonia
México,Texcoco,56225,"Ampliación Leyes de Reforma",Colonia
México,Texcoco,56225,"Fray Servando Teresa de Mier",Colonia
México,Texcoco,56225,"Leyes de Reforma",Colonia
México,Texcoco,56225,"Lomas de Cristo",Fraccionamiento
México,Texcoco,56225,"Villas de Tolimpa",Colonia
México,Texcoco,56226,"La Cabaña",Fraccionamiento
México,Texcoco,56226,"Las Bugambilias",Fraccionamiento
México,Texcoco,56226,"San Mateo Huexotla",Pueblo
México,Texcoco,56226,"Sector Popular",Colonia
México,Texcoco,56227,Cooperativo,Colonia
México,Texcoco,56227,"El Capulín Sur",Colonia
México,Texcoco,56227,"Emiliano Zapata-ISSSTE","Unidad habitacional"
México,Texcoco,56227,Profesores,Colonia
México,Texcoco,56227,"San Nicolás Huexotla",Colonia
México,Texcoco,56227,Tulipanes,Colonia
México,Texcoco,56227,"Universidad Autónoma de Chapingo","Gran usuario"
México,Texcoco,56230,"San Diego",Pueblo
México,Texcoco,56233,SUTEYN,"Unidad habitacional"
México,Texcoco,56235,"El Molino de Flores",Fraccionamiento
México,Texcoco,56236,Xocotlán,Pueblo
México,Texcoco,56237,"El Batán",Colonia
México,Texcoco,56240,"La Purificación Tepetitla",Pueblo
México,Texcoco,56243,"Jardines de Santa Inés",Colonia
México,Texcoco,56243,"San Bartolo",Colonia
México,Texcoco,56243,"San Joaquín Coapango",Pueblo
México,Texcoco,56243,"San Juan Tezontla",Pueblo
México,Texcoco,56243,"Santa Cruz Mexicapa",Pueblo
México,Texcoco,56243,"Santa Inés",Pueblo
México,Texcoco,56244,"San Jerónimo Amanalco",Pueblo
México,Texcoco,56244,"Santa María Tecuanulco",Pueblo
México,Texcoco,56245,"Guadalupe Amanalco",Colonia
México,Texcoco,56245,"San Pablo Ixayoc",Pueblo
México,Texcoco,56245,"Santa Catarina del Monte",Pueblo
México,Texcoco,56246,"San Dieguito Xochimanca",Pueblo
México,Texcoco,56246,"Santa María Nativitas",Pueblo
México,Texcoco,56246,Tequexquinahuac,Pueblo
México,Texcoco,56247,"San Miguel Tlaixpan",Pueblo
México,Texcoco,56247,"San Nicolás Tlaminca",Pueblo
México,Texcoco,56250,Guadalupe,Colonia
México,Texcoco,56250,"San Miguel Coatlinchán",Pueblo
México,Texcoco,56253,"Praderas de Tecuac",Colonia
México,Texcoco,56253,"San Juan",Colonia
México,Texcoco,56254,"Paraíso 300","Unidad habitacional"
México,Texcoco,56254,"San Juan Potreros",Colonia
México,Texcoco,56254,Tepetitlán,Pueblo
México,Texcoco,56255,"El Arenal",Colonia
México,Texcoco,56255,"El Trabajo",Colonia
México,Texcoco,56255,"Quintas del Valle",Colonia
México,Texcoco,56255,"San José",Colonia
México,Texcoco,56255,"San Pedro Cuautlanpan",Colonia
México,Texcoco,56255,"Santiago Cuautlalpan",Pueblo
México,Texcoco,56255,"Villas de Santiago","Unidad habitacional"
México,Texcoco,56256,"San Felipe",Colonia
México,Texcoco,56256,"Santa Lucía",Colonia
México,Texcoco,56257,"Las Tijeras",Pueblo
México,Texcoco,56257,"Lomas de La Cruz",Colonia
México,Texcoco,56257,"Lomas de San Esteban","Unidad habitacional"
México,Texcoco,56257,"Los Pinos",Pueblo
México,Texcoco,56260,"San Andrés",Pueblo
México,Texcoco,56260,"San Bernardino",Pueblo
México,Texcoco,56263,"La Concepción",Pueblo
México,Texcoco,56263,"Nezahualcóyotl (Boyeros)",Colonia
México,Texcoco,56263,"San Olegario",Pueblo
México,Texcoco,56263,"Santa Irene",Pueblo
México,Texcoco,56264,"Colegio de Postgraduados",Equipamiento
México,Texcoco,56264,Montecillo,Colonia
México,Texcoco,56264,"Wenceslao Victoria",Colonia
México,Texcoco,56265,"El Tejocote",Fraccionamiento
México,Texcoco,56265,"Lázaro Cárdenas",Colonia
México,Texcoco,56266,"Santa Martha",Colonia
México,Texcoco,56267,Arboledas,Pueblo
México,Texcoco,56267,"Guadalupe Victoria",Colonia
México,Tezoyuca,56000,Tezoyuca,Pueblo
México,Tezoyuca,56003,"Buenos Aires",Barrio
México,Tezoyuca,56004,"La Concepción",Barrio
México,Tezoyuca,56004,Resurrección,Barrio
México,Tezoyuca,56005,"La Ascención",Barrio
México,Tezoyuca,56006,"El Oasis",Barrio
México,Tezoyuca,56006,Santiago,Barrio
México,Tezoyuca,56007,"San Felipe",Barrio
México,Tezoyuca,56010,"Ampliación Tezoyuca",Colonia
México,Tezoyuca,56020,Tequisistlán,Pueblo
México,Tezoyuca,56023,Guadalupano,Barrio
México,Tezoyuca,56024,"De Tequisistlán Primero",Ejido
México,Tianguistenco,52600,"20 de Noviembre","Conjunto habitaciona"
México,Tianguistenco,52600,Cipreses,Fraccionamiento
México,Tianguistenco,52600,"Guadalupe Rhon de Hank",Colonia
México,Tianguistenco,52600,"Isidro Fabela","Parque industrial"
México,Tianguistenco,52600,Izcalli,"Unidad habitacional"
México,Tianguistenco,52600,"San Cayetano",Colonia
México,Tianguistenco,52600,"Santiago Tianguistenco de Galeana",Pueblo
México,Tianguistenco,52603,"Guadalupe Yancuictlalpan (Gualupita)",Pueblo
México,Tianguistenco,52603,"Las Granjas (Barrio de Guadalupe)",Colonia
México,Tianguistenco,52604,"San Isidro",Ranchería
México,Tianguistenco,52605,"Jardines de Santiago",Fraccionamiento
México,Tianguistenco,52605,"La Mora",Fraccionamiento
México,Tianguistenco,52607,"La Palma",Colonia
México,Tianguistenco,52613,"San José Mezapa Sección Dos",Pueblo
México,Tianguistenco,52613,"San José Mezapa Sección Uno",Pueblo
México,Tianguistenco,52614,"San Lorenzo Huehuetitlán",Pueblo
México,Tianguistenco,52640,"San Miguel",Colonia
México,Tianguistenco,52640,"San Pedro Tlaltizapan",Pueblo
México,Tianguistenco,52644,"El Buen Suceso",Ranchería
México,Tianguistenco,52645,"Ex-hacienda de Atenco (Atenco)",Pueblo
México,Tianguistenco,52645,"San Isidro",Colonia
México,Tianguistenco,52646,"El Tejocote",Ranchería
México,Tianguistenco,52650,"Santiago Tilapa",Pueblo
México,Tianguistenco,52653,"Coamilpa de Juárez (El Colero)",Pueblo
México,Tianguistenco,52654,"San Felipe Mirasol (El Mirasol)",Pueblo
México,Tianguistenco,52656,"El Apilulco",Colonia
México,Tianguistenco,52656,"La Magdalena de los Reyes (La Magdalena)",Pueblo
México,Tianguistenco,52656,"Santa Cruz de Bravo (Santa Cruz)",Pueblo
México,Tianguistenco,52660,"San Nicolás Coatepec",Pueblo
México,Tianguistenco,52663,"Tierra Colorada",Pueblo
México,Tianguistenco,52664,"Chiquixpac Sección Dos (Chiquilpa)",Pueblo
México,Tianguistenco,52664,"Chiquixpac Sección Uno",Congregación
México,Tianguistenco,52664,"Pueblo Nuevo",Colonia
México,Tianguistenco,52664,Techmalinali,Colonia
México,Tianguistenco,52664,Techmaninalli,Pueblo
México,Tianguistenco,52664,Tzitzicazapa,Colonia
México,Tianguistenco,52665,Campesina,Colonia
México,Tianguistenco,52665,"La Lagunilla",Pueblo
México,Tianguistenco,52665,Metztitla,Colonia
México,Tianguistenco,52665,Mumana-Átl,Ranchería
México,Tianguistenco,52665,"San Bartolo del Progreso (San Bartolo)",Pueblo
México,Tianguistenco,52665,"Texoconalco (El Llano)",Colonia
México,Tianguistenco,52665,Tlacuitlapa,Pueblo
México,Tianguistenco,52666,Atlantlacpac,Pueblo
México,Tianguistenco,52666,Tlacomulco,Pueblo
México,Tianguistenco,52667,Ahuatenco,Pueblo
México,Tianguistenco,52667,Ocotenco,Pueblo
México,Tianguistenco,52667,Tlaminca,Pueblo
México,Timilpan,50500,"San Andrés Timilpan",Pueblo
México,Timilpan,50503,"M Bodo",Barrio
México,Timilpan,50503,"N Teje",Barrio
México,Timilpan,50503,"N Zititi",Barrio
México,Timilpan,50504,Aguacate,Barrio
México,Timilpan,50504,"N Gunzda",Barrio
México,Timilpan,50505,"Campo Santo",Barrio
México,Timilpan,50505,"N Zola",Barrio
México,Timilpan,50505,"Segunda Manzana",Barrio
México,Timilpan,50507,"Barrio de Ocampo",Barrio
México,Timilpan,50507,"Primera Manzana de Barrio Iturbide",Barrio
México,Timilpan,50507,"Segunda Manzana de Barrio Iturbide",Barrio
México,Timilpan,50508,"Primera Manzana de San Nicolás",Pueblo
México,Timilpan,50508,"Segunda Manzana de San Nicolás",Colonia
México,Timilpan,50509,"Primera Manzana de Zaragoza",Pueblo
México,Timilpan,50509,"Segunda Manzana de Zaragoza",Colonia
México,Timilpan,50509,"Tercera Manzana de Zaragoza",Barrio
México,Timilpan,50510,Huapango,Pueblo
México,Timilpan,50520,"Barrio Iturbide",Barrio
México,Timilpan,50520,"Primera Manzana Barrio de Hidalgo",Barrio
México,Timilpan,50523,"Lomas de Emiliano Zapata (Las Lomas)",Colonia
México,Timilpan,50524,"Segunda Manzana de Barrio Morelos",Barrio
México,Timilpan,50525,"Agua Bendita",Ranchería
México,Timilpan,50525,"Primera Manzana de Barrio Morelos",Barrio
México,Timilpan,50525,"Primera Manzana de Cañada de Lobos",Pueblo
México,Timilpan,50525,"Segunda Manzana Barrio de Hidalgo",Ranchería
México,Timilpan,50525,"Tercera Manzana de Barrio de Morelos",Barrio
México,Timilpan,50525,"Tercera Manzana de Barrio Iturbide Ixcaja",Barrio
México,Timilpan,50526,"Primera Manzana del Pueblo de Rincón de Bucio",Pueblo
México,Timilpan,50526,"Segunda Manzana de Cañada de Lobos",Barrio
México,Timilpan,50526,"Segunda Manzana del Pueblo de Rincón de Bucio",Barrio
México,Timilpan,50527,"Tercera Manzana del Pueblo de Rincón de Bucio",Barrio
México,Timilpan,50528,"El Palmito",Pueblo
México,Timilpan,50540,"Barrio Quinto de Maxdá (Enzdá)",Barrio
México,Timilpan,50540,"San Antonio Yondejé",Pueblo
México,Timilpan,50540,"Santiaguito Maxdá",Pueblo
México,Tlalmanalco,56700,"Cerro de Cruz",Colonia
México,Tlalmanalco,56700,"Chantico I","Unidad habitacional"
México,Tlalmanalco,56700,"Cruz de Mayo",Colonia
México,Tlalmanalco,56700,"Cruz de Mayo 1",Colonia
México,Tlalmanalco,56700,"De la Comunidad",Colonia
México,Tlalmanalco,56700,"De los Chincolos",Colonia
México,Tlalmanalco,56700,"De Tula",Colonia
México,Tlalmanalco,56700,"El Centenario",Colonia
México,Tlalmanalco,56700,"El Edén",Colonia
México,Tlalmanalco,56700,"El Escribiente","Unidad habitacional"
México,Tlalmanalco,56700,"Granjas San José",Colonia
México,Tlalmanalco,56700,"Hermanos Peña",Colonia
México,Tlalmanalco,56700,"INFONAVIT Fidel Velazquez",Colonia
México,Tlalmanalco,56700,Jerusalén,Colonia
México,Tlalmanalco,56700,"La esperanza",Colonia
México,Tlalmanalco,56700,Magisterial,"Unidad habitacional"
México,Tlalmanalco,56700,Rumorosa,Colonia
México,Tlalmanalco,56700,"Salvador Angulo","Unidad habitacional"
México,Tlalmanalco,56700,"San Cristobal Tezopilo",Colonia
México,Tlalmanalco,56700,"San Diego",Colonia
México,Tlalmanalco,56700,"San Pedro",Colonia
México,Tlalmanalco,56700,Tlalmanalco,Pueblo
México,Tlalmanalco,56700,"Vista Bella",Colonia
México,Tlalmanalco,56703,"La Esperanza",Colonia
México,Tlalmanalco,56703,"La Huerta",Colonia
México,Tlalmanalco,56703,"Valle plateado",Fraccionamiento
México,Tlalmanalco,56703,"Vista Hermosa",Colonia
México,Tlalmanalco,56704,"San Lorenzo Tlalmiminolpan",Pueblo
México,Tlalmanalco,56710,"Lomas del Pedregal",Colonia
México,Tlalmanalco,56713,"Alfa y Omega",Colonia
México,Tlalmanalco,56713,"El Capulín",Colonia
México,Tlalmanalco,56713,"Fernando de la Macorra",Ranchería
México,Tlalmanalco,56713,"Santa Rita",Fraccionamiento
México,Tlalmanalco,56714,"Cuautenampa (La Quebradora)",Ranchería
México,Tlalmanalco,56714,"Gavillero (Rancho el Gavillero)",Ranchería
México,Tlalmanalco,56714,"La Escondida",Colonia
México,Tlalmanalco,56714,"La Mesa",Ranchería
México,Tlalmanalco,56714,"Villa Rincón de las Montañas",Fraccionamiento
México,Tlalmanalco,56715,"Chantico II","Unidad habitacional"
México,Tlalmanalco,56715,"La Encumbre",Ranchería
México,Tlalmanalco,56715,"Santa María",Fraccionamiento
México,Tlalmanalco,56716,"El Magueyal Dos",Colonia
México,Tlalmanalco,56716,"Vergel de la Sierra",Fraccionamiento
México,Tlalmanalco,56720,"21 de Marzo",Colonia
México,Tlalmanalco,56720,"Las Conchitas",Colonia
México,Tlalmanalco,56720,"San Juan Atzacualoya",Pueblo
México,Tlalmanalco,56723,"Pueblo Nuevo",Pueblo
México,Tlalmanalco,56726,"Santa Cruz",Ranchería
México,Tlalmanalco,56730,"Las Palomas",Fraccionamiento
México,Tlalmanalco,56730,"Santo Tomás Atzingo",Pueblo
México,Tlalmanalco,56731,"La Ladrillera",Colonia
México,Tlalmanalco,56731,"San José Zavaleta",Pueblo
México,Tlalmanalco,56735,"San Antonio Tlaltecahuacan",Pueblo
México,Tlalmanalco,56740,"Ladrilleras las Margaritas",Colonia
México,Tlalmanalco,56740,"San Rafael",Pueblo
México,Tlalmanalco,56743,Hidalgo,Colonia
México,Tlalmanalco,56743,"Loma Linda",Colonia
México,Tlalmanalco,56743,Obrera,Colonia
México,Tlalmanalco,56744,"De La Peña",Colonia
México,Tlalmanalco,56744,"El Encinal",Colonia
México,Tlalmanalco,56744,"El Faro",Colonia
México,Tlalmanalco,56744,"Los Cuartos",Colonia
México,Tlalmanalco,56744,Solidaridad,Colonia
México,Tlalmanalco,56745,"El Cedral",Colonia
México,Tlalmanalco,56745,"La Cañada",Colonia
México,Tlalmanalco,56746,"Anselmo Granados",Colonia
México,Tlalmanalco,56746,"La Cuesta",Colonia
México,Tlalmanalco,56747,"La Joya (La Rosa)",Ranchería
México,Tlalmanalco,56747,Tepopotal,Ranchería
México,"Tlalnepantla de Baz",54000,"Alta Vista",Fraccionamiento
México,"Tlalnepantla de Baz",54000,"Tlalnepantla  Centro",Colonia
México,"Tlalnepantla de Baz",54009,"La Riviera",Fraccionamiento
México,"Tlalnepantla de Baz",54010,"21 de Marzo",Colonia
México,"Tlalnepantla de Baz",54010,"Barrientos Gustavo Baz","Unidad habitacional"
México,"Tlalnepantla de Baz",54010,"La Azteca",Colonia
México,"Tlalnepantla de Baz",54010,"La Providencia",Colonia
México,"Tlalnepantla de Baz",54010,"San Pedro Barrientos",Pueblo
México,"Tlalnepantla de Baz",54010,"Valle Hermoso",Fraccionamiento
México,"Tlalnepantla de Baz",54015,Barrientos,"Zona industrial"
México,"Tlalnepantla de Baz",54016,"José María Velasco","Unidad habitacional"
México,"Tlalnepantla de Baz",54017,"Comunidad Betania",Fraccionamiento
México,"Tlalnepantla de Baz",54017,"Niños Héroes","Zona industrial"
México,"Tlalnepantla de Baz",54020,"Benito Juárez (Tequex.)",Colonia
México,"Tlalnepantla de Baz",54020,"Condominio Tequexquináhuac","Unidad habitacional"
México,"Tlalnepantla de Baz",54020,"El Dorado",Residencial
México,"Tlalnepantla de Baz",54020,"El Gran Dorado","Conjunto habitaciona"
México,"Tlalnepantla de Baz",54020,"La Joya Chica",Fraccionamiento
México,"Tlalnepantla de Baz",54020,"Lomas Boulevares",Fraccionamiento
México,"Tlalnepantla de Baz",54020,Tequexquináhuac,Pueblo
México,"Tlalnepantla de Baz",54020,"Tequexquinahuac Parte Alta",Colonia
México,"Tlalnepantla de Baz",54020,"Valle Dorado",Fraccionamiento
México,"Tlalnepantla de Baz",54021,"Loma Azul",Colonia
México,"Tlalnepantla de Baz",54022,"Robles Patera",Colonia
México,"Tlalnepantla de Baz",54023,"Lomas de Atlaco",Colonia
México,"Tlalnepantla de Baz",54023,"Lomas de Valle Dorado",Fraccionamiento
México,"Tlalnepantla de Baz",54023,"Lomas Tulpan",Colonia
México,"Tlalnepantla de Baz",54023,"Los Pirules Ampliación",Fraccionamiento
México,"Tlalnepantla de Baz",54025,"Cumbres del Valle",Fraccionamiento
México,"Tlalnepantla de Baz",54026,"Las Arboledas",Fraccionamiento
México,"Tlalnepantla de Baz",54028,"Laderas de San Javier",Fraccionamiento
México,"Tlalnepantla de Baz",54030,"Ampliación San Javier",Colonia
México,"Tlalnepantla de Baz",54030,"Centro Industrial Tlalnepantla","Zona industrial"
México,"Tlalnepantla de Baz",54030,"IMSS Tlalnepantla","Unidad habitacional"
México,"Tlalnepantla de Baz",54030,"Jesús Garcia Corona","Unidad habitacional"
México,"Tlalnepantla de Baz",54030,"La Nueva Ferrocarrilera",Colonia
México,"Tlalnepantla de Baz",54030,"La Romana",Fraccionamiento
México,"Tlalnepantla de Baz",54030,"San Javier",Fraccionamiento
México,"Tlalnepantla de Baz",54030,"San Nicolás","Zona industrial"
México,"Tlalnepantla de Baz",54030,Tlaxcopan,"Zona industrial"
México,"Tlalnepantla de Baz",54033,"La Ferrocarrilera El Hoyo",Colonia
México,"Tlalnepantla de Baz",54033,"San Lorenzo","Zona industrial"
México,"Tlalnepantla de Baz",54037,"El Triángulo",Colonia
México,"Tlalnepantla de Baz",54038,"Rivera del Bosque",Fraccionamiento
México,"Tlalnepantla de Baz",54040,"Leandro Valle",Colonia
México,"Tlalnepantla de Baz",54040,"Lomas de San Andrés Atenco",Colonia
México,"Tlalnepantla de Baz",54040,"Lomas de San Andrés Atenco Ampliación",Colonia
México,"Tlalnepantla de Baz",54040,"Los Pirules",Fraccionamiento
México,"Tlalnepantla de Baz",54040,"Rincón del Valle",Fraccionamiento
México,"Tlalnepantla de Baz",54040,"San Andrés Atenco",Pueblo
México,"Tlalnepantla de Baz",54040,"San Andrés Atenco Ampliación",Colonia
México,"Tlalnepantla de Baz",54040,"Valle de los Pinos 1ra Sección",Fraccionamiento
México,"Tlalnepantla de Baz",54040,"Valle Verde",Fraccionamiento
México,"Tlalnepantla de Baz",54049,"Balcones del Valle",Colonia
México,"Tlalnepantla de Baz",54050,"Bosques de México",Fraccionamiento
México,"Tlalnepantla de Baz",54050,"Ex-Hacienda de Santa Mónica",Colonia
México,"Tlalnepantla de Baz",54050,Jacarandas,Fraccionamiento
México,"Tlalnepantla de Baz",54050,"Jacarandas Ampliación",Fraccionamiento
México,"Tlalnepantla de Baz",54050,"Jardines de Santa Mónica",Fraccionamiento
México,"Tlalnepantla de Baz",54050,"Las Margaritas",Fraccionamiento
México,"Tlalnepantla de Baz",54050,"Magisterial Vista Bella",Fraccionamiento
México,"Tlalnepantla de Baz",54050,"Margaritas Ampliación",Fraccionamiento
México,"Tlalnepantla de Baz",54054,"Bellavista Satélite",Fraccionamiento
México,"Tlalnepantla de Baz",54054,"Club de Golf Bellavista",Fraccionamiento
México,"Tlalnepantla de Baz",54054,"Jardines Bellavista",Fraccionamiento
México,"Tlalnepantla de Baz",54054,"Residencial Privanza",Fraccionamiento
México,"Tlalnepantla de Baz",54054,"Rincón de Bella Vista",Fraccionamiento
México,"Tlalnepantla de Baz",54055,"San Lucas Tepetlacalco",Pueblo
México,"Tlalnepantla de Baz",54055,"San Lucas Tepetlacalco Ampliación",Colonia
México,"Tlalnepantla de Baz",54057,"Valle de Santa Mónica",Fraccionamiento
México,"Tlalnepantla de Baz",54059,"Francisco Villa",Colonia
México,"Tlalnepantla de Baz",54060,"Arcos Electra",Fraccionamiento
México,"Tlalnepantla de Baz",54060,Electra,Fraccionamiento
México,"Tlalnepantla de Baz",54060,"La Loma",Pueblo
México,"Tlalnepantla de Baz",54060,"La Loma","Zona industrial"
México,"Tlalnepantla de Baz",54060,"Miguel Hidalgo",Colonia
México,"Tlalnepantla de Baz",54060,"Valle de los Pinos 2da. Sección",Fraccionamiento
México,"Tlalnepantla de Baz",54060,"Valle del Paraíso",Fraccionamiento
México,"Tlalnepantla de Baz",54060,"Valle Sol",Fraccionamiento
México,"Tlalnepantla de Baz",54060,"Viveros del Río",Fraccionamiento
México,"Tlalnepantla de Baz",54060,"Viveros del Valle",Fraccionamiento
México,"Tlalnepantla de Baz",54063,"Rinconada del Paraíso",Fraccionamiento
México,"Tlalnepantla de Baz",54067,Tlalcalli,"Unidad habitacional"
México,"Tlalnepantla de Baz",54068,"Benito Juárez Centro",Colonia
México,"Tlalnepantla de Baz",54069,"Las Rosas",Fraccionamiento
México,"Tlalnepantla de Baz",54069,"Plaza de las Rosas",Colonia
México,"Tlalnepantla de Baz",54070,"Adolfo López Mateos","Unidad habitacional"
México,"Tlalnepantla de Baz",54070,"El Cortijo","Unidad habitacional"
México,"Tlalnepantla de Baz",54070,"La Comunidad",Fraccionamiento
México,"Tlalnepantla de Baz",54070,"Rancho San Antonio",Fraccionamiento
México,"Tlalnepantla de Baz",54070,"San José Puente de Vigas","Zona industrial"
México,"Tlalnepantla de Baz",54070,Tlalnemex,Colonia
México,"Tlalnepantla de Baz",54073,"Los Reyes","Zona industrial"
México,"Tlalnepantla de Baz",54075,"Los Reyes",Pueblo
México,"Tlalnepantla de Baz",54075,"Los Reyes Ixtacala 2da. Sección",Fraccionamiento
México,"Tlalnepantla de Baz",54076,"Los Tejavanes","Unidad habitacional"
México,"Tlalnepantla de Baz",54080,"Ampliación Vista Hermosa",Fraccionamiento
México,"Tlalnepantla de Baz",54080,"Bellavista Puente de Vigas",Colonia
México,"Tlalnepantla de Baz",54080,"Condominios Villas Satélite","Unidad habitacional"
México,"Tlalnepantla de Baz",54080,"Conjunto Pintores",Fraccionamiento
México,"Tlalnepantla de Baz",54080,"El Mirador",Colonia
México,"Tlalnepantla de Baz",54080,"Las Armas","Zona industrial"
México,"Tlalnepantla de Baz",54080,Natura,Residencial
México,"Tlalnepantla de Baz",54080,"Plazas de la Colina",Fraccionamiento
México,"Tlalnepantla de Baz",54080,"Real del Ocho",Residencial
México,"Tlalnepantla de Baz",54080,"Residencias del Parque",Fraccionamiento
México,"Tlalnepantla de Baz",54080,"Tepetlacalco A. C.","Unidad habitacional"
México,"Tlalnepantla de Baz",54080,"Vista Hermosa",Colonia
México,"Tlalnepantla de Baz",54080,"Viveros de La Loma",Fraccionamiento
México,"Tlalnepantla de Baz",54080,Xocoyahualco,Pueblo
México,"Tlalnepantla de Baz",54088,"International Business de México S A de C V","Gran usuario"
México,"Tlalnepantla de Baz",54090,"Hogares Ferrocarrileros","Unidad habitacional"
México,"Tlalnepantla de Baz",54090,"La Escuela",Colonia
México,"Tlalnepantla de Baz",54090,"La Mora",Colonia
México,"Tlalnepantla de Baz",54090,"Los Cedros","Unidad habitacional"
México,"Tlalnepantla de Baz",54090,"Los Reyes Ixtacala 1ra. Sección",Fraccionamiento
México,"Tlalnepantla de Baz",54090,"Puente de Vigas","Zona industrial"
México,"Tlalnepantla de Baz",54090,"Puente de Vigas",Pueblo
México,"Tlalnepantla de Baz",54090,"Rosario 1 Sector CROC II","Unidad habitacional"
México,"Tlalnepantla de Baz",54090,"Rosario 1 Sector CROC III-A","Unidad habitacional"
México,"Tlalnepantla de Baz",54090,"Rosario 1 Sector CROC VII","Unidad habitacional"
México,"Tlalnepantla de Baz",54090,"Rosario 1 Sector II-CA","Unidad habitacional"
México,"Tlalnepantla de Baz",54090,"Rosario 1 Sector II-CB","Unidad habitacional"
México,"Tlalnepantla de Baz",54090,"Rosario 1 Sector II-CD","Unidad habitacional"
México,"Tlalnepantla de Baz",54090,"Rosario 1 Sector III-A","Unidad habitacional"
México,"Tlalnepantla de Baz",54090,"Rosario 1 Sector III-B","Unidad habitacional"
México,"Tlalnepantla de Baz",54090,"Rosario 1 Sector III-C","Unidad habitacional"
México,"Tlalnepantla de Baz",54090,"Rosario I Sector CROC III B","Unidad habitacional"
México,"Tlalnepantla de Baz",54090,"Rosario II Sector I","Unidad habitacional"
México,"Tlalnepantla de Baz",54090,"Rosario II Sector II","Unidad habitacional"
México,"Tlalnepantla de Baz",54090,"Rosario II Sector III","Unidad habitacional"
México,"Tlalnepantla de Baz",54090,"San Jerónimo Tepetlacalco","Parque industrial"
México,"Tlalnepantla de Baz",54090,"San Jerónimo Tepetlacalco",Pueblo
México,"Tlalnepantla de Baz",54090,"San José Puente de Vigas",Pueblo
México,"Tlalnepantla de Baz",54090,"San Pablo Xalpa",Pueblo
México,"Tlalnepantla de Baz",54090,SEDENA,"Unidad habitacional"
México,"Tlalnepantla de Baz",54092,"Rosario 1 Sector CROC V Bugambilias","Unidad habitacional"
México,"Tlalnepantla de Baz",54092,"Rosario Ceylán",Fraccionamiento
México,"Tlalnepantla de Baz",54093,"Rosario II Gasera","Unidad habitacional"
México,"Tlalnepantla de Baz",54094,"Rosario II Hipódromo Textil","Unidad habitacional"
México,"Tlalnepantla de Baz",54098,"Gustavo Baz Prada Los Reyes Ixtacala","Unidad habitacional"
México,"Tlalnepantla de Baz",54100,"Las Palomas",Colonia
México,"Tlalnepantla de Baz",54100,"San Lucas Patoni",Pueblo
México,"Tlalnepantla de Baz",54100,"Unbidad CROC Solidaridad","Unidad habitacional"
México,"Tlalnepantla de Baz",54108,"Ampliación La Arboleda",Colonia
México,"Tlalnepantla de Baz",54108,"La Sideral",Colonia
México,"Tlalnepantla de Baz",54109,"La Arboleda",Colonia
México,"Tlalnepantla de Baz",54110,"Cooperativa La Romana",Colonia
México,"Tlalnepantla de Baz",54110,"El Olivo I",Colonia
México,"Tlalnepantla de Baz",54110,"Franja Municipal",Colonia
México,"Tlalnepantla de Baz",54110,"Hogar Obrero",Colonia
México,"Tlalnepantla de Baz",54110,"Isidro Fabela",Colonia
México,"Tlalnepantla de Baz",54110,"La Blanca",Colonia
México,"Tlalnepantla de Baz",54110,"Lomas del Calvario",Colonia
México,"Tlalnepantla de Baz",54110,"Nuevo México",Fraccionamiento
México,"Tlalnepantla de Baz",54110,"Reforma Urbana",Colonia
México,"Tlalnepantla de Baz",54110,"Santa María Tlayacampa",Pueblo
México,"Tlalnepantla de Baz",54110,"Unidad Barrientos","Unidad habitacional"
México,"Tlalnepantla de Baz",54118,"Franja Férrea",Colonia
México,"Tlalnepantla de Baz",54119,"El Olivo II Parte Alta Carlos Pichardo Cruz",Fraccionamiento
México,"Tlalnepantla de Baz",54119,"El Olivo II Parte Baja",Fraccionamiento
México,"Tlalnepantla de Baz",54120,"Gustavo Baz Prada",Colonia
México,"Tlalnepantla de Baz",54120,"Gustavo Baz Prada Ampliación",Colonia
México,"Tlalnepantla de Baz",54120,"La Cañada",Fraccionamiento
México,"Tlalnepantla de Baz",54120,"Loma Bonita",Fraccionamiento
México,"Tlalnepantla de Baz",54120,"Los Parajes",Colonia
México,"Tlalnepantla de Baz",54120,"Rancho San Rafael Amates",Colonia
México,"Tlalnepantla de Baz",54120,"San Rafael",Pueblo
México,"Tlalnepantla de Baz",54120,"San Rafael",Fraccionamiento
México,"Tlalnepantla de Baz",54120,Tlayapa,Colonia
México,"Tlalnepantla de Baz",54124,Cuauhtémoc,Colonia
México,"Tlalnepantla de Baz",54126,"Río San Javier",Colonia
México,"Tlalnepantla de Baz",54126,"Tabla Honda",Colonia
México,"Tlalnepantla de Baz",54126,"Tabla Honda","Zona industrial"
México,"Tlalnepantla de Baz",54127,"Ferrocarrilera San Rafael",Colonia
México,"Tlalnepantla de Baz",54128,"Condominios San Rafael","Unidad habitacional"
México,"Tlalnepantla de Baz",54130,"El Rosal",Colonia
México,"Tlalnepantla de Baz",54130,"Ex Ejido de Santa Cecilia",Colonia
México,"Tlalnepantla de Baz",54130,Independencia,Colonia
México,"Tlalnepantla de Baz",54130,"Independencia Ampliación",Colonia
México,"Tlalnepantla de Baz",54130,"Izcalli del Río",Fraccionamiento
México,"Tlalnepantla de Baz",54130,"Jardines de la Cañada","Unidad habitacional"
México,"Tlalnepantla de Baz",54130,"Jardines Santa Cecilia INFONAVIT","Unidad habitacional"
México,"Tlalnepantla de Baz",54130,"Los Ángeles",Colonia
México,"Tlalnepantla de Baz",54130,"Media Luna",Colonia
México,"Tlalnepantla de Baz",54130,"Santa Cecilia",Fraccionamiento
México,"Tlalnepantla de Baz",54130,"Santa Cecilia Acatitlán",Pueblo
México,"Tlalnepantla de Baz",54130,"Valle de las Pirámides",Fraccionamiento
México,"Tlalnepantla de Baz",54134,"Jardines de Santa Cecilia",Fraccionamiento
México,"Tlalnepantla de Baz",54135,"San Buenaventura","Zona industrial"
México,"Tlalnepantla de Baz",54136,"San Buenaventura","Unidad habitacional"
México,"Tlalnepantla de Baz",54140,"El Puerto",Colonia
México,"Tlalnepantla de Baz",54140,"El Tenayo Centro",Colonia
México,"Tlalnepantla de Baz",54140,"El Tenayo Norte",Colonia
México,"Tlalnepantla de Baz",54140,"El Tenayo Sur",Colonia
México,"Tlalnepantla de Baz",54140,"Ex-Ejido de San Lucas Patoni",Colonia
México,"Tlalnepantla de Baz",54140,"FFCC Cecilia Mora Viuda de Gómez",Colonia
México,"Tlalnepantla de Baz",54140,"Izcalli Acatitlán",Fraccionamiento
México,"Tlalnepantla de Baz",54140,"Izcalli Pirámide",Fraccionamiento
México,"Tlalnepantla de Baz",54140,"Izcalli Pirámide II","Unidad habitacional"
México,"Tlalnepantla de Baz",54140,"La Cantera",Colonia
México,"Tlalnepantla de Baz",54140,"San Miguel Chalma",Pueblo
México,"Tlalnepantla de Baz",54142,"Chalma La Unión",Fraccionamiento
México,"Tlalnepantla de Baz",54143,"Chalma La Barranca",Fraccionamiento
México,"Tlalnepantla de Baz",54145,"Tabla Honda","Unidad habitacional"
México,"Tlalnepantla de Baz",54146,"La Cuchilla",Colonia
México,"Tlalnepantla de Baz",54147,"El Tenayo","Unidad habitacional"
México,"Tlalnepantla de Baz",54147,"Valle del Tenayo","Unidad habitacional"
México,"Tlalnepantla de Baz",54149,"Hugo Cervantes del Río",Fraccionamiento
México,"Tlalnepantla de Baz",54150,"Acueducto Tenayuca",Colonia
México,"Tlalnepantla de Baz",54150,Ahuehuetes,Colonia
México,"Tlalnepantla de Baz",54150,"Ampliación Valle Ceylán",Fraccionamiento
México,"Tlalnepantla de Baz",54150,"Arenal Tenayuca",Colonia
México,"Tlalnepantla de Baz",54150,"Loma Escondida","Unidad habitacional"
México,"Tlalnepantla de Baz",54150,"San Bartolo Tenayuca",Pueblo
México,"Tlalnepantla de Baz",54150,"Valle Ceylán",Fraccionamiento
México,"Tlalnepantla de Baz",54152,"La Purísima",Colonia
México,"Tlalnepantla de Baz",54158,"Poder de Dios",Colonia
México,"Tlalnepantla de Baz",54160,Artemisa,"Unidad habitacional"
México,"Tlalnepantla de Baz",54160,"El Tejocote","Unidad habitacional"
México,"Tlalnepantla de Baz",54160,"La Joya Ixtacala",Colonia
México,"Tlalnepantla de Baz",54160,Miraflores,Fraccionamiento
México,"Tlalnepantla de Baz",54160,"Nueva Ixtacala",Fraccionamiento
México,"Tlalnepantla de Baz",54160,P.I.P.S.A.,"Unidad habitacional"
México,"Tlalnepantla de Baz",54160,"Prado Ixtacala",Colonia
México,"Tlalnepantla de Baz",54160,"San Antonio Ixtacala",Colonia
México,"Tlalnepantla de Baz",54160,"San Felipe Ixtacala",Colonia
México,"Tlalnepantla de Baz",54160,"San Juan Ixtacala",Pueblo
México,"Tlalnepantla de Baz",54162,"Ceylán Ixtacala",Colonia
México,"Tlalnepantla de Baz",54168,"San Juan Ixtacala Ampliación Norte",Colonia
México,"Tlalnepantla de Baz",54170,"Bosques de Ceylán",Colonia
México,"Tlalnepantla de Baz",54170,"Prado Vallejo",Fraccionamiento
México,"Tlalnepantla de Baz",54170,"Prensa Nacional",Colonia
México,"Tlalnepantla de Baz",54170,"San Pablo Xalpa","Parque industrial"
México,"Tlalnepantla de Baz",54170,"Venustiano Carranza",Colonia
México,"Tlalnepantla de Baz",54172,"Ex Hacienda de En Medio","Unidad habitacional"
México,"Tlalnepantla de Baz",54173,"Maravillas Ceylán","Unidad habitacional"
México,"Tlalnepantla de Baz",54180,"Atrás del Tequiquil",Colonia
México,"Tlalnepantla de Baz",54180,"El Arenal",Colonia
México,"Tlalnepantla de Baz",54180,"Lomas de San Juan Ixhuatepec",Colonia
México,"Tlalnepantla de Baz",54180,"San José Ixhuatepec",Colonia
México,"Tlalnepantla de Baz",54180,"San Juan Ixhuatepec",Pueblo
México,"Tlalnepantla de Baz",54187,"Ecuestre Residencial San José",Colonia
México,"Tlalnepantla de Baz",54187,"La Presa","Zona industrial"
México,"Tlalnepantla de Baz",54187,"Magisterial Siglo XXI","Unidad habitacional"
México,"Tlalnepantla de Baz",54189,"Lázaro Cárdenas 1ra. Sección",Colonia
México,"Tlalnepantla de Baz",54189,"Lázaro Cárdenas 2da. Sección",Colonia
México,"Tlalnepantla de Baz",54189,"Lázaro Cárdenas 3ra. Sección",Colonia
México,"Tlalnepantla de Baz",54190,"Constitución de 1917",Colonia
México,"Tlalnepantla de Baz",54190,"Constituyentes de 1857",Colonia
México,"Tlalnepantla de Baz",54190,"División del Norte",Colonia
México,"Tlalnepantla de Baz",54190,"Dr. Jorge Jiménez Cantu",Colonia
México,"Tlalnepantla de Baz",54190,"FFCC Concepción Zepeda Viuda de Gómez Z.",Colonia
México,"Tlalnepantla de Baz",54190,"La Laguna",Colonia
México,"Tlalnepantla de Baz",54190,"La Petrolera",Colonia
México,"Tlalnepantla de Baz",54190,"Marina Nacional",Colonia
México,"Tlalnepantla de Baz",54193,"Ex-Ejido de Tepeolulco",Colonia
México,"Tlalnepantla de Baz",54195,"Colinas de San José",Fraccionamiento
México,"Tlalnepantla de Baz",54196,"Angeles San José","Conjunto habitaciona"
México,"Tlalnepantla de Baz",54196,"Bahía del Copal","Unidad habitacional"
México,"Tlalnepantla de Baz",54197,"San Isidro Ixhuatepec",Colonia
México,"Tlalnepantla de Baz",54198,"Lomas de Lindavista El Copal",Fraccionamiento
México,"Tlalnepantla de Baz",54198,"Los Ángeles",Fraccionamiento
México,Tlatlaya,51550,Tlatlaya,Pueblo
México,Tlatlaya,51553,Coatepec,Pueblo
México,Tlatlaya,51553,"Dieciocho de Marzo",Ranchería
México,Tlatlaya,51553,"El Terroncillo",Ranchería
México,Tlatlaya,51553,"La Cueva",Pueblo
México,Tlatlaya,51553,"Loma Larga",Pueblo
México,Tlatlaya,51553,"Los Miraveles",Ranchería
México,Tlatlaya,51553,"Peña del Agua",Ranchería
México,Tlatlaya,51553,"Piedra Ancha",Ranchería
México,Tlatlaya,51553,"Puerto Frío",Ranchería
México,Tlatlaya,51553,Teopazul,Ranchería
México,Tlatlaya,51554,"Cerro del Morado",Ranchería
México,Tlatlaya,51554,"Corral de Piedra Dos",Ranchería
México,Tlatlaya,51554,"El Arenal",Ranchería
México,Tlatlaya,51554,"El Revelado",Ranchería
México,Tlatlaya,51554,"Juntas del Paso Topilar",Ranchería
México,Tlatlaya,51554,Tecomatlán,Ranchería
México,Tlatlaya,51555,"El Potrero",Ranchería
México,Tlatlaya,51555,"La Laguna Puerto de la Arena",Ranchería
México,Tlatlaya,51555,"Plan de la Cuadrilla",Ranchería
México,Tlatlaya,51555,"Puerto de la  Arena",Pueblo
México,Tlatlaya,51556,"Cuadrilla de Gutiérrez",Ranchería
México,Tlatlaya,51556,"El Limón",Pueblo
México,Tlatlaya,51556,"El Mango",Ranchería
México,Tlatlaya,51556,"Juntas del Río Limón",Ranchería
México,Tlatlaya,51556,"San Mateo",Pueblo
México,Tlatlaya,51557,"Benito Juárez",Colonia
México,Tlatlaya,51557,"Los Ocotes",Pueblo
México,Tlatlaya,51557,"San Juan Tetitlán",Pueblo
México,Tlatlaya,51558,Barriales,Ranchería
México,Tlatlaya,51558,"Cuadrilla de los Sotero",Ranchería
México,Tlatlaya,51558,"La Cofradía",Ranchería
México,Tlatlaya,51558,"Pueblo Nuevo",Colonia
México,Tlatlaya,51559,"Corral Parota",Ranchería
México,Tlatlaya,51559,"La Guacamaya",Ranchería
México,Tlatlaya,51559,Mazatitla,Ranchería
México,Tlatlaya,51559,"Santa Cruz",Pueblo
México,Tlatlaya,51559,"Santa María",Pueblo
México,Tlatlaya,51560,Azúchil,Ranchería
México,Tlatlaya,51560,"Limón Terrero",Ranchería
México,Tlatlaya,51564,"Cerro de los Bautistas",Ranchería
México,Tlatlaya,51564,"El Poroche",Ranchería
México,Tlatlaya,51564,"El Tiquimil",Ranchería
México,Tlatlaya,51564,"Las Juntas de Azúchil",Ranchería
México,Tlatlaya,51565,"El Devanador",Ranchería
México,Tlatlaya,51565,"La Cubata",Ranchería
México,Tlatlaya,51565,"Vuelta del Río",Pueblo
México,Tlatlaya,51566,Cacahuananche,Ranchería
México,Tlatlaya,51566,Coahuilotes,Ranchería
México,Tlatlaya,51566,"El Naranjito",Ranchería
México,Tlatlaya,51566,"El Zapote",Pueblo
México,Tlatlaya,51566,"Ranchos Nuevos",Ranchería
México,Tlatlaya,51568,"La Lagunilla",Pueblo
México,Tlatlaya,51569,"Agua Fría",Ranchería
México,Tlatlaya,51569,"El Ciruelo",Ranchería
México,Tlatlaya,51569,"El Naranjito",Pueblo
México,Tlatlaya,51569,"El Reparo",Ranchería
México,Tlatlaya,51569,"La Víbora",Ranchería
México,Tlatlaya,51569,"Las Juntas del Paso",Ranchería
México,Tlatlaya,51569,"Los Limones",Ranchería
México,Tlatlaya,51569,"Paso de Jaquinicuil",Pueblo
México,Tlatlaya,51570,"Santa Ana Zicatecoyan",Pueblo
México,Tlatlaya,51570,"Tierra Blanca",Colonia
México,Tlatlaya,51572,"Barranca de las Flores",Ranchería
México,Tlatlaya,51572,Chachalacatenco,Ranchería
México,Tlatlaya,51572,"El Alambique",Ranchería
México,Tlatlaya,51572,"Peña Colorada",Ranchería
México,Tlatlaya,51572,"Pinzán Morado",Ranchería
México,Tlatlaya,51572,"Plan del Alambique",Ranchería
México,Tlatlaya,51573,"El Montón",Ranchería
México,Tlatlaya,51573,"El Tamarindo",Ranchería
México,Tlatlaya,51573,"El Toroal",Ranchería
México,Tlatlaya,51573,"La Parota",Pueblo
México,Tlatlaya,51573,"San Juan Corral",Pueblo
México,Tlatlaya,51574,"Cerro Blanco",Ranchería
México,Tlatlaya,51574,"Los Hornos",Ranchería
México,Tlatlaya,51574,"Río Topilar",Ranchería
México,Tlatlaya,51575,"Charco del Lagarto",Ranchería
México,Tlatlaya,51575,"El Manguito",Ranchería
México,Tlatlaya,51575,"Peña del Órgano",Pueblo
México,Tlatlaya,51576,"Cuadrilla Nueva",Ranchería
México,Tlatlaya,51576,"El Zopilote",Pueblo
México,Tlatlaya,51576,"Juntas de Santa Ana Zicatecoyan",Ranchería
México,Tlatlaya,51576,Moctezuma,Pueblo
México,Tlatlaya,51576,"Rancho Cua",Ranchería
México,Tlatlaya,51577,Amacuatitla,Ranchería
México,Tlatlaya,51577,"Cruz del Norte",Pueblo
México,Tlatlaya,51577,"El Gavilán",Pueblo
México,Tlatlaya,51577,"Puerto Minatitlán",Ranchería
México,Tlatlaya,51577,"Puerto Seco",Pueblo
México,Tlatlaya,51578,"Cerro de Aguacatepec",Ranchería
México,Tlatlaya,51578,"Corral de Piedra",Pueblo
México,Tlatlaya,51578,"El Mango",Ranchería
México,Tlatlaya,51578,"El Salitrillo",Pueblo
México,Tlatlaya,51578,"La Alcantarilla",Ranchería
México,Tlatlaya,51578,"Rincón del Aguacate",Pueblo
México,Tlatlaya,51578,"Salitre Grande",Ranchería
México,Tlatlaya,51579,"Cuadrilla de las Flores",Ranchería
México,Tlatlaya,51579,"Cuadrilla del Cirián (Cirián Grande)",Ranchería
México,Tlatlaya,51579,"El Suchual",Ranchería
México,Tlatlaya,51579,"La Cofradia",Ranchería
México,Tlatlaya,51579,"Pie del Cerro",Pueblo
México,Tlatlaya,51579,"San Felipe Tepehuastitlán",Ranchería
México,Tlatlaya,51579,"San Lucas",Ranchería
México,Tlatlaya,51579,Tejupilquito,Pueblo
México,Tlatlaya,51580,"El Limo",Ranchería
México,Tlatlaya,51580,"San Francisco de Asís",Pueblo
México,Tlatlaya,51580,Tlacocuspan,Pueblo
México,Tlatlaya,51582,"El Naranjo Palmar Grande",Ranchería
México,Tlatlaya,51582,"Palmar Grande",Pueblo
México,Tlatlaya,51583,Macuatitla,Ranchería
México,Tlatlaya,51583,"Palma Torcida",Pueblo
México,Tlatlaya,51583,"Pie del Cerro San Vicente",Ranchería
México,Tlatlaya,51584,"Ancón de los Curieles",Pueblo
México,Tlatlaya,51584,"Cuadrilla Nueva",Ranchería
México,Tlatlaya,51584,"El Higo Prieto",Pueblo
México,Tlatlaya,51584,"El Salitre Ojo de Agua",Ranchería
México,Tlatlaya,51585,"San Pedro Limón",Pueblo
México,Tlatlaya,51586,"Palos Verdes",Pueblo
México,Tlatlaya,51587,Cascalote,Ranchería
México,Tlatlaya,51587,"Cirián Grande",Ranchería
México,Tlatlaya,51587,"El Guayabo",Ranchería
México,Tlatlaya,51587,"El Llano",Ranchería
México,Tlatlaya,51587,Huixtitla,Ranchería
México,Tlatlaya,51587,Mayaltepec,Pueblo
México,Tlatlaya,51587,"Peña Blanca",Ranchería
México,Tlatlaya,51587,"Rancho Viejo",Ranchería
México,Tlatlaya,51588,"El Guitarratel",Ranchería
México,Tlatlaya,51588,"El Sauz",Ranchería
México,Tlatlaya,51588,"Las Esmeraldas",Pueblo
México,Tlatlaya,51588,"Las Esmeraldas (Puerto del Órgano)",Ranchería
México,Tlatlaya,51588,"Puerto de los Martínez",Ranchería
México,Tlatlaya,51590,"Rincón Grande",Pueblo
México,Tlatlaya,51598,"El Naranjo",Pueblo
México,Tlatlaya,51598,"El Temblor",Pueblo
México,Tlatlaya,51598,"Las Juntas",Ranchería
México,Tlatlaya,51598,"Nuevo Copaltepec",Pueblo
México,Tlatlaya,51598,"Palos Altos",Ranchería
México,Tlatlaya,51598,"San Antonio del Rosario",Pueblo
México,Tlatlaya,51599,"Ancón de la Presa",Ranchería
México,Tlatlaya,51599,"La Parota",Pueblo
México,Toluca,50000,Centro,Colonia
México,Toluca,50009,"Palacio de Gobierno del Estado de México","Gran usuario"
México,Toluca,50010,Celanese,Colonia
México,Toluca,50010,"Club Jardín",Colonia
México,Toluca,50010,"Del Panteón",Barrio
México,Toluca,50010,"El Balcón",Colonia
México,Toluca,50010,"El Tejocote",Colonia
México,Toluca,50010,"Ex-hacienda la Magdalena",Colonia
México,Toluca,50010,"Galaxias de San Lorenzo",Fraccionamiento
México,Toluca,50010,"Gran Morada",Fraccionamiento
México,Toluca,50010,Guadalupe,Colonia
México,Toluca,50010,"Hacienda San Agustín",Fraccionamiento
México,Toluca,50010,"La Cruz Comalco",Colonia
México,Toluca,50010,"La Loma",Colonia
México,Toluca,50010,"La Magdalena",Colonia
México,Toluca,50010,"Los Girasoles",Fraccionamiento
México,Toluca,50010,"Los Girasoles I",Fraccionamiento
México,Toluca,50010,"Los Girasoles II",Fraccionamiento
México,Toluca,50010,"Los Girasoles III",Fraccionamiento
México,Toluca,50010,"Los Girasoles IV",Fraccionamiento
México,Toluca,50010,"San Angelin",Barrio
México,Toluca,50010,"San Juan de la Cruz",Colonia
México,Toluca,50010,"San Lorenzo Tepaltitlán Centro",Colonia
México,Toluca,50010,Tlacopa,Barrio
México,Toluca,50010,Universidad,Colonia
México,Toluca,50010,"Villas Tepaltitlán",Fraccionamiento
México,Toluca,50016,"De la Crespa",Barrio
México,Toluca,50016,"Jardines de la Crespa","Unidad habitacional"
México,Toluca,50016,"Parque industrial San Antonio","Zona industrial"
México,Toluca,50017,"Las Brisas",Fraccionamiento
México,Toluca,50017,"Rincón de San Lorenzo",Colonia
México,Toluca,50018,"El Mogote",Colonia
México,Toluca,50018,"Las Flores",Residencial
México,Toluca,50018,"San Antonio",Colonia
México,Toluca,50019,"El Charco",Colonia
México,Toluca,50019,"San Rafael",Colonia
México,Toluca,50020,"3 Caminos",Colonia
México,Toluca,50020,"Bosques de la Mora",Fraccionamiento
México,Toluca,50020,"Los Ángeles",Colonia
México,Toluca,50020,"Los Frailes",Fraccionamiento
México,Toluca,50020,"Rancho la Mora",Colonia
México,Toluca,50020,"Rinconada de la Mora",Fraccionamiento
México,Toluca,50020,"Santiago Miltepec",Pueblo
México,Toluca,50020,"Valle de Santiago Residencial",Fraccionamiento
México,Toluca,50026,"Carlos Hank González",Colonia
México,Toluca,50039,"La Vega",Fraccionamiento
México,Toluca,50040,"Electricistas Locales",Colonia
México,Toluca,50040,"La Retama",Barrio
México,Toluca,50040,"La Teresona",Barrio
México,Toluca,50040,"San Luis Obispo",Barrio
México,Toluca,50040,"San Miguel Apinahuizco",Barrio
México,Toluca,50040,"Sector Popular",Colonia
México,Toluca,50040,"Sor Juana Inés de la Cruz",Colonia
México,Toluca,50040,Unión,Colonia
México,Toluca,50050,"El Cóporo",Barrio
México,Toluca,50050,"Santa Bárbara",Barrio
México,Toluca,50050,"Zopilocalco Norte",Barrio
México,Toluca,50050,"Zopilocalco Sur",Barrio
México,Toluca,50060,Doctores,Colonia
México,Toluca,50060,Huitzila,Barrio
México,Toluca,50060,"Lomas Altas",Fraccionamiento
México,Toluca,50060,"Niños Héroes (Penciones)",Colonia
México,Toluca,50060,"San Juan Buenavista",Colonia
México,Toluca,50069,"Centro SCT México","Gran usuario"
México,Toluca,50070,"Fidel Velázquez","Unidad habitacional"
México,Toluca,50070,Independencia,Colonia
México,Toluca,50070,Meteoro,Colonia
México,Toluca,50070,"Reforma y FNM (San Juan Bautista)",Colonia
México,Toluca,50070,"Villas Fontana I",Fraccionamiento
México,Toluca,50070,"Villas Fontana II",Fraccionamiento
México,Toluca,50071,Toluca,"Zona industrial"
México,Toluca,50075,Científicos,Colonia
México,Toluca,50075,"Las Torres",Fraccionamiento
México,Toluca,50076,"Residencial las Torres",Fraccionamiento
México,Toluca,50080,"La Merced  (Alameda)",Barrio
México,Toluca,50080,"San Bernardino",Barrio
México,Toluca,50090,"5 de Mayo",Colonia
México,Toluca,50090,"Santa Clara",Barrio
México,Toluca,50100,"14 de Diciembre",Colonia
México,Toluca,50100,"Bosques de San Mateo",Colonia
México,Toluca,50100,"El Trigo",Fraccionamiento
México,Toluca,50100,"Ex-Hacienda San Jorge",Colonia
México,Toluca,50100,"La Joya",Colonia
México,Toluca,50100,"La Ribera I",Residencial
México,Toluca,50100,"La Ribera II",Residencial
México,Toluca,50100,"La Ribera III",Residencial
México,Toluca,50100,"La Ribera IV",Residencial
México,Toluca,50100,"Lomas de San Mateo",Fraccionamiento
México,Toluca,50100,"Miguel Hidalgo (Corralitos)",Colonia
México,Toluca,50100,"Niños Héroes",Colonia
México,Toluca,50100,"Nueva Oxtotitlán",Colonia
México,Toluca,50100,"Parque de San Mateo",Fraccionamiento
México,Toluca,50100,"Parques Nacionales",Colonia
México,Toluca,50100,Protinbos,Colonia
México,Toluca,50100,"Rincón del Parque",Colonia
México,Toluca,50100,"San Mateo Oxtotitlán",Colonia
México,Toluca,50103,"De Atotonilco",Barrio
México,Toluca,50103,"De Tlanepantla",Barrio
México,Toluca,50103,"De Tlayaca",Barrio
México,Toluca,50110,Cultural,Colonia
México,Toluca,50110,"Del Deporte",Colonia
México,Toluca,50110,"Guadalupe San Buenaventura",Colonia
México,Toluca,50110,"Plazas de San Buenaventura",Fraccionamiento
México,Toluca,50110,"Real del Bosque",Fraccionamiento
México,Toluca,50110,"San Buenaventura",Colonia
México,Toluca,50110,"Vicente Guerrero",Colonia
México,Toluca,50110,"Villas de San Buenaventura",Fraccionamiento
México,Toluca,50115,"Loma Bonita",Colonia
México,Toluca,50120,Ciprés,Colonia
México,Toluca,50120,Colón,Residencial
México,Toluca,50120,"Federal (Adolfo López Mateos)",Colonia
México,Toluca,50120,Granjas,Colonia
México,Toluca,50120,"Morelos 1a Sección",Colonia
México,Toluca,50120,"Morelos 2a Secc",Colonia
México,Toluca,50122,"Zona Militar","Zona federal"
México,Toluca,50123,"Paseo Tollocan INFONAVIT",Fraccionamiento
México,Toluca,50130,Altamirano,Colonia
México,Toluca,50130,Américas,Colonia
México,Toluca,50130,Cuauhtémoc,Colonia
México,Toluca,50130,"Francisco Murguía El Ranchito",Colonia
México,Toluca,50130,Universidad,Colonia
México,Toluca,50140,"Nueva Santa María",Colonia
México,Toluca,50140,"Nueva Santa María de las Rosas",Colonia
México,Toluca,50140,"Santa María de las Rosas",Colonia
México,Toluca,50140,Terminal,Colonia
México,Toluca,50140,"Valle Don Camilo",Fraccionamiento
México,Toluca,50140,"Valle Verde",Colonia
México,Toluca,50140,"Villas Florencia",Fraccionamiento
México,Toluca,50150,"Comisión Federal de Electricidad",Colonia
México,Toluca,50150,"Izcalli IPIEM",Colonia
México,Toluca,50150,"Izcalli Toluca",Colonia
México,Toluca,50150,"Juan Beltrán","Conjunto habitaciona"
México,Toluca,50150,Progreso,Colonia
México,Toluca,50150,"Salvador Sánchez Colín",Colonia
México,Toluca,50150,"San Sebastián",Barrio
México,Toluca,50150,Vértice,Fraccionamiento
México,Toluca,50160,"Santa Ana Tlapaltitlán",Colonia
México,Toluca,50160,"Villas de Santa Ana",Fraccionamiento
México,Toluca,50160,"Villas de Santa Ana I",Fraccionamiento
México,Toluca,50160,"Villas de Santa Ana II",Fraccionamiento
México,Toluca,50160,"Villas de Santa Ana III",Fraccionamiento
México,Toluca,50160,"Villas de Santa Ana IV",Fraccionamiento
México,Toluca,50160,"Villas de Santa Ana V",Fraccionamiento
México,Toluca,50160,"Villas de Santa Ana VI",Fraccionamiento
México,Toluca,50160,"Villas de Santa Ana VII",Fraccionamiento
México,Toluca,50168,"La Machincuepa",Fraccionamiento
México,Toluca,50168,"Santa María Zozoquilpan",Colonia
México,Toluca,50170,"El Seminario 1a Sección",Colonia
México,Toluca,50170,"El Seminario 2a Sección",Colonia
México,Toluca,50170,"El Seminario 3a Sección",Colonia
México,Toluca,50170,"El Seminario 4a Sección",Colonia
México,Toluca,50170,"El Seminario 5a Sección",Colonia
México,Toluca,50170,"Héroes del 5 de Mayo",Colonia
México,Toluca,50170,"Isidro Fabela 1a Sección",Colonia
México,Toluca,50170,"Isidro Fabela 2a Sección",Colonia
México,Toluca,50170,"Las Haciendas",Colonia
México,Toluca,50170,"Ocho Cedros",Colonia
México,Toluca,50170,"Ocho Cedros 2a Sección",Colonia
México,Toluca,50170,"Rancho Dolores",Fraccionamiento
México,Toluca,50170,"Villa Hogar",Colonia
México,Toluca,50170,"Villas el Limoncito",Fraccionamiento
México,Toluca,50180,"Ampliación Lázaro Cárdenas",Colonia
México,Toluca,50180,Azteca,Colonia
México,Toluca,50180,"Bosques de Colón",Fraccionamiento
México,Toluca,50180,"Del Parque",Colonia
México,Toluca,50180,"Hermanos de la Vega",Colonia
México,Toluca,50180,"Lázaro Cárdenas",Colonia
México,Toluca,50180,"Moderna de la Cruz",Colonia
México,Toluca,50190,"Benito Juárez",Colonia
México,Toluca,50190,"Emiliano Zapata",Colonia
México,Toluca,50190,"Eva Sámano de López Mateos",Colonia
México,Toluca,50190,"La Magdalena",Colonia
México,Toluca,50190,"Unidad Victoria",Colonia
México,Toluca,50200,"Armando Neyra Chavez",Colonia
México,Toluca,50200,"Barrio San Gabriel",Colonia
México,Toluca,50200,"La Trinidad",Colonia
México,Toluca,50200,"San Andrés Cuexcontitlán",Pueblo
México,Toluca,50200,"San Cristóbal Huichochitlán",Pueblo
México,Toluca,50200,"San Salvador",Colonia
México,Toluca,50203,"Paseos del Pilar",Fraccionamiento
México,Toluca,50205,"Jicaltepec Cuexconitlán",Colonia
México,Toluca,50205,"La Concepción",Colonia
México,Toluca,50205,Natividad,Colonia
México,Toluca,50205,"San Andrés",Colonia
México,Toluca,50205,"San Diego de los Padres Cuexcontitlán",Colonia
México,Toluca,50205,"San Diego de los Padres Otzacatipan",Ejido
México,Toluca,50205,"San Diego los Padres Cuexcontitlán Sección 5 B",Colonia
México,Toluca,50205,"San José Guadalupe",Colonia
México,Toluca,50205,"Santa Rosa",Colonia
México,Toluca,50206,"La Loma Cuexcontitlán",Ejido
México,Toluca,50206,"San Diego Linares",Pueblo
México,Toluca,50209,"Toluca (Lic. Adolfo López Mateos)",Aeropuerto
México,Toluca,50210,"Bosques de Cantabria",Fraccionamiento
México,Toluca,50210,"Hacienda del Valle I",Fraccionamiento
México,Toluca,50210,"Hacienda del Valle II",Fraccionamiento
México,Toluca,50210,"Hacienda San José",Residencial
México,Toluca,50210,"La Magdalena",Barrio
México,Toluca,50210,"Los Sauces I",Fraccionamiento
México,Toluca,50210,"Los Sauces II",Fraccionamiento
México,Toluca,50210,"Los Sauces III",Fraccionamiento
México,Toluca,50210,"Los Sauces IV",Colonia
México,Toluca,50210,"Los Sauces V",Fraccionamiento
México,Toluca,50210,"Rancho San José","Conjunto habitaciona"
México,Toluca,50210,"Santa Cruz Otzacatipán",Colonia
México,Toluca,50210,"Villa Mane",Fraccionamiento
México,Toluca,50210,"Villa Tulipanes",Fraccionamiento
México,Toluca,50210,"Villas de la Hacienda 1a. Sección",Fraccionamiento
México,Toluca,50210,"Villas de la Hacienda 2a. Sección",Fraccionamiento
México,Toluca,50214,"Balcones Santín",Fraccionamiento
México,Toluca,50214,"Paseos Santín",Fraccionamiento
México,Toluca,50214,"Villas Santín",Fraccionamiento
México,Toluca,50220,"De Canaleja",Barrio
México,Toluca,50220,"San Mateo Otzacatipan",Pueblo
México,Toluca,50220,"Villas de San Mateo",Fraccionamiento
México,Toluca,50223,"Parque industrial Exportec I","Zona industrial"
México,Toluca,50223,"Parque industrial Exportec II","Zona industrial"
México,Toluca,50225,"Bordo de las Canastas",Fraccionamiento
México,Toluca,50225,"Geovillas Centenario",Fraccionamiento
México,Toluca,50225,"Nueva San Francisco",Colonia
México,Toluca,50225,"San Miguel Totoltepec",Pueblo
México,Toluca,50226,"La Arboleda II",Fraccionamiento
México,Toluca,50226,"La Arboleda III",Fraccionamiento
México,Toluca,50226,"San Pedro Totoltepec",Pueblo
México,Toluca,50226,"Villas Santa María (Galaxia)",Colonia
México,Toluca,50227,"Geovillas de San Mateo",Fraccionamiento
México,Toluca,50227,"La Floresta",Fraccionamiento
México,Toluca,50227,"Misiones de Santa Esperanza",Colonia
México,Toluca,50227,"Paseos de Toluca",Fraccionamiento
México,Toluca,50227,"Rinconadas del Pilar",Fraccionamiento
México,Toluca,50227,"Villas de Santa Mónica",Fraccionamiento
México,Toluca,50228,"Geo Villas de la Ind","Unidad habitacional"
México,Toluca,50228,"Geo Villas de la Ind. II",Fraccionamiento
México,Toluca,50228,"Geovillas los Cedros","Unidad habitacional"
México,Toluca,50228,"La Arboleda",Fraccionamiento
México,Toluca,50228,"La Arboleda IV",Fraccionamiento
México,Toluca,50228,"La Arboleda V",Fraccionamiento
México,Toluca,50228,"La Crespa",Barrio
México,Toluca,50228,"Las Fuentes",Residencial
México,Toluca,50228,"Las Fuentes del Ordal",Fraccionamiento
México,Toluca,50228,"Las Fuentes Ind.","Unidad habitacional"
México,Toluca,50228,"Los Sabinos",Fraccionamiento
México,Toluca,50228,"Villa de San Andrés",Fraccionamiento
México,Toluca,50230,"San Blas Otzacatipan",Colonia
México,Toluca,50230,"San Blas Totoltepec",Colonia
México,Toluca,50230,"San José Guadalupe Otzacatipan",Pueblo
México,Toluca,50230,"San Nicolás Tolentino",Pueblo
México,Toluca,50233,"Parque industrial Toluca 2000","Zona industrial"
México,Toluca,50233,"Parque industrial Vesta","Zona industrial"
México,Toluca,50235,"El Cerrillo Vista Hermosa",Colonia
México,Toluca,50235,"Guadalupe Totoltepec",Barrio
México,Toluca,50235,"San Francisco",Colonia
México,Toluca,50235,"San Francisco Totoltepec",Pueblo
México,Toluca,50236,"Arroyo Vista Hermosa",Colonia
México,Toluca,50236,"La Constitución Totoltepec",Colonia
México,Toluca,50240,"Campo Real I",Fraccionamiento
México,Toluca,50240,"El Carmen Totoltepec",Colonia
México,Toluca,50240,"El Olimpo",Fraccionamiento
México,Toluca,50240,"Los Ahuehuetes",Fraccionamiento
México,Toluca,50240,"Prados de Tollocan",Fraccionamiento
México,Toluca,50245,"Campo Real","Unidad habitacional"
México,Toluca,50245,"Campo Real II",Fraccionamiento
México,Toluca,50245,"Campo Real III","Unidad habitacional"
México,Toluca,50245,"Hacienda La Galia",Fraccionamiento
México,Toluca,50245,"Jesús García Lovera ""El Pilar""",Colonia
México,Toluca,50245,"La Alameda","Unidad habitacional"
México,Toluca,50245,"Las Bugambilias","Unidad habitacional"
México,Toluca,50245,"Los Héroes I",Fraccionamiento
México,Toluca,50245,"María Bonita",Fraccionamiento
México,Toluca,50245,"Residencial la Joya","Unidad habitacional"
México,Toluca,50245,"San Antonio Abad","Unidad habitacional"
México,Toluca,50245,"San Jerónimo","Unidad habitacional"
México,Toluca,50245,"Santa María Totoltepec",Pueblo
México,Toluca,50245,"Sor Juana Inés de la Cruz","Unidad habitacional"
México,Toluca,50246,"El Coecillo",Colonia
México,Toluca,50246,"Los Héroes II",Fraccionamiento
México,Toluca,50246,"Los Héroes III",Fraccionamiento
México,Toluca,50250,"La Cañada",Colonia
México,Toluca,50250,"La Curva",Colonia
México,Toluca,50250,"La Loma",Residencial
México,Toluca,50250,"Las Margaritas",Fraccionamiento
México,Toluca,50250,"Las Palomas",Fraccionamiento
México,Toluca,50250,"Rancho de Maya",Colonia
México,Toluca,50250,"San Felipe Tlalmimilolpan",Pueblo
México,Toluca,50250,"Santa Juanita",Ejido
México,Toluca,50253,"Dos Ríos",Colonia
México,Toluca,50253,"El Calvario",Colonia
México,Toluca,50253,"Jardines de San Pedro",Colonia
México,Toluca,50253,"La Comunidad",Colonia
México,Toluca,50253,"Los Álamos",Colonia
México,Toluca,50254,"Balcones de San Felipe",Fraccionamiento
México,Toluca,50254,"Del Panteón",Barrio
México,Toluca,50254,"El Frontón",Colonia
México,Toluca,50254,"El Mirador",Colonia
México,Toluca,50254,"El Mogote",Colonia
México,Toluca,50254,"La Joya",Colonia
México,Toluca,50254,"La Venta",Colonia
México,Toluca,50254,"Loma Bonita",Colonia
México,Toluca,50254,Tlala,Colonia
México,Toluca,50255,"Cristo Rey",Colonia
México,Toluca,50255,"El Durazno",Colonia
México,Toluca,50255,"El Mirador",Colonia
México,Toluca,50255,"El Refugio",Colonia
México,Toluca,50255,Guadalupe,Colonia
México,Toluca,50255,"Linda Vista",Colonia
México,Toluca,50255,"Loma Bonita",Colonia
México,Toluca,50255,"Los Pajaritos",Colonia
México,Toluca,50255,"Paraje Tlalmimilolpan",Colonia
México,Toluca,50255,"San Juan Tilapa Centro",Colonia
México,Toluca,50255,"Santa María",Colonia
México,Toluca,50255,"Santiago Tlacotepec",Colonia
México,Toluca,50255,"Santiago Tlacotepec Centro",Colonia
México,Toluca,50255,"Vista Hermosa",Colonia
México,Toluca,50256,"Agua Bendita",Colonia
México,Toluca,50256,"El Calvario",Colonia
México,Toluca,50256,"El Canal",Colonia
México,Toluca,50256,"Las Barraanquitas",Colonia
México,Toluca,50256,"Las Palmas",Colonia
México,Toluca,50257,Apilulco,Colonia
México,Toluca,50257,"Benito Juárez",Colonia
México,Toluca,50257,"El Cruzado",Colonia
México,Toluca,50257,"La Joya",Colonia
México,Toluca,50257,"La Joya de Ignacio Esquivel",Colonia
México,Toluca,50257,"Loma Bonita",Colonia
México,Toluca,50257,Tollocan,Colonia
México,Toluca,50258,Acuxtitla,Colonia
México,Toluca,50258,"El Chamizal",Colonia
México,Toluca,50258,"El Mostrante",Colonia
México,Toluca,50258,"El Rosario",Colonia
México,Toluca,50258,Guadalupe,Colonia
México,Toluca,50258,"La Cruz",Colonia
México,Toluca,50258,"Paraje el Ocote",Colonia
México,Toluca,50258,Puxinco,Colonia
México,Toluca,50258,"Rancho Buenavista",Colonia
México,Toluca,50258,Tilapa,Colonia
México,Toluca,50260,Alejandría,Residencial
México,Toluca,50260,Capultitlán,Colonia
México,Toluca,50260,"Capultitlán Centro",Colonia
México,Toluca,50260,"El Pacífico",Colonia
México,Toluca,50260,"La Era",Colonia
México,Toluca,50260,"Paseos del Valle",Fraccionamiento
México,Toluca,50260,"Villas Fontana",Fraccionamiento
México,Toluca,50260,"Villas Santa Esther",Fraccionamiento
México,Toluca,50263,"De Cristo Rey",Barrio
México,Toluca,50263,"De la Cruz",Barrio
México,Toluca,50263,"Del Espíritu Santo",Barrio
México,Toluca,50263,"La Virgen de Guadalupe",Colonia
México,Toluca,50263,"Los Pinos",Colonia
México,Toluca,50263,"San Isidro Labrador",Colonia
México,Toluca,50263,"San Juan Apóstol",Colonia
México,Toluca,50263,"Santísima Trinidad",Colonia
México,Toluca,50264,"Las Palmas",Colonia
México,Toluca,50264,"San Felipe de Jesús",Colonia
México,Toluca,50264,"San José",Colonia
México,Toluca,50264,"San Judas Tadeo",Colonia
México,Toluca,50264,"San Pablo",Colonia
México,Toluca,50265,Cacalomacán,Colonia
México,Toluca,50265,"Cacalomacán Centro",Colonia
México,Toluca,50265,"Del Campo",Colonia
México,Toluca,50265,"Del Panteón",Barrio
México,Toluca,50265,"El Chorrito",Colonia
México,Toluca,50265,Guadalupe,Colonia
México,Toluca,50265,"La Capilla",Colonia
México,Toluca,50265,"La Loma",Colonia
México,Toluca,50265,"La Palma",Colonia
México,Toluca,50265,"Las Palomas",Colonia
México,Toluca,50265,"Sagrado Corazón de Jesús",Colonia
México,Toluca,50265,"San Miguel Zacango",Colonia
México,Toluca,50265,"San Pedro",Colonia
México,Toluca,50265,"Sixto Noguez",Colonia
México,Toluca,50265,"Sor Juana Inés de la Cruz",Colonia
México,Toluca,50265,"Tierra Coloradas",Colonia
México,Toluca,50266,"San Antonio Buenavista",Pueblo
México,Toluca,50270,Tecaxic,Pueblo
México,Toluca,50270,Tepetongo,Barrio
México,Toluca,50273,Buenavista,Colonia
México,Toluca,50273,"San Pablo",Colonia
México,Toluca,50274,Pedregal,Colonia
México,Toluca,50274,"Pueblo Nuevo",Colonia
México,Toluca,50274,Tlalnepantla,Colonia
México,Toluca,50280,Calixtlahuaca,Pueblo
México,Toluca,50280,"Santiago Tlaxomulco Centro",Colonia
México,Toluca,50283,"Del Pozo Blanco",Barrio
México,Toluca,50283,"La Pena",Barrio
México,Toluca,50283,"Los Cipreses",Colonia
México,Toluca,50284,"El Calvario",Colonia
México,Toluca,50284,"Los Pocitos",Colonia
México,Toluca,50284,Tenojo,Colonia
México,Toluca,50285,"2 de Marzo",Colonia
México,Toluca,50285,"Almoloya de Juárez",Ejido
México,Toluca,50285,"Conjunto Habitacional Las Bugambilias","Unidad habitacional"
México,Toluca,50285,"Junta Local de Caminos",Fraccionamiento
México,Toluca,50285,"La Palma Toltepec",Barrio
México,Toluca,50285,"Lázaro Cárdenas",Colonia
México,Toluca,50285,"Ojo de Agua Autopan",Colonia
México,Toluca,50285,Palmillas,Barrio
México,Toluca,50285,"Paseos San Martín","Conjunto habitaciona"
México,Toluca,50285,"San Isidro",Ranchería
México,Toluca,50285,"San Marcos",Ejido
México,Toluca,50285,"San Marcos  Yachihuacaltepec",Ejido
México,Toluca,50285,"San Martín Toltepec",Pueblo
México,Toluca,50285,"Santiago Tlaxomulco (Zimbrones)",Ejido
México,Toluca,50286,"El Calvario",Colonia
México,Toluca,50286,"El Tepetate",Colonia
México,Toluca,50286,"La Pena",Colonia
México,Toluca,50290,Alcaltunco,Colonia
México,Toluca,50290,"Bordo Nuevo",Ejido
México,Toluca,50290,Chichipicas,Colonia
México,Toluca,50290,Chupascliya,Colonia
México,Toluca,50290,"Contra Caja",Colonia
México,Toluca,50290,"De Jesús 1a. Sección",Barrio
México,Toluca,50290,"De Jesús 2a. Sección",Barrio
México,Toluca,50290,"Del Pozo",Barrio
México,Toluca,50290,"Ejido Santa Cruz Azcapotzaltongo",Colonia
México,Toluca,50290,"El Cajón",Ejido
México,Toluca,50290,"El Cerrito",Colonia
México,Toluca,50290,"El Cerro del Perico",Ejido
México,Toluca,50290,"Jicaltepec Autopan",Barrio
México,Toluca,50290,"San Pablo Autopan",Pueblo
México,Toluca,50290,"Santa Cruz Atzcapotzaltongo",Colonia
México,Toluca,50290,Tanamato,Colonia
México,Toluca,50290,Tejocote,Colonia
México,Toluca,50290,"Villas los Ángeles","Unidad habitacional"
México,Toluca,50293,"Parque industrial Toluca","Zona industrial"
México,Toluca,50294,"De Jesús 3a. Sección",Barrio
México,Toluca,50294,"De Pueblo Nuevo",Barrio
México,Toluca,50294,"De Santa Cruz",Barrio
México,Toluca,50294,"De Santa María",Barrio
México,Toluca,50294,"La Granja",Colonia
México,Toluca,50294,Tlachaloya,Colonia
México,Toluca,50295,"De Balbuena",Barrio
México,Toluca,50295,"Del Tejocote",Barrio
México,Toluca,50295,"El Cerrillo Piedras Blancas",Colonia
México,Toluca,50295,"Galaxia Toluca",Fraccionamiento
México,Toluca,50295,"Julián Escalante",Colonia
México,Toluca,50295,"La Aviación",Ejido
México,Toluca,50295,"La Trinidad",Colonia
México,Toluca,50295,"Las Jaras",Colonia
México,Toluca,50295,"Las Nicolás",Colonia
México,Toluca,50295,"Real de San Pablo",Fraccionamiento
México,Toluca,50295,"San Carlos",Barrio
México,Toluca,50295,"San Cayetano Morelos",Pueblo
México,Toluca,50295,"San Diego","Conjunto habitaciona"
México,Toluca,50295,"San José Buenavista el Chico",Barrio
México,Toluca,50295,"San José la Costa",Ejido
México,Toluca,50295,"San Mateo",Colonia
México,Toluca,50295,"Sebastián Lerdo de Tejada",Colonia
México,Toluca,50295,Tlachaloya,Pueblo
México,Toluca,50295,"Tlachaloya 2a Sección Centro",Colonia
México,Toluca,50295,"Xicaltepe Tepaltitlán (San Lorenzo)",Ejido
México,Tonanitla,55785,"Santa María Tonanitla",Pueblo
México,Tonanitla,55785,"Villas de Santa María",Fraccionamiento
México,Tonanitla,55786,"La Asunción",Colonia
México,Tonatico,51950,"San Felipe",Barrio
México,Tonatico,51950,"San Gaspar",Barrio
México,Tonatico,51950,"San Sebastián",Barrio
México,Tonatico,51950,"Santa María Norte",Colonia
México,Tonatico,51950,"Santa María Sur",Barrio
México,Tonatico,51950,Tonatico,Pueblo
México,Tonatico,51953,"Paso de San Juan",Colonia
México,Tonatico,51954,"San Isidro",Ranchería
México,Tonatico,51955,Comunidad,Ranchería
México,Tonatico,51955,"Pueblo Viejo",Ranchería
México,Tonatico,51955,"San Miguel",Ranchería
México,Tonatico,51956,"El Rincón",Ranchería
México,Tonatico,51956,Trapiche,Ranchería
México,Tonatico,51959,"Los Amates (San José de los Amates)",Ranchería
México,Tonatico,51960,"Portón de Sueño","Unidad habitacional"
México,Tonatico,51960,Tlacopan,Ranchería
México,Tonatico,51963,"La Audiencia",Ranchería
México,Tonatico,51963,"San Bartolo",Ranchería
México,Tonatico,51964,"El Terrero",Ranchería
México,Tonatico,51964,Salinas,Ranchería
México,Tonatico,51970,"El Zapote",Ranchería
México,Tonatico,51973,"La Puerta de Santiago",Ranchería
México,Tonatico,51974,Colixtlahuacán,Ranchería
México,Tonatico,51974,"Ojo de Agua",Ranchería
México,Tonatico,51975,"El Remate",Ranchería
México,Tonatico,51976,"Llano de Solidaridad",Ranchería
México,Tonatico,51977,"La Vega",Ranchería
México,Tultepec,54960,Centro,Colonia
México,Tultepec,54960,"El Carmen",Barrio
México,Tultepec,54960,"San Juan Xocotla",Barrio
México,Tultepec,54960,"San Rafael Ixtlahuaca",Barrio
México,Tultepec,54962,"San Pablo Otlica",Colonia
México,Tultepec,54962,Tlamelaca,Colonia
México,Tultepec,54962,Trigotenco,Colonia
México,Tultepec,54962,Xacopinca,Colonia
México,Tultepec,54963,Antigua,Colonia
México,Tultepec,54963,"Ejido del Quemado",Colonia
México,Tultepec,54963,"El Cuquio",Colonia
México,Tultepec,54963,"El Nodín",Colonia
México,Tultepec,54963,"San Antonio el Cuadro",Barrio
México,Tultepec,54963,"San Joaquín",Rancho
México,Tultepec,54963,"San Martín El Calvario",Barrio
México,Tultepec,54964,"La Cantera",Colonia
México,Tultepec,54964,Oxtoc,Colonia
México,Tultepec,54964,"San Miguel Otlica",Colonia
México,Tultepec,54964,"Santa Isabel Nepantla",Barrio
México,Tultepec,54965,"Ampliación La Piedad",Colonia
México,Tultepec,54965,Emiquía,Colonia
México,Tultepec,54965,"Jardines de Santa Cruz",Colonia
México,Tultepec,54965,"La Cañada",Colonia
México,Tultepec,54965,"La Morita",Colonia
México,Tultepec,54965,"La Piedad",Barrio
México,Tultepec,54965,México,Colonia
México,Tultepec,54965,"Santa Rita",Colonia
México,Tultepec,54965,Tepetlixco,Colonia
México,Tultepec,54966,"Guadalupe Tlazintla",Barrio
México,Tultepec,54967,"El Mirador",Colonia
México,Tultepec,54967,"La Palma",Colonia
México,Tultepec,54970,Fresnos,Colonia
México,Tultepec,54970,"Las Brisas",Colonia
México,Tultepec,54970,"Lomas de Tultepec",Colonia
México,Tultepec,54970,"San Marcos",Colonia
México,Tultepec,54970,"Vicente Suárez",Colonia
México,Tultepec,54972,"Cajiga (Ejido de Tultepec)",Ejido
México,Tultepec,54972,"El Progreso (Villa Esmeralda)",Colonia
México,Tultepec,54972,"La Aurora",Colonia
México,Tultepec,54972,"La Joya",Colonia
México,Tultepec,54974,Adoberas,Colonia
México,Tultepec,54974,"La Rinconada",Colonia
México,Tultepec,54975,"Amado Nervo",Colonia
México,Tultepec,54976,"San Antonio Xahuento",Colonia
México,Tultepec,54977,"La Saucera","Zona industrial"
México,Tultepec,54980,"Hacienda del Jardín",Fraccionamiento
México,Tultepec,54980,"La Manzana",Barrio
México,Tultepec,54980,"Santiago Teyahualco",Pueblo
México,Tultepec,54980,"Villas de Loreto",Colonia
México,Tultepec,54983,"Paraje San Pablito",Colonia
México,Tultepec,54983,"San Pablito",Colonia
México,Tultepec,54984,"El Bosque Tultepec",Colonia
México,Tultepec,54984,"El Dorado",Fraccionamiento
México,Tultepec,54984,"El Tecompa",Ranchería
México,Tultepec,54984,"La Mitra","Unidad habitacional"
México,Tultepec,54984,"Paseos de Tultepec I",Fraccionamiento
México,Tultepec,54984,"Paseos de Tultepec II",Fraccionamiento
México,Tultepec,54985,"INFONAVIT C.T.M. San Pablo Tultepec","Unidad habitacional"
México,Tultepec,54986,"Diez de Junio",Colonia
México,Tultepec,54987,"Arcos Tultepec",Colonia
México,Tultepec,54987,"Hacienda Real de Tultepec",Fraccionamiento
México,Tultepec,54990,"Santiago Teyahualco",Ejido
México,Tultitlán,54900,Belém,Barrio
México,Tultitlán,54900,"La Concepción",Barrio
México,Tultitlán,54900,"Los Reyes",Barrio
México,Tultitlán,54900,Nativitas,Barrio
México,Tultitlán,54900,"Residencial los Reyes",Condominio
México,Tultitlán,54900,"San Bartolo",Barrio
México,Tultitlán,54900,"San Juan",Barrio
México,Tultitlán,54900,Santiaguito,Barrio
México,Tultitlán,54900,"Tultitlán de Mariano Escobedo Centro",Colonia
México,Tultitlán,54910,"Central de Abastos","Zona comercial"
México,Tultitlán,54910,"Fuentes del Valle",Fraccionamiento
México,Tultitlán,54910,"Jardines de Tultitlán",Condominio
México,Tultitlán,54910,"La Mariscala",Colonia
México,Tultitlán,54910,"La Ponderosa",Ranchería
México,Tultitlán,54910,"Los Agaves Tultitlán",Condominio
México,Tultitlán,54910,"Los Portales",Condominio
México,Tultitlán,54910,"Villa Esmeralda",Colonia
México,Tultitlán,54910,"Villas de San José",Fraccionamiento
México,Tultitlán,54913,"Ampliación COCEM",Condominio
México,Tultitlán,54913,"Bosques de Tultitlán",Condominio
México,Tultitlán,54913,COCEM,Fraccionamiento
México,Tultitlán,54913,"Quinta el Ángel","Unidad habitacional"
México,Tultitlán,54913,"Recursos Hidráulicos",Colonia
México,Tultitlán,54913,"Residencial del Sol",Fraccionamiento
México,Tultitlán,54913,"Sol de Tultitlán (Zona Oriente)",Condominio
México,Tultitlán,54913,"Villas Jardín",Condominio
México,Tultitlán,54914,"Unidad Electricistas",Condominio
México,Tultitlán,54915,"El Obelisco",Condominio
México,Tultitlán,54915,Independencia,"Zona industrial"
México,Tultitlán,54915,Independencia,Colonia
México,Tultitlán,54915,"Los Reyes",Colonia
México,Tultitlán,54915,"Porto Alegre",Condominio
México,Tultitlán,54915,"Rincón Colonial",Residencial
México,Tultitlán,54916,"Lázaro Cárdenas (Zona Hornos)",Colonia
México,Tultitlán,54918,Cartagena,"Parque industrial"
México,Tultitlán,54918,"El Cueyamil",Colonia
México,Tultitlán,54918,Tultitlán,"Parque industrial"
México,Tultitlán,54920,"Estrella de Tultitlán (Lote 55 Pte.)",Condominio
México,Tultitlán,54920,"Hogares de Castera",Condominio
México,Tultitlán,54920,"Jardines de los Claustros III",Fraccionamiento
México,Tultitlán,54920,"San Pablo Castera II",Fraccionamiento
México,Tultitlán,54924,"Conjunto Cristal",Condominio
México,Tultitlán,54924,"El Kiosco",Condominio
México,Tultitlán,54924,Llanuras,Fraccionamiento
México,Tultitlán,54924,"Lote 104 (Tehuantepec)",Condominio
México,Tultitlán,54925,"Hacienda San Pablo",Fraccionamiento
México,Tultitlán,54925,"Las Manzanas","Unidad habitacional"
México,Tultitlán,54925,"Prados B",Condominio
México,Tultitlán,54926,Estepas,Fraccionamiento
México,Tultitlán,54926,"Galaxias Tultitlán",Fraccionamiento
México,Tultitlán,54926,"Los Agaves (Lote 71)",Condominio
México,Tultitlán,54926,"Lote 55 (Los Tejados)",Condominio
México,Tultitlán,54926,"Sustitución Arista",Condominio
México,Tultitlán,54927,"Emilio Chuayffet",Colonia
México,Tultitlán,54927,"Hogares de Castera Lote 73",Colonia
México,Tultitlán,54927,"Las Tórtolas",Fraccionamiento
México,Tultitlán,54927,"Lote 41 (El Carmen)",Condominio
México,Tultitlán,54927,"Mariano Escobedo (los Faroles)","Unidad habitacional"
México,Tultitlán,54929,"Alborada I",Fraccionamiento
México,Tultitlán,54929,"Jardines de los Claustros VI",Fraccionamiento
México,Tultitlán,54929,"La Alborada Vallas","Unidad habitacional"
México,Tultitlán,54929,"Lote 12 (Crepúsculo)",Condominio
México,Tultitlán,54929,"Nuevo INFONAVIT","Unidad habitacional"
México,Tultitlán,54929,"Unidad Morelos 3ra. Sección INFONAVIT",Fraccionamiento
México,Tultitlán,54929,"Villas Loreto",Condominio
México,Tultitlán,54930,"Granjas San Pablo",Fraccionamiento
México,Tultitlán,54930,"Izcalli Rinconada",Fraccionamiento
México,Tultitlán,54930,"Jardines de los Claustros IV",Fraccionamiento
México,Tultitlán,54930,"Jardines de los Claustros V",Fraccionamiento
México,Tultitlán,54930,"La Granja","Unidad habitacional"
México,Tultitlán,54930,"Las Granjas",Condominio
México,Tultitlán,54930,"Llanura Verde",Condominio
México,Tultitlán,54930,"Lomas de San Pablo",Colonia
México,Tultitlán,54930,"Lote 92 (Las Rosas)",Condominio
México,Tultitlán,54930,Pensamientos,Condominio
México,Tultitlán,54930,"Privada los Prados",Condominio
México,Tultitlán,54930,"Quintas San Pablo",Condominio
México,Tultitlán,54930,"San Pablo de las Salinas",Pueblo
México,Tultitlán,54930,"San Pablo de las Salinas","Unidad habitacional"
México,Tultitlán,54930,"Solar San Pablo",Condominio
México,Tultitlán,54930,"Solidaridad Social (Lote 105)",Fraccionamiento
México,Tultitlán,54930,"Unidad Morelos 2da. Sección",Fraccionamiento
México,Tultitlán,54932,"Conjunto Fortuna",Condominio
México,Tultitlán,54932,"IMMEX II",Fraccionamiento
México,Tultitlán,54932,"Isidro Fabela",Condominio
México,Tultitlán,54932,"Lote 105 (Ébano)",Condominio
México,Tultitlán,54932,Magnolias,Fraccionamiento
México,Tultitlán,54932,"Magnolias 2000",Fraccionamiento
México,Tultitlán,54932,"Residencial Magnolias",Fraccionamiento
México,Tultitlán,54932,"Residencial San Pablo II",Fraccionamiento
México,Tultitlán,54932,"San Pablo III-A",Condominio
México,Tultitlán,54932,"San Pablo III-B",Condominio
México,Tultitlán,54932,"Villas de San Pablo",Condominio
México,Tultitlán,54932,"Villas San Pablo (Lote 117 Sur)",Condominio
México,Tultitlán,54933,"Azul Cielo",Condominio
México,Tultitlán,54933,"Coyoli Martínez",Condominio
México,Tultitlán,54933,"El Campanario",Condominio
México,Tultitlán,54933,"Izcalli San Pablo",Fraccionamiento
México,Tultitlán,54933,"Jardines de San Pablo",Condominio
México,Tultitlán,54933,"Lote 93 (Amalia)",Condominio
México,Tultitlán,54933,"Parque de San Pablo",Condominio
México,Tultitlán,54933,"Plaza Jardines",Fraccionamiento
México,Tultitlán,54933,"Residencial La Esperanza",Condominio
México,Tultitlán,54933,"Verde Claro",Condominio
México,Tultitlán,54934,"El Rocío",Condominio
México,Tultitlán,54934,"Gustavo Baz",Condominio
México,Tultitlán,54934,"Prados A",Condominio
México,Tultitlán,54935,"Alborada II",Fraccionamiento
México,Tultitlán,54935,"Casas Alfa","Unidad habitacional"
México,Tultitlán,54935,"Casitas San Pablo",Condominio
México,Tultitlán,54935,"Conjunto San Pablo",Condominio
México,Tultitlán,54935,"El Faro (Lote 3 Pte.)",Condominio
México,Tultitlán,54935,"Jardines de los Claustros I",Fraccionamiento
México,Tultitlán,54935,"Jardines de los Claustros II",Fraccionamiento
México,Tultitlán,54935,"La Isla",Condominio
México,Tultitlán,54935,"Las Almenas",Condominio
México,Tultitlán,54935,"Las Calderas",Colonia
México,Tultitlán,54935,"Las Chinampas","Poblado comunal"
México,Tultitlán,54935,"Las Fuentes",Condominio
México,Tultitlán,54935,"Lava 46","Unidad habitacional"
México,Tultitlán,54935,"Lote 52 (Torres Tultitlán)",Condominio
México,Tultitlán,54935,"Lote 82 (Guillermo González C.)",Condominio
México,Tultitlán,54935,"Lote 84 (Las Adelas)",Condominio
México,Tultitlán,54935,"Portal San Pablo",Condominio
México,Tultitlán,54935,"Portal San Pablo II",Condominio
México,Tultitlán,54935,"Residencial Morelos",Condominio
México,Tultitlán,54935,"Unidad Morelos 3ra. Sección",Fraccionamiento
México,Tultitlán,54938,"Ampliación San Pablo de las Salinas",Colonia
México,Tultitlán,54938,"Arboledas (lote 49)","Unidad habitacional"
México,Tultitlán,54938,"Arcos I",Condominio
México,Tultitlán,54938,"Arcos II",Condominio
México,Tultitlán,54938,"Arcos III",Condominio
México,Tultitlán,54938,"Arcos IV",Condominio
México,Tultitlán,54938,"Arcos V",Condominio
México,Tultitlán,54938,"Arcos VI",Condominio
México,Tultitlán,54938,"Bonito Tultitlán (lote 60)",Condominio
México,Tultitlán,54938,"El Alcázar",Condominio
México,Tultitlán,54938,"El Laurel",Condominio
México,Tultitlán,54938,"Lote 46 (El Reloj Villas)",Condominio
México,Tultitlán,54938,"Lote 47 (El Reloj Residencial)",Condominio
México,Tultitlán,54938,"Lote 48 (El Reloj Cronos)",Condominio
México,Tultitlán,54938,"Lote 50 A",Condominio
México,Tultitlán,54938,"Lote 50 B (Las Laderas)",Condominio
México,Tultitlán,54938,"Lote 50 C (Real De Tultitlán)",Condominio
México,Tultitlán,54938,"Lote 50 D",Condominio
México,Tultitlán,54938,"Lote 59 (Torres del Reloj)",Condominio
México,Tultitlán,54938,"Lote 62 (Juan Rulfo)",Condominio
México,Tultitlán,54938,"Lote 63 Conjunto Pilares",Condominio
México,Tultitlán,54938,"Lote 64 (Octavio Paz)",Condominio
México,Tultitlán,54938,"Lote 76 (El Reloj)",Condominio
México,Tultitlán,54938,"Villas Santa Teresita",Condominio
México,Tultitlán,54938,"Villas Tultitlán (Lote 65)",Condominio
México,Tultitlán,54939,"Paraje San Pablo","Unidad habitacional"
México,Tultitlán,54940,"Corredor Lechería-Cuautitlán","Zona industrial"
México,Tultitlán,54940,Lechería,Colonia
México,Tultitlán,54942,"Ampliación Las Torres Segunda Sección",Colonia
México,Tultitlán,54942,"Benito Juárez",Colonia
México,Tultitlán,54942,"La Libertad",Colonia
México,Tultitlán,54942,"Las Torres I",Colonia
México,Tultitlán,54943,"Ciudad Labor",Fraccionamiento
México,Tultitlán,54943,"Ojo de Agua Primera Sección",Colonia
México,Tultitlán,54943,"Ojo de Agua Segunda Sección",Colonia
México,Tultitlán,54944,"Ampliación El Fresno",Colonia
México,Tultitlán,54944,"Arbolada la Loma",Condominio
México,Tultitlán,54944,Buenavista,Ejido
México,Tultitlán,54944,"Buenavista Parte Alta",Colonia
México,Tultitlán,54944,"Buenavista Parte Baja",Colonia
México,Tultitlán,54944,"Conjunto Urbano La Loma",Condominio
México,Tultitlán,54944,"El Fresno",Colonia
México,Tultitlán,54944,"El Golfo",Condominio
México,Tultitlán,54944,"La Joya",Colonia
México,Tultitlán,54944,"La Loma I",Condominio
México,Tultitlán,54944,"La Loma II",Condominio
México,Tultitlán,54944,"La Loma III",Condominio
México,Tultitlán,54944,"Plaza Arbolada la Loma",Condominio
México,Tultitlán,54944,"San Francisco Chilpan",Pueblo
México,Tultitlán,54944,"Santa Clara",Colonia
México,Tultitlán,54944,"Villas de San Francisco II",Condominio
México,Tultitlán,54945,"Estado de México","Zona industrial"
México,Tultitlán,54945,"Izcalli del Valle",Fraccionamiento
México,Tultitlán,54945,"Nueva Tultitlán",Colonia
México,Tultitlán,54945,"Valle de Tules",Colonia
México,Tultitlán,54945,"Valle Verde",Colonia
México,Tultitlán,54945,"Villas de San Francisco Chilpan",Fraccionamiento
México,Tultitlán,54946,Ferrocarrilera,Colonia
México,Tultitlán,54946,"Mariano Escobedo",Colonia
México,Tultitlán,54948,"Bello Horizonte",Colonia
México,Tultitlán,54948,"Real del Bosque",Condominio
México,Tultitlán,54948,"San Antonio Tultitán",Ejido
México,Tultitlán,54948,"San Mateo Cuautepec",Pueblo
México,Tultitlán,54948,"San Mateo Cuautepec",Ejido
México,Tultitlán,54948,"Solidaridad 1ra. Sección",Colonia
México,Tultitlán,54948,"Solidaridad 2da. Sección",Colonia
México,Tultitlán,54948,"Solidaridad 3ra. Sección",Colonia
México,Tultitlán,54949,"Conjunto Brillante",Condominio
México,Tultitlán,54949,"Los Sauces",Condominio
México,Tultitlán,54949,"Mayorazgo de Tultitlán",Condominio
México,Tultitlán,54949,"Santa María Cuautepec",Pueblo
México,Tultitlán,54949,"Santa María Cuautepec",Ejido
México,Tultitlán,54950,"La Sardaña",Colonia
México,Tultitlán,54954,"Ampliación San Marcos",Colonia
México,Tultitlán,54954,"Rinconada San Marcos",Colonia
México,Tultitlán,54955,"Ampliación Buenavista",Colonia
México,Tultitlán,54955,"Ampliación Buenavista 1ra. Sección",Colonia
México,Tultitlán,54955,"Ampliación Buenavista 2da. Sección",Colonia
México,Tultitlán,54957,"Ampliación El Tesoro",Colonia
México,Tultitlán,54957,"El Tesoro",Colonia
México,Tultitlán,54957,"Sierra de Guadalupe",Colonia
México,Tultitlán,54958,"Ampliación La Sardaña",Colonia
México,Tultitlán,54958,"FIMESA II (Ampliación la Sardaña)",Colonia
México,Tultitlán,54958,"Jardines de la Cañada",Fraccionamiento
México,Tultitlán,54958,"Lomas de Cartagena",Fraccionamiento
México,Tultitlán,54958,"Lomas del Parque I",Fraccionamiento
México,Tultitlán,54958,"Lomas del Parque II",Fraccionamiento
México,Tultitlán,54958,"Lomas del Parque III",Fraccionamiento
México,Tultitlán,54958,"Los Tulipanes",Condominio
México,Tultitlán,54959,"Corredor López Portillo","Zona industrial"
México,Tultitlán,54959,"El Paraje",Colonia
México,Tultitlán,54959,"FIMESA I (El Paraje)",Colonia
México,"Valle de Bravo",51200,Avándaro,Pueblo
México,"Valle de Bravo",51200,"Los Saúcos",Pueblo
México,"Valle de Bravo",51200,"Rincón Villa del Valle",Colonia
México,"Valle de Bravo",51200,"Santa María Ahuacatlan",Barrio
México,"Valle de Bravo",51200,"Valle de Bravo",Pueblo
México,"Valle de Bravo",51204,Otumba,Colonia
México,"Valle de Bravo",51206,"El Cerrillo",Pueblo
México,"Valle de Bravo",51207,"Rincón de Estradas",Pueblo
México,"Valle de Bravo",51207,"Tres Puentes",Pueblo
México,"Valle de Bravo",51208,"La Candelaria",Pueblo
México,"Valle de Bravo",51209,Pipioltepec,Pueblo
México,"Valle de Bravo",51210,"Santa Teresa Tilostoc",Pueblo
México,"Valle de Bravo",51217,"El Arco",Pueblo
México,"Valle de Bravo",51217,"San Gaspar",Pueblo
México,"Valle de Bravo",51218,"Santa Magdalena Tilostoc",Pueblo
México,"Valle de Bravo",51219,"San Gabriel Ixtla",Pueblo
México,"Valle de Bravo",51220,"Cerro Colorado",Pueblo
México,"Valle de Bravo",51225,"Cuadrilla de Dolores",Pueblo
México,"Valle de Bravo",51226,"Casas Viejas",Pueblo
México,"Valle de Bravo",51226,"La Volanta",Ranchería
México,"Valle de Bravo",51227,"Peña Blanca",Pueblo
México,"Valle de Bravo",51229,"Mesa de Jaimes",Pueblo
México,"Valle de Bravo",51229,"Monte Alto",Ranchería
México,"Valle de Bravo",51230,Colorines,Pueblo
México,"Valle de Bravo",51230,"El Durazno",Ranchería
México,"Valle de Bravo",51230,"El Polvorin",Colonia
México,"Valle de Bravo",51230,"Loma Bonita",Colonia
México,"Valle de Bravo",51230,"San Juan Atezcapan",Pueblo
México,"Valle de Bravo",51230,"San Nicolás Tolentino",Pueblo
México,"Valle de Bravo",51237,"El Manzano",Pueblo
México,"Valle de Bravo",51238,"Mesa Rica",Ranchería
México,"Valle de Bravo",51238,"Pinar de Osorios",Pueblo
México,"Valle de Bravo",51238,"San José Potrerillos",Ranchería
México,"Valle de Bravo",51239,"Cerro Gordo",Pueblo
México,"Valle de Bravo",51240,"San Simón el Alto",Pueblo
México,"Valle de Bravo",51245,"Godínez O Tehuastepec",Pueblo
México,"Valle de Bravo",51246,Atesquelites,Ranchería
México,"Valle de Bravo",51246,"Mesas de Dolores",Pueblo
México,"Valle de Bravo",51247,"La Laguna",Pueblo
México,"Valle de Bravo",51247,"Santo Tomás el Pedregal",Ranchería
México,"Valle de Bravo",51247,"Tierra Grande (La Loma)","Poblado comunal"
México,"Valle de Bravo",51248,"El Fresno",Pueblo
México,"Valle de Bravo",51248,Tenantongo,Ranchería
México,"Valle de Chalco Solidaridad",56610,"Alfredo Baranda",Colonia
México,"Valle de Chalco Solidaridad",56610,Américas,Colonia
México,"Valle de Chalco Solidaridad",56610,"Niños Héroes",Colonia
México,"Valle de Chalco Solidaridad",56610,"San Miguel las Tablas",Colonia
México,"Valle de Chalco Solidaridad",56613,"San Miguel Xico",Colonia
México,"Valle de Chalco Solidaridad",56614,"Antorcha Valle de Chalco",Colonia
México,"Valle de Chalco Solidaridad",56614,"Central de Abasto",Equipamiento
México,"Valle de Chalco Solidaridad",56614,"Cerro del Marques",Colonia
México,"Valle de Chalco Solidaridad",56614,"Ex-hacienda Xico","Unidad habitacional"
México,"Valle de Chalco Solidaridad",56614,"Real de San Martín",Colonia
México,"Valle de Chalco Solidaridad",56614,"San Martín Xico La Laguna",Colonia
México,"Valle de Chalco Solidaridad",56615,Concepción,Colonia
México,"Valle de Chalco Solidaridad",56615,"El Agostadero",Colonia
México,"Valle de Chalco Solidaridad",56615,"María Isabel",Colonia
México,"Valle de Chalco Solidaridad",56615,Santiago,Colonia
México,"Valle de Chalco Solidaridad",56616,Guadalupana,Colonia
México,"Valle de Chalco Solidaridad",56616,Providencia,Colonia
México,"Valle de Chalco Solidaridad",56617,"El Triunfo",Colonia
México,"Valle de Chalco Solidaridad",56617,Independencia,Colonia
México,"Valle de Chalco Solidaridad",56617,Jardín,Colonia
México,"Valle de Chalco Solidaridad",56617,"San Isidro",Colonia
México,"Valle de Chalco Solidaridad",56617,"Santa Cruz",Colonia
México,"Valle de Chalco Solidaridad",56618,Avándaro,Colonia
México,"Valle de Chalco Solidaridad",56618,"Carlos Salinas de Gortari",Colonia
México,"Valle de Chalco Solidaridad",56618,"Darío Martínez II Sección",Colonia
México,"Valle de Chalco Solidaridad",56618,"Emiliano Zapata",Colonia
México,"Valle de Chalco Solidaridad",56618,"Geovillas la Asunción","Unidad habitacional"
México,"Valle de Chalco Solidaridad",56618,"La Asunción",Colonia
México,"Valle de Chalco Solidaridad",56618,"San Gregorio",Colonia
México,"Valle de Chalco Solidaridad",56618,"San Juan Tlalpizahuac",Colonia
México,"Valle de Chalco Solidaridad",56619,"Alfredo del Mazo",Colonia
México,"Valle de Chalco Solidaridad",56619,"Ampliación Santa Catarina",Colonia
México,"Valle de Chalco Solidaridad",56619,"Darío Martínez I Sección",Colonia
México,"Valle de Chalco Solidaridad",56619,"Del Carmen",Colonia
México,"Valle de Chalco Solidaridad",56619,"Santa Catarina",Colonia
México,"Villa de Allende",51000,"Villa de Allende",Pueblo
México,"Villa de Allende",51004,"Batán Chico","Poblado comunal"
México,"Villa de Allende",51004,"Casa Blanca",Barrio
México,"Villa de Allende",51004,"El Puerto","Poblado comunal"
México,"Villa de Allende",51004,"Los Hoyos",Barrio
México,"Villa de Allende",51004,"Vare Chiquichuca",Pueblo
México,"Villa de Allende",51005,"La Peña",Pueblo
México,"Villa de Allende",51005,"Loma Bonita",Barrio
México,"Villa de Allende",51005,"Loma Chica","Poblado comunal"
México,"Villa de Allende",51005,"Loma de San Pablo","Poblado comunal"
México,"Villa de Allende",51005,"Mesa Chica","Poblado comunal"
México,"Villa de Allende",51005,"San Pablo Malacatepec",Pueblo
México,"Villa de Allende",51005,"Santa Teresa",Pueblo
México,"Villa de Allende",51006,Colchones,Barrio
México,"Villa de Allende",51006,"San Juan",Barrio
México,"Villa de Allende",51007,"Barrio Chiquichuca",Barrio
México,"Villa de Allende",51007,"El Aventurero",Pueblo
México,"Villa de Allende",51007,"El Chirimoyo",Barrio
México,"Villa de Allende",51007,"Las Mesas de San Jerónimo",Barrio
México,"Villa de Allende",51007,Potrero,"Poblado comunal"
México,"Villa de Allende",51007,"San Jerónimo Totoltepec",Pueblo
México,"Villa de Allende",51007,"Santa Cruz","Poblado comunal"
México,"Villa de Allende",51008,"Manzana de Cashte",Ranchería
México,"Villa de Allende",51008,"San Ildefonso",Pueblo
México,"Villa de Allende",51009,"Barrio de Santiago",Barrio
México,"Villa de Allende",51009,"San Miguel",Pueblo
México,"Villa de Allende",51009,"Santa María de las Delicias",Pueblo
México,"Villa de Allende",51010,"Loma de Juárez",Pueblo
México,"Villa de Allende",51013,"Barrio el Boncho",Barrio
México,"Villa de Allende",51013,"Barrio la Joya",Barrio
México,"Villa de Allende",51013,"Las Casitas",Barrio
México,"Villa de Allende",51013,"San Francisco de Asis",Pueblo
México,"Villa de Allende",51014,"Barrio el Salto",Barrio
México,"Villa de Allende",51014,"Barrio los Tules",Barrio
México,"Villa de Allende",51015,"El Jacal",Pueblo
México,"Villa de Allende",51015,"El Salitre del Cerro",Pueblo
México,"Villa de Allende",51015,"San Isidro",Pueblo
México,"Villa de Allende",51015,"Soledad del Salitre",Pueblo
México,"Villa de Allende",51016,"Barrio Chichicaishle",Barrio
México,"Villa de Allende",51016,"Barrio los Pozos",Barrio
México,"Villa de Allende",51016,Bosencheve,Pueblo
México,"Villa de Allende",51016,Buenavista,Pueblo
México,"Villa de Allende",51016,"El Cinco (Ejido Barrio de Santiago el Cinco)",Barrio
México,"Villa de Allende",51016,"Las Dalias",Pueblo
México,"Villa de Allende",51017,"San Miguel la Máquina","Poblado comunal"
México,"Villa de Allende",51017,"Santa Cruz",Pueblo
México,"Villa de Allende",51019,"Cuesta del Carmen",Pueblo
México,"Villa de Allende",51019,"Ejido de Macia","Poblado comunal"
México,"Villa de Allende",51019,"El Puerto Lengua de Vaca","Poblado comunal"
México,"Villa de Allende",51019,"La Piedra",Pueblo
México,"Villa de Allende",51019,"Mesas de San Juan Buenavista","Poblado comunal"
México,"Villa de Allende",51019,"Mesas del Clarín","Poblado comunal"
México,"Villa de Allende",51019,"San Juan Buenavista",Pueblo
México,"Villa de Allende",51020,"San Felipe Santiago",Pueblo
México,"Villa de Allende",51024,"Mesa de Zacango",Pueblo
México,"Villa de Allende",51024,"Monte Alto","Poblado comunal"
México,"Villa de Allende",51024,"San Cayetano",Pueblo
México,"Villa de Allende",51025,"Mesas de San Martín",Pueblo
México,"Villa de Allende",51025,"Sabana el Rosario",Pueblo
México,"Villa de Allende",51026,"Estación Sabana Taborda Primera Sección",Paraje
México,"Villa de Allende",51026,"Sabana de San Jerónimo","Poblado comunal"
México,"Villa de Allende",51026,"Sabana Taborda Segunda Sección","Poblado comunal"
México,"Villa de Allende",51027,"Cerro de Guadalupe",Ranchería
México,"Villa de Allende",51027,"Ejido la Sabana de San Jerónimo","Poblado comunal"
México,"Villa de Allende",51027,Morelos,Ranchería
México,"Villa de Allende",51027,"Sabana de la Peña",Ranchería
México,"Villa de Allende",51027,"San Martín",Ejido
México,"Villa de Allende",51028,"Filiberto Gómez",Pueblo
México,"Villa de Allende",51028,"Sabana del Madroño",Pueblo
México,"Villa de Allende",51028,"Sabana del Refugio",Pueblo
México,"Villa de Allende",51029,Berros,Pueblo
México,"Villa de Allende",51029,"Manzana la Pera","Poblado comunal"
México,"Villa de Allende",51029,"San Agustín Berros el Salto",Barrio
México,"Villa del Carbón",54300,"Villa del Carbón",Pueblo
México,"Villa del Carbón",54310,"San Jeronimo Zacapexco",Pueblo
México,"Villa del Carbón",54313,"Boca Negra",Pueblo
México,"Villa del Carbón",54313,"El Plan Zacapexco",Barrio
México,"Villa del Carbón",54313,"La Capilla",Pueblo
México,"Villa del Carbón",54313,"La Correquintera",Barrio
México,"Villa del Carbón",54313,"La Discordia",Pueblo
México,"Villa del Carbón",54313,"Loma de la Hacienda",Hacienda
México,"Villa del Carbón",54313,"Los Domínguez",Barrio
México,"Villa del Carbón",54313,"Palo Hueco",Ranchería
México,"Villa del Carbón",54314,"La Bellota",Barrio
México,"Villa del Carbón",54314,"Los Gutiérrez",Barrio
México,"Villa del Carbón",54314,"Villa del Actor",Fraccionamiento
México,"Villa del Carbón",54315,"El Aguaje",Barrio
México,"Villa del Carbón",54315,"El Plan Villa",Barrio
México,"Villa del Carbón",54315,"La Augora",Barrio
México,"Villa del Carbón",54315,"Monte de Peña",Pueblo
México,"Villa del Carbón",54320,"El Terrero",Pueblo
México,"Villa del Carbón",54320,"La Arrastradera",Pueblo
México,"Villa del Carbón",54320,"La Cañada",Pueblo
México,"Villa del Carbón",54320,"San Salvador",Pueblo
México,"Villa del Carbón",54324,"El Arenal",Ranchería
México,"Villa del Carbón",54324,"El Palomar",Pueblo
México,"Villa del Carbón",54324,"La Cruz y Carrizal",Pueblo
México,"Villa del Carbón",54324,"Loma Alta Taxhimay",Pueblo
México,"Villa del Carbón",54325,"San Luis Taxhimay",Pueblo
México,"Villa del Carbón",54326,Anáhuac,Pueblo
México,"Villa del Carbón",54326,"La Escalera",Pueblo
México,"Villa del Carbón",54326,"Las Moras",Pueblo
México,"Villa del Carbón",54326,"Los Oratorios",Pueblo
México,"Villa del Carbón",54326,"Potrero Largo",Pueblo
México,"Villa del Carbón",54326,Xajay,Ranchería
México,"Villa del Carbón",54327,"Los Camaleones",Barrio
México,"Villa del Carbón",54327,"Los Madroños",Pueblo
México,"Villa del Carbón",54327,"Santa Catarina",Ranchería
México,"Villa del Carbón",54327,"Villa del Carbón",Fraccionamiento
México,"Villa del Carbón",54330,"El Ocotal",Pueblo
México,"Villa del Carbón",54330,"Llano de Zacapexco",Pueblo
México,"Villa del Carbón",54330,"San Lucas",Ranchería
México,"Villa del Carbón",54333,Centinela,Pueblo
México,"Villa del Carbón",54333,"La Cienega",Pueblo
México,"Villa del Carbón",54333,"Loma Alta",Pueblo
México,"Villa del Carbón",54333,"Loma de Don Juan",Pueblo
México,"Villa del Carbón",54333,"Loma de Trojes",Pueblo
México,"Villa del Carbón",54333,Platitos,Pueblo
México,"Villa del Carbón",54333,"San Martín Cachihuapan",Pueblo
México,"Villa del Carbón",54334,"La Cruz del Arenal",Ranchería
México,"Villa del Carbón",54335,Molinitos,Pueblo
México,"Villa del Carbón",54335,Temanacoya,Pueblo
México,"Villa del Carbón",54336,Piequexhimo,Pueblo
México,"Villa del Carbón",54336,"Santa María",Pueblo
México,"Villa del Carbón",54337,"Las Vigas",Pueblo
México,"Villa del Carbón",54337,"Los Barbechos",Pueblo
México,"Villa del Carbón",54337,"Los Rueda",Pueblo
México,"Villa del Carbón",54337,"San Isidro del Bosque",Pueblo
México,"Villa del Carbón",54340,"Pueblo Nuevo",Pueblo
México,"Villa del Carbón",54343,"La Colonia",Ranchería
México,"Villa del Carbón",54345,"Los Arana",Pueblo
México,"Villa del Carbón",54346,"El Águila",Pueblo
México,"Villa del Carbón",54346,"El Cerrito",Ranchería
México,"Villa del Carbón",54346,"La Esperanza",Pueblo
México,"Villa del Carbón",54346,"Llano Grande",Pueblo
México,"Villa Guerrero",51760,"15 de Mayo","Unidad habitacional"
México,"Villa Guerrero",51760,"San Francisco",Pueblo
México,"Villa Guerrero",51760,"Villa Guerrero",Villa
México,"Villa Guerrero",51765,Buenavista,Pueblo
México,"Villa Guerrero",51765,Coxcacuaco,Ranchería
México,"Villa Guerrero",51765,"Ejido de San Mateo Coapexco",Ranchería
México,"Villa Guerrero",51765,"El Islote",Pueblo
México,"Villa Guerrero",51765,"Jesús Carranza",Pueblo
México,"Villa Guerrero",51765,"San Felipe",Pueblo
México,"Villa Guerrero",51765,"Santa Cecilia",Barrio
México,"Villa Guerrero",51766,"Progreso Hidalgo",Pueblo
México,"Villa Guerrero",51767,"Ejido de la Finca",Ranchería
México,"Villa Guerrero",51767,"La Finca",Pueblo
México,"Villa Guerrero",51767,"Potrero Nuevo",Pueblo
México,"Villa Guerrero",51773,"Cruz Vidriada",Pueblo
México,"Villa Guerrero",51773,"San Diego",Pueblo
México,"Villa Guerrero",51775,"La Joya",Ranchería
México,"Villa Guerrero",51775,"Santa María",Pueblo
México,"Villa Guerrero",51776,"San Lucas",Pueblo
México,"Villa Guerrero",51776,"San Miguel",Pueblo
México,"Villa Guerrero",51777,Cuajimalpa,Ranchería
México,"Villa Guerrero",51777,"El Moral",Pueblo
México,"Villa Guerrero",51777,"Los Ranchos de San José",Ranchería
México,"Villa Guerrero",51777,"San Bartolomé",Pueblo
México,"Villa Guerrero",51777,"San José",Pueblo
México,"Villa Guerrero",51777,Zangillas,Ranchería
México,"Villa Guerrero",51780,Matlazinca,Pueblo
México,"Villa Guerrero",51783,"San Mateo Coapexco",Pueblo
México,"Villa Guerrero",51783,"Santiago Oxtotitlán",Pueblo
México,"Villa Guerrero",51783,"Venturero de Zacango",Ranchería
México,"Villa Guerrero",51783,Zacango,Pueblo
México,"Villa Guerrero",51784,"El Carmen",Pueblo
México,"Villa Guerrero",51784,"El Izote",Pueblo
México,"Villa Guerrero",51784,"San Pedro Buenos Aires",Pueblo
México,"Villa Guerrero",51784,Totolmajac,Pueblo
México,"Villa Guerrero",51785,"Porfirio Díaz",Pueblo
México,"Villa Guerrero",51786,"El Peñon",Ranchería
México,"Villa Guerrero",51786,"La Loma de la Concepción",Pueblo
México,"Villa Guerrero",51786,"Potrero de la Sierra",Ranchería
México,"Villa Guerrero",51786,"San Gaspar",Pueblo
México,"Villa Guerrero",51786,Tequimilpa,Pueblo
México,"Villa Victoria",50960,"Villa Victoria",Pueblo
México,"Villa Victoria",50963,"El Fresno San Agustín",Pueblo
México,"Villa Victoria",50963,"Jesús María",Pueblo
México,"Villa Victoria",50963,"Santa Isabel del Monte",Pueblo
México,"Villa Victoria",50964,"Laguna Seca",Ejido
México,"Villa Victoria",50964,"San Agustín Altamirano Primera Sección",Pueblo
México,"Villa Victoria",50964,Sansón,Pueblo
México,"Villa Victoria",50964,"Turcio Segunda Sección","Poblado comunal"
México,"Villa Victoria",50965,"Barrio de los Velázquez",Barrio
México,"Villa Victoria",50965,"Doctor Gustavo Baz",Colonia
México,"Villa Victoria",50965,"El Hospital",Ejido
México,"Villa Victoria",50965,"Hospital Propiedad (Dos Estrellas)",Pueblo
México,"Villa Victoria",50965,"Jesús María",Ejido
México,"Villa Victoria",50965,"Los Matorrales",Barrio
México,"Villa Victoria",50965,"Los Padres",Ejido
México,"Villa Victoria",50965,"San Joaquín del Monte",Pueblo
México,"Villa Victoria",50965,"Santa Elena",Barrio
México,"Villa Victoria",50966,"Ejido de Laguna Seca 2a Sección",Pueblo
México,"Villa Victoria",50966,"El Gallito",Barrio
México,"Villa Victoria",50966,"San Agustín Altamirano 2da. Sección",Pueblo
México,"Villa Victoria",50966,"Santiago del Monte",Pueblo
México,"Villa Victoria",50967,"Las Águilas",Pueblo
México,"Villa Victoria",50967,"San Luis el Alto",Pueblo
México,"Villa Victoria",50967,"San Luis la Gavia",Ranchería
México,"Villa Victoria",50967,"San Luis la Manzana",Pueblo
México,"Villa Victoria",50967,"Turcio 1a Secc",Pueblo
México,"Villa Victoria",50967,"Turcio 3ra. Sección",Pueblo
México,"Villa Victoria",50967,"Turcio la Loma",Pueblo
México,"Villa Victoria",50970,"Propiedad Laguna Seca",Pueblo
México,"Villa Victoria",50973,"San Agustín Altamirano Monte Alto",Pueblo
México,"Villa Victoria",50973,"San Agustín Canohillas 2da. Sección",Pueblo
México,"Villa Victoria",50973,"San Agustín Canoillas 1a Secc",Pueblo
México,"Villa Victoria",50973,"Unión de los Berros",Pueblo
México,"Villa Victoria",50974,"Dolores Vaquerías",Pueblo
México,"Villa Victoria",50974,"San Agustín Berros",Pueblo
México,"Villa Victoria",50974,"Sección de Guadalupe",Pueblo
México,"Villa Victoria",50975,"Barrio el Vivero",Barrio
México,"Villa Victoria",50975,"Cerritos del Pilar",Pueblo
México,"Villa Victoria",50975,"Jesús María Monte Alto",Pueblo
México,"Villa Victoria",50975,"La Puerta del Pilar",Pueblo
México,"Villa Victoria",50975,"Las Peñas",Pueblo
México,"Villa Victoria",50975,"Ojitos de Agua","Poblado comunal"
México,"Villa Victoria",50975,"San Pedro del Rincón",Pueblo
México,"Villa Victoria",50980,"Potrero de San Diego",Pueblo
México,"Villa Victoria",50983,"Barrio Cerrillo Grande",Barrio
México,"Villa Victoria",50983,"Barrio de Santa Cruz de la Rosa",Barrio
México,"Villa Victoria",50983,"Cerrillo Chico",Barrio
México,"Villa Victoria",50983,Palizada,Pueblo
México,"Villa Victoria",50984,"Agua Grande",Pueblo
México,"Villa Victoria",50984,"Agua Zarca",Pueblo
México,"Villa Victoria",50984,"Barrio del Nuevo Bosque",Barrio
México,"Villa Victoria",50984,"Barrio Los Cedros Suchitepec 1a Sección",Barrio
México,"Villa Victoria",50984,"El Jacal",Pueblo
México,"Villa Victoria",50984,"El Panteón Suchitepec",Barrio
México,"Villa Victoria",50984,"La Mesa",Pueblo
México,"Villa Victoria",50984,"La Providencia",Barrio
México,"Villa Victoria",50984,"Loma de la Rosa",Pueblo
México,"Villa Victoria",50984,"San Diego Suchitepec",Pueblo
México,"Villa Victoria",50985,"Casas Coloradas",Pueblo
México,"Villa Victoria",50985,"El Espinal",Pueblo
México,"Villa Victoria",50985,"La Presa",Ranchería
México,"Villa Victoria",50985,"San Felipe de la Rosa",Pueblo
México,"Villa Victoria",50986,"El Capulín",Barrio
México,"Villa Victoria",50986,"El Catorce",Barrio
México,"Villa Victoria",50986,"Las Palmas",Barrio
México,"Villa Victoria",50986,"Mesa de Suchitimber",Barrio
México,"Villa Victoria",50986,"Mesa del Espinal",Barrio
México,"Villa Victoria",50986,"Ojo de Agua",Barrio
México,"Villa Victoria",50986,Vaquerias,Barrio
México,"Villa Victoria",50986,"Villa Victoria",Ejido
México,"Villa Victoria",50987,"Campo Nuevo",Barrio
México,"Villa Victoria",50987,"El Atole",Barrio
México,"Villa Victoria",50987,"Las Milpas",Barrio
México,"Villa Victoria",50987,"Loma del Burro",Barrio
México,"Villa Victoria",50987,"Loma Larga",Barrio
México,"Villa Victoria",50987,"Los Aviones",Barrio
México,"Villa Victoria",50990,"Barrio de San Isidro",Barrio
México,"Villa Victoria",50993,"Barrio Centro del Cerrillo",Barrio
México,"Villa Victoria",50993,"Mina Vieja",Pueblo
México,"Villa Victoria",50994,"Barrio de San Miguel",Barrio
México,"Villa Victoria",50994,"La Campanilla",Pueblo
México,"Villa Victoria",50994,"San Marcos de la Loma",Pueblo
México,"Villa Victoria",50994,"Sitio Centro",Pueblo
México,"Villa Victoria",50994,"Sitio Ejido",Pueblo
México,"Villa Victoria",50995,"Barrio del Cerrillo ( Dos Ríos)",Barrio
México,"Villa Victoria",50995,"Ex-Hacienda de Ayala",Pueblo
México,"Villa Victoria",50995,"Loma de Ayala",Pueblo
México,"Villa Victoria",50995,"San Roque",Pueblo
México,"Villa Victoria",50995,"Venta de Ocotillos",Pueblo
México,"Villa Victoria",50996,"Barrio de Puentecillas",Barrio
México,"Villa Victoria",50996,"Barrio de Rameje",Barrio
México,"Villa Victoria",50996,"Barrio El Centenario",Barrio
México,"Villa Victoria",50996,"La Cañada",Barrio
México,"Villa Victoria",50996,"Loma de Guadalupe",Pueblo
México,"Villa Victoria",50996,"San Antonio del Rincón",Pueblo
México,"Villa Victoria",50996,"San Diego del Cerrito 1a Secc",Pueblo
México,"Villa Victoria",50997,"Centro del Cerrillo",Pueblo
México,"Villa Victoria",50997,"Cuadrilla Vieja",Pueblo
México,"Villa Victoria",50997,"La Alameda",Pueblo
México,"Villa Victoria",50997,"Loma de Lienzo",Pueblo
México,"Villa Victoria",50997,"Los Cedros",Pueblo
México,Xalatlaco,52680,"San Agustín",Barrio
México,Xalatlaco,52680,"San Bartolo",Barrio
México,Xalatlaco,52680,"San Francisco",Barrio
México,Xalatlaco,52680,"San Juan",Barrio
México,Xalatlaco,52680,Techichili,Barrio
México,Xalatlaco,52680,Xalatlaco,Pueblo
México,Xalatlaco,52683,"Coxto (Coschto)",Ranchería
México,Xalatlaco,52683,"Mezapa la Fábrica",Colonia
México,Xalatlaco,52683,"San Bartolito",Colonia
México,Xalatlaco,52684,"Los Tejocotes",Pueblo
México,Xalatlaco,52684,Morelos,Pueblo
México,Xalatlaco,52685,"Santa Fe Mezapa",Pueblo
México,Xalatlaco,52686,"Cuixapa (Cuexapa)",Pueblo
México,Xalatlaco,52686,"El Águila (La Mesa)",Pueblo
México,Xalatlaco,52686,"El Yete",Ranchería
México,Xalatlaco,52688,"Cruz Larga",Pueblo
México,Xalatlaco,52688,"San Juan Tomasquillo Herradura",Pueblo
México,Xalatlaco,52689,"El Potrero",Pueblo
México,Xalatlaco,52689,"Escalerillas (Barrio San Francisco)",Ranchería
México,Xalatlaco,52690,"El Capulín",Pueblo
México,Xalatlaco,52693,"Jaras Verdes",Ranchería
México,Xalatlaco,52693,"Las Cocinas",Ranchería
México,Xonacatlán,52060,"Adolfo López Mateos",Colonia
México,Xonacatlán,52060,"San Francisco Xonacatlán de Vicencio",Colonia
México,Xonacatlán,52064,"Dolores (Ranchería Dlores)",Ranchería
México,Xonacatlán,52064,"Lomas de Xonacatlan",Colonia
México,Xonacatlán,52064,"San Antonio",Colonia
México,Xonacatlán,52065,"Emiliano Zapata",Colonia
México,Xonacatlán,52067,"El Espino Xonacatlán",Colonia
México,Xonacatlán,52067,"Francisco I. Madero",Colonia
México,Xonacatlán,52067,"La Jardona",Colonia
México,Xonacatlán,52067,"La Manga",Barrio
México,Xonacatlán,52070,"Cinco de Mayo",Colonia
México,Xonacatlán,52070,"Santa María Zolotepec",Pueblo
México,Xonacatlán,52073,"La Herradura  ( La Soledad )",Barrio
México,Xonacatlán,52073,"Lomas de Zolotepec ( La Loma )",Barrio
México,Xonacatlán,52073,"Los Laureles",Barrio
México,Xonacatlán,52074,"La Cuesta",Barrio
México,Xonacatlán,52074,Mesones,Barrio
México,Xonacatlán,52074,"San Juan",Barrio
México,Xonacatlán,52074,"San Miguel Mimiapan",Pueblo
México,Xonacatlán,52075,"La Cañada",Barrio
México,Xonacatlán,52076,"Celso Vicencio",Colonia
México,Xonacatlán,52076,"El Rancho",Barrio
México,Xonacatlán,52076,"Paraje el Candelero",Colonia
México,Xonacatlán,52076,"Paraje Ppileros",Colonia
México,Xonacatlán,52076,"Santiago Tejocotillos",Pueblo
México,Xonacatlán,52077,"San Juan el Potrero (El Potrero)",Colonia
México,Xonacatlán,52077,"Santa Cruz",Barrio
México,Zacazonapan,51160,"Juan Villafaña",Colonia
México,Zacazonapan,51160,Zacazonapan,Pueblo
México,Zacazonapan,51163,"Santa María Zacazonapan",Pueblo
México,Zacazonapan,51164,"El Potrero",Pueblo
México,Zacazonapan,51170,"El Arrastradero",Ranchería
México,Zacazonapan,51173,"El Puerto",Ranchería
México,Zacazonapan,51173,"La Cañada",Pueblo
México,Zacualpan,51800,"San José",Barrio
México,Zacualpan,51800,Santiago,Pueblo
México,Zacualpan,51800,Tlapexco,Ranchería
México,Zacualpan,51800,Zacualpan,Pueblo
México,Zacualpan,51810,Huizoltepec,Pueblo
México,Zacualpan,51813,Ayotuxco,Pueblo
México,Zacualpan,51814,Coloxtitlán,Pueblo
México,Zacualpan,51814,"San Juan",Ranchería
México,Zacualpan,51814,Tezicapan,Pueblo
México,Zacualpan,51815,"El Sitio",Pueblo
México,Zacualpan,51815,"Gama de la Paz",Pueblo
México,Zacualpan,51815,"San Jerónimo",Ranchería
México,Zacualpan,51815,Zotzocola,Pueblo
México,Zacualpan,51816,"El Durazno",Ranchería
México,Zacualpan,51816,"El Fresno",Pueblo
México,Zacualpan,51816,"El Salto",Pueblo
México,Zacualpan,51817,"El Colorín",Ranchería
México,Zacualpan,51817,"Río Florido 1ra. Sección",Ranchería
México,Zacualpan,51817,"Río Florido 2da. Sección",Pueblo
México,Zacualpan,51817,"Tres Cruces",Ranchería
México,Zacualpan,51820,"Piedra Parada",Pueblo
México,Zacualpan,51820,"Tepextitla 2da. Sección",Pueblo
México,Zacualpan,51825,"Agua Dulce",Ranchería
México,Zacualpan,51825,"El Despoblado",Pueblo
México,Zacualpan,51825,"Los Ejidos",Ranchería
México,Zacualpan,51826,Apetlahuacan,Pueblo
México,Zacualpan,51826,"La Luz",Pueblo
México,Zacualpan,51826,"Las Huertas",Pueblo
México,Zacualpan,51827,"El Cortijo",Pueblo
México,Zacualpan,51827,"Los Planes",Pueblo
México,Zacualpan,51827,"Tepextitla 1ra. Sección",Ranchería
México,Zacualpan,51827,Zacualpilla,Pueblo
México,Zacualpan,51850,"3 Cruces",Pueblo
México,Zacualpan,51850,"El Coyol",Ranchería
México,Zacualpan,51850,Hueytecoxco,Ranchería
México,Zacualpan,51850,"Los Barriales",Ranchería
México,Zacualpan,51850,Mamatla,Pueblo
México,Zacualpan,51854,"Cruz del Quiote",Ranchería
México,Zacualpan,51854,"La Mora",Ranchería
México,Zacualpan,51854,Memetla,Barrio
México,Zacualpan,51854,Velixtla,Ranchería
México,Zacualpan,51855,"El Verdecillo",Ranchería
México,Zacualpan,51855,"La Trinidad",Ranchería
México,Zacualpan,51855,Teocalcingo,Pueblo
México,Zacualpan,51855,Yolotepec,Ranchería
México,Zacualpan,51856,Coronas,Ranchería
México,Zacualpan,51856,Ixtayotla,Pueblo
México,Zacualpan,51857,Calatepec,Ranchería
México,Zacualpan,51857,Huaxtitla,Ranchería
México,Zacualpan,51857,"La Cofradia",Ranchería
México,Zacualpan,51857,"San Antonio Amealco",Pueblo
México,Zinacantepec,51350,"San Miguel Zinacantepec",Pueblo
México,Zinacantepec,51354,"29 de Octubre",Fraccionamiento
México,Zinacantepec,51354,"Cerro del Murciélago",Barrio
México,Zinacantepec,51354,"De San Miguel",Barrio
México,Zinacantepec,51354,"Del Calvario",Barrio
México,Zinacantepec,51354,"La Aurora I",Fraccionamiento
México,Zinacantepec,51354,"La Aurora II",Fraccionamiento
México,Zinacantepec,51354,"La Esperanza",Fraccionamiento
México,Zinacantepec,51354,"La Joya",Colonia
México,Zinacantepec,51354,"Las Ánimas",Colonia
México,Zinacantepec,51354,"Los Maestros",Fraccionamiento
México,Zinacantepec,51354,"Nevado Plus I",Fraccionamiento
México,Zinacantepec,51354,"Nevado Plus II",Fraccionamiento
México,Zinacantepec,51354,"Residencial Zinacantepec",Fraccionamiento
México,Zinacantepec,51354,"San Miguel",Barrio
México,Zinacantepec,51354,"Vista Nevado 1",Fraccionamiento
México,Zinacantepec,51355,"Bosques Residencial",Fraccionamiento
México,Zinacantepec,51355,"Casa Grande",Fraccionamiento
México,Zinacantepec,51355,"El Porvenir",Fraccionamiento
México,Zinacantepec,51355,"Emiliano Zapata",Colonia
México,Zinacantepec,51355,"La Cruz",Colonia
México,Zinacantepec,51355,"La Joya",Colonia
México,Zinacantepec,51355,"La Loma",Fraccionamiento
México,Zinacantepec,51355,"La Victoria",Residencial
México,Zinacantepec,51355,"La Virgen",Colonia
México,Zinacantepec,51355,"Las Culturas",Colonia
México,Zinacantepec,51355,"Nueva Serratón",Colonia
México,Zinacantepec,51355,Ojuelos,Fraccionamiento
México,Zinacantepec,51355,"Privadas de la Hacienda",Fraccionamiento
México,Zinacantepec,51355,"Rancho San Nicolás",Fraccionamiento
México,Zinacantepec,51355,"Rinconada de Tecaxic",Colonia
México,Zinacantepec,51355,"San Jorge",Exhacienda
México,Zinacantepec,51355,"San Lorenzo Cuautenco",Pueblo
México,Zinacantepec,51355,"San Luis Mextepec",Pueblo
México,Zinacantepec,51355,"Vista Hermosa",Colonia
México,Zinacantepec,51355,Zamarrero,Fraccionamiento
México,Zinacantepec,51355,Zimbron,Colonia
México,Zinacantepec,51355,Zimbrones,Barrio
México,Zinacantepec,51356,"De la Veracruz",Barrio
México,Zinacantepec,51356,Deportiva,Colonia
México,Zinacantepec,51356,"Irma Patricia Galindo de Rez",Colonia
México,Zinacantepec,51356,Lindavista,Colonia
México,Zinacantepec,51356,"San Gregorio",Residencial
México,Zinacantepec,51357,"El Potrero Barbosa",Colonia
México,Zinacantepec,51357,"El Testerazo",Colonia
México,Zinacantepec,51357,"Hacienda San José Barbabosa",Fraccionamiento
México,Zinacantepec,51357,"Paraje la Puerta de Barbabosa",Fraccionamiento
México,Zinacantepec,51357,"Ricardo Flores Magón",Colonia
México,Zinacantepec,51357,"San Matías Transfiguración",Colonia
México,Zinacantepec,51357,"Villas de Guadalupe",Fraccionamiento
México,Zinacantepec,51357,"Vista Nevado Plus",Fraccionamiento
México,Zinacantepec,51360,"Santa María del Monte",Pueblo
México,Zinacantepec,51364,"El Coporo",Barrio
México,Zinacantepec,51364,"El Curtidor",Barrio
México,Zinacantepec,51364,"La Lima",Barrio
México,Zinacantepec,51364,"San Miguel Hojas Anchas",Barrio
México,Zinacantepec,51366,"San Bartolo el Llano (San Isidro)",Barrio
México,Zinacantepec,51366,"San Bartolo el Viejo",Barrio
México,Zinacantepec,51367,"De México",Barrio
México,Zinacantepec,51367,"Loma de San Francisco",Pueblo
México,Zinacantepec,51367,"San Cristóbal Tecolit",Pueblo
México,Zinacantepec,51370,"Dos de Marzo",Colonia
México,Zinacantepec,51370,Morelos,Colonia
México,Zinacantepec,51370,"San Juan de las Huertas",Pueblo
México,Zinacantepec,51370,"Santa Cruz Cuauhtenco",Pueblo
México,Zinacantepec,51373,"Recibitas (El Remolino)",Barrio
México,Zinacantepec,51374,"Ojo de Agua",Pueblo
México,Zinacantepec,51375,"Benito Juárez",Pueblo
México,Zinacantepec,51375,Tejalpa,Pueblo
México,Zinacantepec,51380,"San Antonio Acahualco",Pueblo
México,Zinacantepec,51383,Cuauhtémoc,Colonia
México,Zinacantepec,51383,Progreso,Pueblo
México,Zinacantepec,51383,"San Pedro Tejalpa",Pueblo
México,Zinacantepec,51384,"El Contadero de Matamoros (San José)",Pueblo
México,Zinacantepec,51385,"Ciendabajo (Hacienda de Abajo)",Barrio
México,Zinacantepec,51386,"La Cañada (Cañada Grande)",Colonia
México,Zinacantepec,51386,"La Herradura",Colonia
México,Zinacantepec,51390,Buenavista,Pueblo
México,Zinacantepec,51390,"La Puerta del Monte",Pueblo
México,Zinacantepec,51393,"La Peñuela",Pueblo
México,Zinacantepec,51393,"Loma Alta",Pueblo
México,Zinacantepec,51393,Raíces,Pueblo
México,Zumpahuacán,51980,"La Ascención",Barrio
México,Zumpahuacán,51980,"La Cabecera",Barrio
México,Zumpahuacán,51980,"San Agustín",Barrio
México,Zumpahuacán,51980,"San Juan",Pueblo
México,Zumpahuacán,51980,"San Mateo",Barrio
México,Zumpahuacán,51980,"San Miguel",Barrio
México,Zumpahuacán,51980,"San Miguel",Barrio
México,Zumpahuacán,51980,"San Pedro Guadalupe",Pueblo
México,Zumpahuacán,51980,"Santa Ana",Barrio
México,Zumpahuacán,51980,Zumpahuacan,Pueblo
México,Zumpahuacán,51984,"Guadalupe Ahuacatlán",Pueblo
México,Zumpahuacán,51984,"San Nicolás Palo Dulce",Ranchería
México,Zumpahuacán,51985,"Llano del Copal",Ranchería
México,Zumpahuacán,51985,Santiaguito,Ranchería
México,Zumpahuacán,51986,"San Miguel Atiopa",Ranchería
México,Zumpahuacán,51986,"San Pablo Tejalpa",Pueblo
México,Zumpahuacán,51986,"Santa Catarina",Pueblo
México,Zumpahuacán,51987,"San Antonio Guadalupe",Pueblo
México,Zumpahuacán,51987,"San José Tecontla",Ranchería
México,Zumpahuacán,51988,"Guadalupe Tlapizalco",Pueblo
México,Zumpahuacán,51989,"Santa Cruz los Pilares",Pueblo
México,Zumpahuacán,51990,"San Gaspar",Pueblo
México,Zumpahuacán,51994,"San Mateo Despoblado",Ranchería
México,Zumpahuacán,51994,"Santa María la Asunción",Pueblo
México,Zumpahuacán,51995,"Chiapa San Isidro",Ranchería
México,Zumpahuacán,51995,"Guadalupe Chiltamalco",Ranchería
México,Zumpahuacán,51995,"San Pedro Guadalupe (Despoblado)",Ranchería
México,Zumpahuacán,51995,"Santa Ana Despoblado",Ranchería
México,Zumpahuacán,51995,"Santa Cruz Atempa",Pueblo
México,Zumpahuacán,51996,Ahuatzingo,Pueblo
México,Zumpahuacán,51997,"El Tamarindo",Ranchería
México,Zumpahuacán,51997,"El Zapote",Ranchería
México,Zumpahuacán,51997,"Guadalupe Victoria",Colonia
México,Zumpango,55600,"Ampliación San Juan",Colonia
México,Zumpango,55600,FOVISSTE,Fraccionamiento
México,Zumpango,55600,Independencia,Colonia
México,Zumpango,55600,"San Juan",Barrio
México,Zumpango,55600,"San Sebastián",Pueblo
México,Zumpango,55600,"Santiago 1a. Sección",Barrio
México,Zumpango,55600,"Villas 2000",Fraccionamiento
México,Zumpango,55603,"San Miguel",Barrio
México,Zumpango,55604,"Hombres Ilustres",Colonia
México,Zumpango,55604,"Portales de San Juan",Fraccionamiento
México,Zumpango,55604,"San Lorenzo",Barrio
México,Zumpango,55604,"Unidad Familiar C.T.C. de Jaltenco",Fraccionamiento
México,Zumpango,55605,"CTC Santa María","Unidad habitacional"
México,Zumpango,55605,"San Atonio de las Arenas",Colonia
México,Zumpango,55605,"Santa María el Llano",Colonia
México,Zumpango,55605,"Unidad Familiar C.T.C. de Zumpango",Fraccionamiento
México,Zumpango,55606,Aguirre,Fraccionamiento
México,Zumpango,55606,"Pueblo Nuevo de San Pedro",Colonia
México,Zumpango,55606,"San Marcos",Barrio
México,Zumpango,55607,"Paseos del Lago",Fraccionamiento
México,Zumpango,55607,"Paseos del Lago II",Fraccionamiento
México,Zumpango,55607,"Primero de Mayo",Colonia
México,Zumpango,55609,"San Pedro de la Laguna",Pueblo
México,Zumpango,55610,"El Rincón",Barrio
México,Zumpango,55610,"España (Cuevas)",Barrio
México,Zumpango,55610,"Santa María Cuevas",Pueblo
México,Zumpango,55613,"Loma Larga (Barrio de Loma Larga)",Barrio
México,Zumpango,55614,"El Nido",Fraccionamiento
México,Zumpango,55614,"La Trinidad",Fraccionamiento
México,Zumpango,55614,"Los Romeros",Colonia
México,Zumpango,55614,"Santa María",Fraccionamiento
México,Zumpango,55614,"Villas de la Laguna",Fraccionamiento
México,Zumpango,55615,"Del Bosque",Fraccionamiento
México,Zumpango,55615,Magisterial,Colonia
México,Zumpango,55615,"Santa Rosa",Fraccionamiento
México,Zumpango,55615,"Santiago 2a. Sección",Barrio
México,Zumpango,55616,"Villas de Zumpango",Fraccionamiento
México,Zumpango,55619,"San Miguel Bocanegra",Pueblo
México,Zumpango,55620,"San José La Loma",Colonia
México,Zumpango,55628,"San Lorenzo (Zitlaltepec)",Barrio
México,Zumpango,55628,"San Miguel (Zitlaltepec)",Barrio
México,Zumpango,55628,"San Pedro (Zitlaltepec)",Barrio
México,Zumpango,55628,"Santa María (Zitlaltepec)",Barrio
México,Zumpango,55628,"Santa María de Guadalupe",Colonia
México,Zumpango,55629,"Lázaro Cárdenas",Colonia
México,Zumpango,55630,"Conjunto Urbano Ex Hacienda de Guadalupe","Unidad habitacional"
México,Zumpango,55630,"La Esmeralda",Fraccionamiento
México,Zumpango,55630,"Los Alcanfores",Colonia
México,Zumpango,55630,Olmos,Fraccionamiento
México,Zumpango,55630,"San Bartolo Cuautlalpan",Pueblo
México,Zumpango,55630,"San Juan de Guadalupe",Colonia
México,Zumpango,55630,"Santa Fe",Fraccionamiento
México,Zumpango,55634,"Paseos de San Juan",Fraccionamiento
México,Zumpango,55634,"Santa Lucia",Colonia
México,Zumpango,55635,"Arbolada los Sauces",Fraccionamiento
México,Zumpango,55635,Buenavista,Ranchería
México,Zumpango,55635,"Hacienda los Encinos",Fraccionamiento
México,Zumpango,55635,"Las Plazas",Fraccionamiento
México,Zumpango,55635,"Los Hornos",Colonia
México,Zumpango,55635,"Santa Isabel",Fraccionamiento
México,Zumpango,55636,"Los Rivero",Colonia
México,Zumpango,55636,"Pueblo Nuevo de Morelos",Colonia
México,Zumpango,55637,"Santa Cecilia",Fraccionamiento
México,Zumpango,55640,"Santa Lucia Base Aérea Militar","Zona federal"
México,Zumpango,55643,"San Miguel (Camino a Bata)",Barrio
México,Zumpango,55643,"San Miguel (Camino a Valle Hermoso)",Barrio
México,Zumpango,55644,"Ampliación Jardines de San Bartolo",Colonia
México,Zumpango,55644,"El Solar",Colonia
México,Zumpango,55644,Letigio,Colonia
México,Zumpango,55644,Miltenco,Barrio
México,Zumpango,55645,"Los Pirineos",Colonia
México,Zumpango,55646,"San Andrés del Llano (Ejido de San Marcos)",Ejido
